Copyright 1986-2020 Xilinx, Inc. All Rights Reserved.
-----------------------------------------------------------------------------------------------------------------------------------------------------------------------------------------------------
| Tool Version : Vivado v.2020.1 (win64) Build 2902540 Wed May 27 19:54:49 MDT 2020
| Date         : Tue Nov 26 11:29:48 2024
| Host         : LAPTOP-RDA9S5SE running 64-bit major release  (build 9200)
| Command      : report_timing_summary -max_paths 10 -file top_module_timing_summary_routed.rpt -pb top_module_timing_summary_routed.pb -rpx top_module_timing_summary_routed.rpx -warn_on_violation
| Design       : top_module
| Device       : 7z010-clg400
| Speed File   : -1  PRODUCTION 1.12 2019-11-22
-----------------------------------------------------------------------------------------------------------------------------------------------------------------------------------------------------

Timing Summary Report

------------------------------------------------------------------------------------------------
| Timer Settings
| --------------
------------------------------------------------------------------------------------------------

  Enable Multi Corner Analysis               :  Yes
  Enable Pessimism Removal                   :  Yes
  Pessimism Removal Resolution               :  Nearest Common Node
  Enable Input Delay Default Clock           :  No
  Enable Preset / Clear Arcs                 :  No
  Disable Flight Delays                      :  No
  Ignore I/O Paths                           :  No
  Timing Early Launch at Borrowing Latches   :  No
  Borrow Time for Max Delay Exceptions       :  Yes
  Merge Timing Exceptions                    :  Yes

  Corner  Analyze    Analyze    
  Name    Max Paths  Min Paths  
  ------  ---------  ---------  
  Slow    Yes        Yes        
  Fast    Yes        Yes        



check_timing report

Table of Contents
-----------------
1. checking no_clock (0)
2. checking constant_clock (0)
3. checking pulse_width_clock (0)
4. checking unconstrained_internal_endpoints (0)
5. checking no_input_delay (2)
6. checking no_output_delay (1)
7. checking multiple_clock (0)
8. checking generated_clocks (0)
9. checking loops (0)
10. checking partial_input_delay (0)
11. checking partial_output_delay (0)
12. checking latch_loops (0)

1. checking no_clock (0)
------------------------
 There are 0 register/latch pins with no clock.


2. checking constant_clock (0)
------------------------------
 There are 0 register/latch pins with constant_clock.


3. checking pulse_width_clock (0)
---------------------------------
 There are 0 register/latch pins which need pulse_width check


4. checking unconstrained_internal_endpoints (0)
------------------------------------------------
 There are 0 pins that are not constrained for maximum delay.

 There are 0 pins that are not constrained for maximum delay due to constant clock.


5. checking no_input_delay (2)
------------------------------
 There are 2 input ports with no input delay specified. (HIGH)

 There are 0 input ports with no input delay but user has a false path constraint.


6. checking no_output_delay (1)
-------------------------------
 There is 1 port with no output delay specified. (HIGH)

 There are 0 ports with no output delay but user has a false path constraint

 There are 0 ports with no output delay but with a timing clock defined on it or propagating through it


7. checking multiple_clock (0)
------------------------------
 There are 0 register/latch pins with multiple clocks.


8. checking generated_clocks (0)
--------------------------------
 There are 0 generated clocks that are not connected to a clock source.


9. checking loops (0)
---------------------
 There are 0 combinational loops in the design.


10. checking partial_input_delay (0)
------------------------------------
 There are 0 input ports with partial input delay specified.


11. checking partial_output_delay (0)
-------------------------------------
 There are 0 ports with partial output delay specified.


12. checking latch_loops (0)
----------------------------
 There are 0 combinational latch loops in the design through latch input



------------------------------------------------------------------------------------------------
| Design Timing Summary
| ---------------------
------------------------------------------------------------------------------------------------

    WNS(ns)      TNS(ns)  TNS Failing Endpoints  TNS Total Endpoints      WHS(ns)      THS(ns)  THS Failing Endpoints  THS Total Endpoints     WPWS(ns)     TPWS(ns)  TPWS Failing Endpoints  TPWS Total Endpoints  
    -------      -------  ---------------------  -------------------      -------      -------  ---------------------  -------------------     --------     --------  ----------------------  --------------------  
     15.125        0.000                      0                  277        0.038        0.000                      0                  277        9.500        0.000                       0                   138  


All user specified timing constraints are met.


------------------------------------------------------------------------------------------------
| Clock Summary
| -------------
------------------------------------------------------------------------------------------------

Clock  Waveform(ns)       Period(ns)      Frequency(MHz)
-----  ------------       ----------      --------------
clk    {0.000 10.000}     20.000          50.000          


------------------------------------------------------------------------------------------------
| Intra Clock Table
| -----------------
------------------------------------------------------------------------------------------------

Clock             WNS(ns)      TNS(ns)  TNS Failing Endpoints  TNS Total Endpoints      WHS(ns)      THS(ns)  THS Failing Endpoints  THS Total Endpoints     WPWS(ns)     TPWS(ns)  TPWS Failing Endpoints  TPWS Total Endpoints  
-----             -------      -------  ---------------------  -------------------      -------      -------  ---------------------  -------------------     --------     --------  ----------------------  --------------------  
clk                15.125        0.000                      0                  277        0.038        0.000                      0                  277        9.500        0.000                       0                   138  


------------------------------------------------------------------------------------------------
| Inter Clock Table
| -----------------
------------------------------------------------------------------------------------------------

From Clock    To Clock          WNS(ns)      TNS(ns)  TNS Failing Endpoints  TNS Total Endpoints      WHS(ns)      THS(ns)  THS Failing Endpoints  THS Total Endpoints  
----------    --------          -------      -------  ---------------------  -------------------      -------      -------  ---------------------  -------------------  


------------------------------------------------------------------------------------------------
| Other Path Groups Table
| -----------------------
------------------------------------------------------------------------------------------------

Path Group    From Clock    To Clock          WNS(ns)      TNS(ns)  TNS Failing Endpoints  TNS Total Endpoints      WHS(ns)      THS(ns)  THS Failing Endpoints  THS Total Endpoints  
----------    ----------    --------          -------      -------  ---------------------  -------------------      -------      -------  ---------------------  -------------------  


------------------------------------------------------------------------------------------------
| Timing Details
| --------------
------------------------------------------------------------------------------------------------


---------------------------------------------------------------------------------------------------
From Clock:  clk
  To Clock:  clk

Setup :            0  Failing Endpoints,  Worst Slack       15.125ns,  Total Violation        0.000ns
Hold  :            0  Failing Endpoints,  Worst Slack        0.038ns,  Total Violation        0.000ns
PW    :            0  Failing Endpoints,  Worst Slack        9.500ns,  Total Violation        0.000ns
---------------------------------------------------------------------------------------------------


Max Delay Paths
--------------------------------------------------------------------------------------
Slack (MET) :             15.125ns  (required time - arrival time)
  Source:                 u_uart_top/u_uart_tx/FSM_sequential_CS_reg[2]/C
                            (rising edge-triggered cell FDCE clocked by clk  {rise@0.000ns fall@10.000ns period=20.000ns})
  Destination:            u_uart_top/u_convert_fifo/U0/inst_fifo_gen/gconvfifo.rf/grf.rf/gntv_or_sync_fifo.gl0.wr/gwss.wsts/ram_full_i_reg/D
                            (rising edge-triggered cell FDRE clocked by clk  {rise@0.000ns fall@10.000ns period=20.000ns})
  Path Group:             clk
  Path Type:              Setup (Max at Slow Process Corner)
  Requirement:            20.000ns  (clk rise@20.000ns - clk rise@0.000ns)
  Data Path Delay:        4.745ns  (logic 1.087ns (22.910%)  route 3.658ns (77.090%))
  Logic Levels:           4  (LUT4=1 LUT5=2 LUT6=1)
  Clock Path Skew:        -0.028ns (DCD - SCD + CPR)
    Destination Clock Delay (DCD):    4.924ns = ( 24.924 - 20.000 ) 
    Source Clock Delay      (SCD):    5.379ns
    Clock Pessimism Removal (CPR):    0.427ns
  Clock Uncertainty:      0.035ns  ((TSJ^2 + TIJ^2)^1/2 + DJ) / 2 + PE
    Total System Jitter     (TSJ):    0.071ns
    Total Input Jitter      (TIJ):    0.000ns
    Discrete Jitter          (DJ):    0.000ns
    Phase Error              (PE):    0.000ns

    Location             Delay type                Incr(ns)  Path(ns)    Netlist Resource(s)
  -------------------------------------------------------------------    -------------------
                         (clock clk rise edge)        0.000     0.000 r  
    U18                                               0.000     0.000 r  clk (IN)
                         net (fo=0)                   0.000     0.000    clk
    U18                  IBUF (Prop_ibuf_I_O)         1.530     1.530 r  clk_IBUF_inst/O
                         net (fo=1, routed)           2.076     3.606    clk_IBUF
    BUFGCTRL_X0Y0        BUFG (Prop_bufg_I_O)         0.101     3.707 r  clk_IBUF_BUFG_inst/O
                         net (fo=137, routed)         1.672     5.379    u_uart_top/u_uart_tx/CLK
    SLICE_X29Y39         FDCE                                         r  u_uart_top/u_uart_tx/FSM_sequential_CS_reg[2]/C
  -------------------------------------------------------------------    -------------------
    SLICE_X29Y39         FDCE (Prop_fdce_C_Q)         0.419     5.798 r  u_uart_top/u_uart_tx/FSM_sequential_CS_reg[2]/Q
                         net (fo=25, routed)          1.039     6.837    u_uart_top/u_uart_tx/CS[2]
    SLICE_X29Y37         LUT5 (Prop_lut5_I1_O)        0.296     7.133 f  u_uart_top/u_uart_tx/u_convert_fifo_i_2/O
                         net (fo=5, routed)           0.980     8.113    u_uart_top/u_convert_fifo/U0/inst_fifo_gen/gconvfifo.rf/grf.rf/gntv_or_sync_fifo.gl0.rd/rpntr/rd_en
    SLICE_X27Y35         LUT5 (Prop_lut5_I1_O)        0.124     8.237 r  u_uart_top/u_convert_fifo/U0/inst_fifo_gen/gconvfifo.rf/grf.rf/gntv_or_sync_fifo.gl0.rd/rpntr/ram_full_fb_i_i_3/O
                         net (fo=1, routed)           0.295     8.532    u_uart_top/u_convert_fifo/U0/inst_fifo_gen/gconvfifo.rf/grf.rf/gntv_or_sync_fifo.gl0.wr/wpntr/ram_full_i_reg
    SLICE_X29Y35         LUT6 (Prop_lut6_I0_O)        0.124     8.656 r  u_uart_top/u_convert_fifo/U0/inst_fifo_gen/gconvfifo.rf/grf.rf/gntv_or_sync_fifo.gl0.wr/wpntr/ram_full_fb_i_i_2/O
                         net (fo=1, routed)           0.808     9.464    u_uart_top/u_convert_fifo/U0/inst_fifo_gen/gconvfifo.rf/grf.rf/gntv_or_sync_fifo.gl0.wr/gwss.wsts/ram_full_i_reg_1
    SLICE_X29Y35         LUT4 (Prop_lut4_I3_O)        0.124     9.588 r  u_uart_top/u_convert_fifo/U0/inst_fifo_gen/gconvfifo.rf/grf.rf/gntv_or_sync_fifo.gl0.wr/gwss.wsts/ram_full_fb_i_i_1/O
                         net (fo=2, routed)           0.535    10.124    u_uart_top/u_convert_fifo/U0/inst_fifo_gen/gconvfifo.rf/grf.rf/gntv_or_sync_fifo.gl0.wr/gwss.wsts/ram_full_fb_i_i_1_n_0
    SLICE_X31Y36         FDRE                                         r  u_uart_top/u_convert_fifo/U0/inst_fifo_gen/gconvfifo.rf/grf.rf/gntv_or_sync_fifo.gl0.wr/gwss.wsts/ram_full_i_reg/D
  -------------------------------------------------------------------    -------------------

                         (clock clk rise edge)       20.000    20.000 r  
    U18                                               0.000    20.000 r  clk (IN)
                         net (fo=0)                   0.000    20.000    clk
    U18                  IBUF (Prop_ibuf_I_O)         1.459    21.459 r  clk_IBUF_inst/O
                         net (fo=1, routed)           1.880    23.339    clk_IBUF
    BUFGCTRL_X0Y0        BUFG (Prop_bufg_I_O)         0.091    23.430 r  clk_IBUF_BUFG_inst/O
                         net (fo=137, routed)         1.494    24.924    u_uart_top/u_convert_fifo/U0/inst_fifo_gen/gconvfifo.rf/grf.rf/gntv_or_sync_fifo.gl0.wr/gwss.wsts/clk
    SLICE_X31Y36         FDRE                                         r  u_uart_top/u_convert_fifo/U0/inst_fifo_gen/gconvfifo.rf/grf.rf/gntv_or_sync_fifo.gl0.wr/gwss.wsts/ram_full_i_reg/C
                         clock pessimism              0.427    25.351    
                         clock uncertainty           -0.035    25.316    
    SLICE_X31Y36         FDRE (Setup_fdre_C_D)       -0.067    25.249    u_uart_top/u_convert_fifo/U0/inst_fifo_gen/gconvfifo.rf/grf.rf/gntv_or_sync_fifo.gl0.wr/gwss.wsts/ram_full_i_reg
  -------------------------------------------------------------------
                         required time                         25.249    
                         arrival time                         -10.124    
  -------------------------------------------------------------------
                         slack                                 15.125    

Slack (MET) :             15.173ns  (required time - arrival time)
  Source:                 u_uart_top/u_uart_tx/FSM_sequential_CS_reg[2]/C
                            (rising edge-triggered cell FDCE clocked by clk  {rise@0.000ns fall@10.000ns period=20.000ns})
  Destination:            u_uart_top/u_convert_fifo/U0/inst_fifo_gen/gconvfifo.rf/grf.rf/gntv_or_sync_fifo.gl0.wr/gwss.wsts/ram_full_fb_i_reg/D
                            (rising edge-triggered cell FDRE clocked by clk  {rise@0.000ns fall@10.000ns period=20.000ns})
  Path Group:             clk
  Path Type:              Setup (Max at Slow Process Corner)
  Requirement:            20.000ns  (clk rise@20.000ns - clk rise@0.000ns)
  Data Path Delay:        4.732ns  (logic 1.087ns (22.969%)  route 3.645ns (77.031%))
  Logic Levels:           4  (LUT4=1 LUT5=2 LUT6=1)
  Clock Path Skew:        -0.028ns (DCD - SCD + CPR)
    Destination Clock Delay (DCD):    4.924ns = ( 24.924 - 20.000 ) 
    Source Clock Delay      (SCD):    5.379ns
    Clock Pessimism Removal (CPR):    0.427ns
  Clock Uncertainty:      0.035ns  ((TSJ^2 + TIJ^2)^1/2 + DJ) / 2 + PE
    Total System Jitter     (TSJ):    0.071ns
    Total Input Jitter      (TIJ):    0.000ns
    Discrete Jitter          (DJ):    0.000ns
    Phase Error              (PE):    0.000ns

    Location             Delay type                Incr(ns)  Path(ns)    Netlist Resource(s)
  -------------------------------------------------------------------    -------------------
                         (clock clk rise edge)        0.000     0.000 r  
    U18                                               0.000     0.000 r  clk (IN)
                         net (fo=0)                   0.000     0.000    clk
    U18                  IBUF (Prop_ibuf_I_O)         1.530     1.530 r  clk_IBUF_inst/O
                         net (fo=1, routed)           2.076     3.606    clk_IBUF
    BUFGCTRL_X0Y0        BUFG (Prop_bufg_I_O)         0.101     3.707 r  clk_IBUF_BUFG_inst/O
                         net (fo=137, routed)         1.672     5.379    u_uart_top/u_uart_tx/CLK
    SLICE_X29Y39         FDCE                                         r  u_uart_top/u_uart_tx/FSM_sequential_CS_reg[2]/C
  -------------------------------------------------------------------    -------------------
    SLICE_X29Y39         FDCE (Prop_fdce_C_Q)         0.419     5.798 r  u_uart_top/u_uart_tx/FSM_sequential_CS_reg[2]/Q
                         net (fo=25, routed)          1.039     6.837    u_uart_top/u_uart_tx/CS[2]
    SLICE_X29Y37         LUT5 (Prop_lut5_I1_O)        0.296     7.133 f  u_uart_top/u_uart_tx/u_convert_fifo_i_2/O
                         net (fo=5, routed)           0.980     8.113    u_uart_top/u_convert_fifo/U0/inst_fifo_gen/gconvfifo.rf/grf.rf/gntv_or_sync_fifo.gl0.rd/rpntr/rd_en
    SLICE_X27Y35         LUT5 (Prop_lut5_I1_O)        0.124     8.237 r  u_uart_top/u_convert_fifo/U0/inst_fifo_gen/gconvfifo.rf/grf.rf/gntv_or_sync_fifo.gl0.rd/rpntr/ram_full_fb_i_i_3/O
                         net (fo=1, routed)           0.295     8.532    u_uart_top/u_convert_fifo/U0/inst_fifo_gen/gconvfifo.rf/grf.rf/gntv_or_sync_fifo.gl0.wr/wpntr/ram_full_i_reg
    SLICE_X29Y35         LUT6 (Prop_lut6_I0_O)        0.124     8.656 r  u_uart_top/u_convert_fifo/U0/inst_fifo_gen/gconvfifo.rf/grf.rf/gntv_or_sync_fifo.gl0.wr/wpntr/ram_full_fb_i_i_2/O
                         net (fo=1, routed)           0.808     9.464    u_uart_top/u_convert_fifo/U0/inst_fifo_gen/gconvfifo.rf/grf.rf/gntv_or_sync_fifo.gl0.wr/gwss.wsts/ram_full_i_reg_1
    SLICE_X29Y35         LUT4 (Prop_lut4_I3_O)        0.124     9.588 r  u_uart_top/u_convert_fifo/U0/inst_fifo_gen/gconvfifo.rf/grf.rf/gntv_or_sync_fifo.gl0.wr/gwss.wsts/ram_full_fb_i_i_1/O
                         net (fo=2, routed)           0.523    10.112    u_uart_top/u_convert_fifo/U0/inst_fifo_gen/gconvfifo.rf/grf.rf/gntv_or_sync_fifo.gl0.wr/gwss.wsts/ram_full_fb_i_i_1_n_0
    SLICE_X30Y35         FDRE                                         r  u_uart_top/u_convert_fifo/U0/inst_fifo_gen/gconvfifo.rf/grf.rf/gntv_or_sync_fifo.gl0.wr/gwss.wsts/ram_full_fb_i_reg/D
  -------------------------------------------------------------------    -------------------

                         (clock clk rise edge)       20.000    20.000 r  
    U18                                               0.000    20.000 r  clk (IN)
                         net (fo=0)                   0.000    20.000    clk
    U18                  IBUF (Prop_ibuf_I_O)         1.459    21.459 r  clk_IBUF_inst/O
                         net (fo=1, routed)           1.880    23.339    clk_IBUF
    BUFGCTRL_X0Y0        BUFG (Prop_bufg_I_O)         0.091    23.430 r  clk_IBUF_BUFG_inst/O
                         net (fo=137, routed)         1.494    24.924    u_uart_top/u_convert_fifo/U0/inst_fifo_gen/gconvfifo.rf/grf.rf/gntv_or_sync_fifo.gl0.wr/gwss.wsts/clk
    SLICE_X30Y35         FDRE                                         r  u_uart_top/u_convert_fifo/U0/inst_fifo_gen/gconvfifo.rf/grf.rf/gntv_or_sync_fifo.gl0.wr/gwss.wsts/ram_full_fb_i_reg/C
                         clock pessimism              0.427    25.351    
                         clock uncertainty           -0.035    25.316    
    SLICE_X30Y35         FDRE (Setup_fdre_C_D)       -0.031    25.285    u_uart_top/u_convert_fifo/U0/inst_fifo_gen/gconvfifo.rf/grf.rf/gntv_or_sync_fifo.gl0.wr/gwss.wsts/ram_full_fb_i_reg
  -------------------------------------------------------------------
                         required time                         25.285    
                         arrival time                         -10.112    
  -------------------------------------------------------------------
                         slack                                 15.173    

Slack (MET) :             15.476ns  (required time - arrival time)
  Source:                 u_uart_top/u_uart_tx/FSM_sequential_CS_reg[2]/C
                            (rising edge-triggered cell FDCE clocked by clk  {rise@0.000ns fall@10.000ns period=20.000ns})
  Destination:            u_uart_top/u_convert_fifo/U0/inst_fifo_gen/gconvfifo.rf/grf.rf/gntv_or_sync_fifo.gl0.rd/grss.rsts/ram_empty_i_reg/D
                            (rising edge-triggered cell FDRE clocked by clk  {rise@0.000ns fall@10.000ns period=20.000ns})
  Path Group:             clk
  Path Type:              Setup (Max at Slow Process Corner)
  Requirement:            20.000ns  (clk rise@20.000ns - clk rise@0.000ns)
  Data Path Delay:        4.325ns  (logic 1.087ns (25.133%)  route 3.238ns (74.867%))
  Logic Levels:           4  (LUT3=1 LUT5=1 LUT6=2)
  Clock Path Skew:        -0.061ns (DCD - SCD + CPR)
    Destination Clock Delay (DCD):    4.926ns = ( 24.926 - 20.000 ) 
    Source Clock Delay      (SCD):    5.379ns
    Clock Pessimism Removal (CPR):    0.392ns
  Clock Uncertainty:      0.035ns  ((TSJ^2 + TIJ^2)^1/2 + DJ) / 2 + PE
    Total System Jitter     (TSJ):    0.071ns
    Total Input Jitter      (TIJ):    0.000ns
    Discrete Jitter          (DJ):    0.000ns
    Phase Error              (PE):    0.000ns

    Location             Delay type                Incr(ns)  Path(ns)    Netlist Resource(s)
  -------------------------------------------------------------------    -------------------
                         (clock clk rise edge)        0.000     0.000 r  
    U18                                               0.000     0.000 r  clk (IN)
                         net (fo=0)                   0.000     0.000    clk
    U18                  IBUF (Prop_ibuf_I_O)         1.530     1.530 r  clk_IBUF_inst/O
                         net (fo=1, routed)           2.076     3.606    clk_IBUF
    BUFGCTRL_X0Y0        BUFG (Prop_bufg_I_O)         0.101     3.707 r  clk_IBUF_BUFG_inst/O
                         net (fo=137, routed)         1.672     5.379    u_uart_top/u_uart_tx/CLK
    SLICE_X29Y39         FDCE                                         r  u_uart_top/u_uart_tx/FSM_sequential_CS_reg[2]/C
  -------------------------------------------------------------------    -------------------
    SLICE_X29Y39         FDCE (Prop_fdce_C_Q)         0.419     5.798 f  u_uart_top/u_uart_tx/FSM_sequential_CS_reg[2]/Q
                         net (fo=25, routed)          1.039     6.837    u_uart_top/u_uart_tx/CS[2]
    SLICE_X29Y37         LUT5 (Prop_lut5_I1_O)        0.296     7.133 r  u_uart_top/u_uart_tx/u_convert_fifo_i_2/O
                         net (fo=5, routed)           0.618     7.751    u_uart_top/u_convert_fifo/U0/inst_fifo_gen/gconvfifo.rf/grf.rf/gntv_or_sync_fifo.gl0.rd/rpntr/rd_en
    SLICE_X28Y35         LUT3 (Prop_lut3_I1_O)        0.124     7.875 r  u_uart_top/u_convert_fifo/U0/inst_fifo_gen/gconvfifo.rf/grf.rf/gntv_or_sync_fifo.gl0.rd/rpntr/ram_empty_fb_i_i_5/O
                         net (fo=1, routed)           0.670     8.546    u_uart_top/u_convert_fifo/U0/inst_fifo_gen/gconvfifo.rf/grf.rf/gntv_or_sync_fifo.gl0.rd/rpntr/ram_empty_fb_i_i_5_n_0
    SLICE_X28Y35         LUT6 (Prop_lut6_I2_O)        0.124     8.670 r  u_uart_top/u_convert_fifo/U0/inst_fifo_gen/gconvfifo.rf/grf.rf/gntv_or_sync_fifo.gl0.rd/rpntr/ram_empty_fb_i_i_2/O
                         net (fo=1, routed)           0.162     8.832    u_uart_top/u_convert_fifo/U0/inst_fifo_gen/gconvfifo.rf/grf.rf/gntv_or_sync_fifo.gl0.rd/rpntr/ram_empty_fb_i_i_2_n_0
    SLICE_X28Y35         LUT6 (Prop_lut6_I2_O)        0.124     8.956 r  u_uart_top/u_convert_fifo/U0/inst_fifo_gen/gconvfifo.rf/grf.rf/gntv_or_sync_fifo.gl0.rd/rpntr/ram_empty_fb_i_i_1/O
                         net (fo=2, routed)           0.748     9.704    u_uart_top/u_convert_fifo/U0/inst_fifo_gen/gconvfifo.rf/grf.rf/gntv_or_sync_fifo.gl0.rd/grss.rsts/ram_empty_fb_i_reg_0
    SLICE_X27Y38         FDRE                                         r  u_uart_top/u_convert_fifo/U0/inst_fifo_gen/gconvfifo.rf/grf.rf/gntv_or_sync_fifo.gl0.rd/grss.rsts/ram_empty_i_reg/D
  -------------------------------------------------------------------    -------------------

                         (clock clk rise edge)       20.000    20.000 r  
    U18                                               0.000    20.000 r  clk (IN)
                         net (fo=0)                   0.000    20.000    clk
    U18                  IBUF (Prop_ibuf_I_O)         1.459    21.459 r  clk_IBUF_inst/O
                         net (fo=1, routed)           1.880    23.339    clk_IBUF
    BUFGCTRL_X0Y0        BUFG (Prop_bufg_I_O)         0.091    23.430 r  clk_IBUF_BUFG_inst/O
                         net (fo=137, routed)         1.496    24.926    u_uart_top/u_convert_fifo/U0/inst_fifo_gen/gconvfifo.rf/grf.rf/gntv_or_sync_fifo.gl0.rd/grss.rsts/clk
    SLICE_X27Y38         FDRE                                         r  u_uart_top/u_convert_fifo/U0/inst_fifo_gen/gconvfifo.rf/grf.rf/gntv_or_sync_fifo.gl0.rd/grss.rsts/ram_empty_i_reg/C
                         clock pessimism              0.392    25.318    
                         clock uncertainty           -0.035    25.283    
    SLICE_X27Y38         FDRE (Setup_fdre_C_D)       -0.103    25.180    u_uart_top/u_convert_fifo/U0/inst_fifo_gen/gconvfifo.rf/grf.rf/gntv_or_sync_fifo.gl0.rd/grss.rsts/ram_empty_i_reg
  -------------------------------------------------------------------
                         required time                         25.180    
                         arrival time                          -9.704    
  -------------------------------------------------------------------
                         slack                                 15.476    

Slack (MET) :             15.814ns  (required time - arrival time)
  Source:                 u_uart_top/u_uart_tx/FSM_sequential_CS_reg[2]/C
                            (rising edge-triggered cell FDCE clocked by clk  {rise@0.000ns fall@10.000ns period=20.000ns})
  Destination:            u_uart_top/u_convert_fifo/U0/inst_fifo_gen/gconvfifo.rf/grf.rf/gntv_or_sync_fifo.gl0.rd/grss.rsts/ram_empty_fb_i_reg/D
                            (rising edge-triggered cell FDRE clocked by clk  {rise@0.000ns fall@10.000ns period=20.000ns})
  Path Group:             clk
  Path Type:              Setup (Max at Slow Process Corner)
  Requirement:            20.000ns  (clk rise@20.000ns - clk rise@0.000ns)
  Data Path Delay:        4.016ns  (logic 1.087ns (27.068%)  route 2.929ns (72.932%))
  Logic Levels:           4  (LUT3=1 LUT5=1 LUT6=2)
  Clock Path Skew:        -0.063ns (DCD - SCD + CPR)
    Destination Clock Delay (DCD):    4.924ns = ( 24.924 - 20.000 ) 
    Source Clock Delay      (SCD):    5.379ns
    Clock Pessimism Removal (CPR):    0.392ns
  Clock Uncertainty:      0.035ns  ((TSJ^2 + TIJ^2)^1/2 + DJ) / 2 + PE
    Total System Jitter     (TSJ):    0.071ns
    Total Input Jitter      (TIJ):    0.000ns
    Discrete Jitter          (DJ):    0.000ns
    Phase Error              (PE):    0.000ns

    Location             Delay type                Incr(ns)  Path(ns)    Netlist Resource(s)
  -------------------------------------------------------------------    -------------------
                         (clock clk rise edge)        0.000     0.000 r  
    U18                                               0.000     0.000 r  clk (IN)
                         net (fo=0)                   0.000     0.000    clk
    U18                  IBUF (Prop_ibuf_I_O)         1.530     1.530 r  clk_IBUF_inst/O
                         net (fo=1, routed)           2.076     3.606    clk_IBUF
    BUFGCTRL_X0Y0        BUFG (Prop_bufg_I_O)         0.101     3.707 r  clk_IBUF_BUFG_inst/O
                         net (fo=137, routed)         1.672     5.379    u_uart_top/u_uart_tx/CLK
    SLICE_X29Y39         FDCE                                         r  u_uart_top/u_uart_tx/FSM_sequential_CS_reg[2]/C
  -------------------------------------------------------------------    -------------------
    SLICE_X29Y39         FDCE (Prop_fdce_C_Q)         0.419     5.798 f  u_uart_top/u_uart_tx/FSM_sequential_CS_reg[2]/Q
                         net (fo=25, routed)          1.039     6.837    u_uart_top/u_uart_tx/CS[2]
    SLICE_X29Y37         LUT5 (Prop_lut5_I1_O)        0.296     7.133 r  u_uart_top/u_uart_tx/u_convert_fifo_i_2/O
                         net (fo=5, routed)           0.618     7.751    u_uart_top/u_convert_fifo/U0/inst_fifo_gen/gconvfifo.rf/grf.rf/gntv_or_sync_fifo.gl0.rd/rpntr/rd_en
    SLICE_X28Y35         LUT3 (Prop_lut3_I1_O)        0.124     7.875 r  u_uart_top/u_convert_fifo/U0/inst_fifo_gen/gconvfifo.rf/grf.rf/gntv_or_sync_fifo.gl0.rd/rpntr/ram_empty_fb_i_i_5/O
                         net (fo=1, routed)           0.670     8.546    u_uart_top/u_convert_fifo/U0/inst_fifo_gen/gconvfifo.rf/grf.rf/gntv_or_sync_fifo.gl0.rd/rpntr/ram_empty_fb_i_i_5_n_0
    SLICE_X28Y35         LUT6 (Prop_lut6_I2_O)        0.124     8.670 r  u_uart_top/u_convert_fifo/U0/inst_fifo_gen/gconvfifo.rf/grf.rf/gntv_or_sync_fifo.gl0.rd/rpntr/ram_empty_fb_i_i_2/O
                         net (fo=1, routed)           0.162     8.832    u_uart_top/u_convert_fifo/U0/inst_fifo_gen/gconvfifo.rf/grf.rf/gntv_or_sync_fifo.gl0.rd/rpntr/ram_empty_fb_i_i_2_n_0
    SLICE_X28Y35         LUT6 (Prop_lut6_I2_O)        0.124     8.956 r  u_uart_top/u_convert_fifo/U0/inst_fifo_gen/gconvfifo.rf/grf.rf/gntv_or_sync_fifo.gl0.rd/rpntr/ram_empty_fb_i_i_1/O
                         net (fo=2, routed)           0.439     9.395    u_uart_top/u_convert_fifo/U0/inst_fifo_gen/gconvfifo.rf/grf.rf/gntv_or_sync_fifo.gl0.rd/grss.rsts/ram_empty_fb_i_reg_0
    SLICE_X27Y36         FDRE                                         r  u_uart_top/u_convert_fifo/U0/inst_fifo_gen/gconvfifo.rf/grf.rf/gntv_or_sync_fifo.gl0.rd/grss.rsts/ram_empty_fb_i_reg/D
  -------------------------------------------------------------------    -------------------

                         (clock clk rise edge)       20.000    20.000 r  
    U18                                               0.000    20.000 r  clk (IN)
                         net (fo=0)                   0.000    20.000    clk
    U18                  IBUF (Prop_ibuf_I_O)         1.459    21.459 r  clk_IBUF_inst/O
                         net (fo=1, routed)           1.880    23.339    clk_IBUF
    BUFGCTRL_X0Y0        BUFG (Prop_bufg_I_O)         0.091    23.430 r  clk_IBUF_BUFG_inst/O
                         net (fo=137, routed)         1.494    24.924    u_uart_top/u_convert_fifo/U0/inst_fifo_gen/gconvfifo.rf/grf.rf/gntv_or_sync_fifo.gl0.rd/grss.rsts/clk
    SLICE_X27Y36         FDRE                                         r  u_uart_top/u_convert_fifo/U0/inst_fifo_gen/gconvfifo.rf/grf.rf/gntv_or_sync_fifo.gl0.rd/grss.rsts/ram_empty_fb_i_reg/C
                         clock pessimism              0.392    25.316    
                         clock uncertainty           -0.035    25.281    
    SLICE_X27Y36         FDRE (Setup_fdre_C_D)       -0.072    25.209    u_uart_top/u_convert_fifo/U0/inst_fifo_gen/gconvfifo.rf/grf.rf/gntv_or_sync_fifo.gl0.rd/grss.rsts/ram_empty_fb_i_reg
  -------------------------------------------------------------------
                         required time                         25.209    
                         arrival time                          -9.395    
  -------------------------------------------------------------------
                         slack                                 15.814    

Slack (MET) :             15.845ns  (required time - arrival time)
  Source:                 u_inst_rom/U0/inst_blk_mem_gen/gnbram.gnativebmg.native_blk_mem_gen/valid.cstr/ramloop[0].ram.r/prim_init.ram/DEVICE_7SERIES.NO_BMM_INFO.SP.WIDE_PRIM18.ram/CLKARDCLK
                            (rising edge-triggered cell RAMB18E1 clocked by clk  {rise@0.000ns fall@10.000ns period=20.000ns})
  Destination:            tx_data_reg[0]/D
                            (rising edge-triggered cell FDCE clocked by clk  {rise@0.000ns fall@10.000ns period=20.000ns})
  Path Group:             clk
  Path Type:              Setup (Max at Slow Process Corner)
  Requirement:            20.000ns  (clk rise@20.000ns - clk rise@0.000ns)
  Data Path Delay:        3.959ns  (logic 2.454ns (61.991%)  route 1.505ns (38.009%))
  Logic Levels:           0  
  Clock Path Skew:        -0.103ns (DCD - SCD + CPR)
    Destination Clock Delay (DCD):    4.924ns = ( 24.924 - 20.000 ) 
    Source Clock Delay      (SCD):    5.420ns
    Clock Pessimism Removal (CPR):    0.392ns
  Clock Uncertainty:      0.035ns  ((TSJ^2 + TIJ^2)^1/2 + DJ) / 2 + PE
    Total System Jitter     (TSJ):    0.071ns
    Total Input Jitter      (TIJ):    0.000ns
    Discrete Jitter          (DJ):    0.000ns
    Phase Error              (PE):    0.000ns

    Location             Delay type                Incr(ns)  Path(ns)    Netlist Resource(s)
  -------------------------------------------------------------------    -------------------
                         (clock clk rise edge)        0.000     0.000 r  
    U18                                               0.000     0.000 r  clk (IN)
                         net (fo=0)                   0.000     0.000    clk
    U18                  IBUF (Prop_ibuf_I_O)         1.530     1.530 r  clk_IBUF_inst/O
                         net (fo=1, routed)           2.076     3.606    clk_IBUF
    BUFGCTRL_X0Y0        BUFG (Prop_bufg_I_O)         0.101     3.707 r  clk_IBUF_BUFG_inst/O
                         net (fo=137, routed)         1.712     5.420    u_inst_rom/U0/inst_blk_mem_gen/gnbram.gnativebmg.native_blk_mem_gen/valid.cstr/ramloop[0].ram.r/prim_init.ram/clka
    RAMB18_X1Y14         RAMB18E1                                     r  u_inst_rom/U0/inst_blk_mem_gen/gnbram.gnativebmg.native_blk_mem_gen/valid.cstr/ramloop[0].ram.r/prim_init.ram/DEVICE_7SERIES.NO_BMM_INFO.SP.WIDE_PRIM18.ram/CLKARDCLK
  -------------------------------------------------------------------    -------------------
    RAMB18_X1Y14         RAMB18E1 (Prop_ramb18e1_CLKARDCLK_DOADO[0])
                                                      2.454     7.874 r  u_inst_rom/U0/inst_blk_mem_gen/gnbram.gnativebmg.native_blk_mem_gen/valid.cstr/ramloop[0].ram.r/prim_init.ram/DEVICE_7SERIES.NO_BMM_INFO.SP.WIDE_PRIM18.ram/DOADO[0]
                         net (fo=1, routed)           1.505     9.378    rom_data[0]
    SLICE_X28Y36         FDCE                                         r  tx_data_reg[0]/D
  -------------------------------------------------------------------    -------------------

                         (clock clk rise edge)       20.000    20.000 r  
    U18                                               0.000    20.000 r  clk (IN)
                         net (fo=0)                   0.000    20.000    clk
    U18                  IBUF (Prop_ibuf_I_O)         1.459    21.459 r  clk_IBUF_inst/O
                         net (fo=1, routed)           1.880    23.339    clk_IBUF
    BUFGCTRL_X0Y0        BUFG (Prop_bufg_I_O)         0.091    23.430 r  clk_IBUF_BUFG_inst/O
                         net (fo=137, routed)         1.494    24.924    clk_IBUF_BUFG
    SLICE_X28Y36         FDCE                                         r  tx_data_reg[0]/C
                         clock pessimism              0.392    25.316    
                         clock uncertainty           -0.035    25.281    
    SLICE_X28Y36         FDCE (Setup_fdce_C_D)       -0.058    25.223    tx_data_reg[0]
  -------------------------------------------------------------------
                         required time                         25.223    
                         arrival time                          -9.378    
  -------------------------------------------------------------------
                         slack                                 15.845    

Slack (MET) :             15.879ns  (required time - arrival time)
  Source:                 u_uart_top/u_uart_tx/baud_cnt_reg[9]/C
                            (rising edge-triggered cell FDCE clocked by clk  {rise@0.000ns fall@10.000ns period=20.000ns})
  Destination:            u_uart_top/u_uart_tx/baud_cnt_reg[15]/D
                            (rising edge-triggered cell FDCE clocked by clk  {rise@0.000ns fall@10.000ns period=20.000ns})
  Path Group:             clk
  Path Type:              Setup (Max at Slow Process Corner)
  Requirement:            20.000ns  (clk rise@20.000ns - clk rise@0.000ns)
  Data Path Delay:        3.811ns  (logic 1.741ns (45.683%)  route 2.070ns (54.317%))
  Logic Levels:           3  (CARRY4=2 LUT5=1)
  Clock Path Skew:        -0.024ns (DCD - SCD + CPR)
    Destination Clock Delay (DCD):    4.927ns = ( 24.927 - 20.000 ) 
    Source Clock Delay      (SCD):    5.378ns
    Clock Pessimism Removal (CPR):    0.427ns
  Clock Uncertainty:      0.035ns  ((TSJ^2 + TIJ^2)^1/2 + DJ) / 2 + PE
    Total System Jitter     (TSJ):    0.071ns
    Total Input Jitter      (TIJ):    0.000ns
    Discrete Jitter          (DJ):    0.000ns
    Phase Error              (PE):    0.000ns

    Location             Delay type                Incr(ns)  Path(ns)    Netlist Resource(s)
  -------------------------------------------------------------------    -------------------
                         (clock clk rise edge)        0.000     0.000 r  
    U18                                               0.000     0.000 r  clk (IN)
                         net (fo=0)                   0.000     0.000    clk
    U18                  IBUF (Prop_ibuf_I_O)         1.530     1.530 r  clk_IBUF_inst/O
                         net (fo=1, routed)           2.076     3.606    clk_IBUF
    BUFGCTRL_X0Y0        BUFG (Prop_bufg_I_O)         0.101     3.707 r  clk_IBUF_BUFG_inst/O
                         net (fo=137, routed)         1.671     5.378    u_uart_top/u_uart_tx/CLK
    SLICE_X28Y38         FDCE                                         r  u_uart_top/u_uart_tx/baud_cnt_reg[9]/C
  -------------------------------------------------------------------    -------------------
    SLICE_X28Y38         FDCE (Prop_fdce_C_Q)         0.518     5.896 r  u_uart_top/u_uart_tx/baud_cnt_reg[9]/Q
                         net (fo=2, routed)           1.122     7.018    u_uart_top/u_uart_tx/baud_cnt_reg_n_0_[9]
    SLICE_X27Y38         CARRY4 (Prop_carry4_S[0]_CO[3])
                                                      0.656     7.674 r  u_uart_top/u_uart_tx/baud_cnt0_carry__1/CO[3]
                         net (fo=1, routed)           0.000     7.674    u_uart_top/u_uart_tx/baud_cnt0_carry__1_n_0
    SLICE_X27Y39         CARRY4 (Prop_carry4_CI_O[2])
                                                      0.239     7.913 r  u_uart_top/u_uart_tx/baud_cnt0_carry__2/O[2]
                         net (fo=1, routed)           0.604     8.518    u_uart_top/u_uart_tx/baud_cnt0_carry__2_n_5
    SLICE_X28Y39         LUT5 (Prop_lut5_I4_O)        0.328     8.846 r  u_uart_top/u_uart_tx/baud_cnt[15]_i_1__0/O
                         net (fo=1, routed)           0.343     9.189    u_uart_top/u_uart_tx/baud_cnt[15]_i_1__0_n_0
    SLICE_X29Y39         FDCE                                         r  u_uart_top/u_uart_tx/baud_cnt_reg[15]/D
  -------------------------------------------------------------------    -------------------

                         (clock clk rise edge)       20.000    20.000 r  
    U18                                               0.000    20.000 r  clk (IN)
                         net (fo=0)                   0.000    20.000    clk
    U18                  IBUF (Prop_ibuf_I_O)         1.459    21.459 r  clk_IBUF_inst/O
                         net (fo=1, routed)           1.880    23.339    clk_IBUF
    BUFGCTRL_X0Y0        BUFG (Prop_bufg_I_O)         0.091    23.430 r  clk_IBUF_BUFG_inst/O
                         net (fo=137, routed)         1.497    24.927    u_uart_top/u_uart_tx/CLK
    SLICE_X29Y39         FDCE                                         r  u_uart_top/u_uart_tx/baud_cnt_reg[15]/C
                         clock pessimism              0.427    25.354    
                         clock uncertainty           -0.035    25.319    
    SLICE_X29Y39         FDCE (Setup_fdce_C_D)       -0.251    25.068    u_uart_top/u_uart_tx/baud_cnt_reg[15]
  -------------------------------------------------------------------
                         required time                         25.068    
                         arrival time                          -9.189    
  -------------------------------------------------------------------
                         slack                                 15.879    

Slack (MET) :             15.991ns  (required time - arrival time)
  Source:                 u_uart_top/u_uart_tx/FSM_sequential_CS_reg[2]/C
                            (rising edge-triggered cell FDCE clocked by clk  {rise@0.000ns fall@10.000ns period=20.000ns})
  Destination:            u_uart_top/u_convert_fifo/U0/inst_fifo_gen/gconvfifo.rf/grf.rf/gntv_or_sync_fifo.gl0.rd/rpntr/gc0.count_d1_reg[0]/CE
                            (rising edge-triggered cell FDRE clocked by clk  {rise@0.000ns fall@10.000ns period=20.000ns})
  Path Group:             clk
  Path Type:              Setup (Max at Slow Process Corner)
  Requirement:            20.000ns  (clk rise@20.000ns - clk rise@0.000ns)
  Data Path Delay:        3.539ns  (logic 0.869ns (24.554%)  route 2.670ns (75.446%))
  Logic Levels:           2  (LUT2=1 LUT5=1)
  Clock Path Skew:        -0.027ns (DCD - SCD + CPR)
    Destination Clock Delay (DCD):    4.925ns = ( 24.925 - 20.000 ) 
    Source Clock Delay      (SCD):    5.379ns
    Clock Pessimism Removal (CPR):    0.427ns
  Clock Uncertainty:      0.035ns  ((TSJ^2 + TIJ^2)^1/2 + DJ) / 2 + PE
    Total System Jitter     (TSJ):    0.071ns
    Total Input Jitter      (TIJ):    0.000ns
    Discrete Jitter          (DJ):    0.000ns
    Phase Error              (PE):    0.000ns

    Location             Delay type                Incr(ns)  Path(ns)    Netlist Resource(s)
  -------------------------------------------------------------------    -------------------
                         (clock clk rise edge)        0.000     0.000 r  
    U18                                               0.000     0.000 r  clk (IN)
                         net (fo=0)                   0.000     0.000    clk
    U18                  IBUF (Prop_ibuf_I_O)         1.530     1.530 r  clk_IBUF_inst/O
                         net (fo=1, routed)           2.076     3.606    clk_IBUF
    BUFGCTRL_X0Y0        BUFG (Prop_bufg_I_O)         0.101     3.707 r  clk_IBUF_BUFG_inst/O
                         net (fo=137, routed)         1.672     5.379    u_uart_top/u_uart_tx/CLK
    SLICE_X29Y39         FDCE                                         r  u_uart_top/u_uart_tx/FSM_sequential_CS_reg[2]/C
  -------------------------------------------------------------------    -------------------
    SLICE_X29Y39         FDCE (Prop_fdce_C_Q)         0.419     5.798 f  u_uart_top/u_uart_tx/FSM_sequential_CS_reg[2]/Q
                         net (fo=25, routed)          1.039     6.837    u_uart_top/u_uart_tx/CS[2]
    SLICE_X29Y37         LUT5 (Prop_lut5_I1_O)        0.296     7.133 r  u_uart_top/u_uart_tx/u_convert_fifo_i_2/O
                         net (fo=5, routed)           0.980     8.113    u_uart_top/u_convert_fifo/U0/inst_fifo_gen/gconvfifo.rf/grf.rf/gntv_or_sync_fifo.gl0.rd/grss.rsts/rd_en
    SLICE_X27Y35         LUT2 (Prop_lut2_I0_O)        0.154     8.267 r  u_uart_top/u_convert_fifo/U0/inst_fifo_gen/gconvfifo.rf/grf.rf/gntv_or_sync_fifo.gl0.rd/grss.rsts/gc0.count_d1[5]_i_1/O
                         net (fo=12, routed)          0.651     8.918    u_uart_top/u_convert_fifo/U0/inst_fifo_gen/gconvfifo.rf/grf.rf/gntv_or_sync_fifo.gl0.rd/rpntr/E[0]
    SLICE_X29Y37         FDRE                                         r  u_uart_top/u_convert_fifo/U0/inst_fifo_gen/gconvfifo.rf/grf.rf/gntv_or_sync_fifo.gl0.rd/rpntr/gc0.count_d1_reg[0]/CE
  -------------------------------------------------------------------    -------------------

                         (clock clk rise edge)       20.000    20.000 r  
    U18                                               0.000    20.000 r  clk (IN)
                         net (fo=0)                   0.000    20.000    clk
    U18                  IBUF (Prop_ibuf_I_O)         1.459    21.459 r  clk_IBUF_inst/O
                         net (fo=1, routed)           1.880    23.339    clk_IBUF
    BUFGCTRL_X0Y0        BUFG (Prop_bufg_I_O)         0.091    23.430 r  clk_IBUF_BUFG_inst/O
                         net (fo=137, routed)         1.495    24.925    u_uart_top/u_convert_fifo/U0/inst_fifo_gen/gconvfifo.rf/grf.rf/gntv_or_sync_fifo.gl0.rd/rpntr/clk
    SLICE_X29Y37         FDRE                                         r  u_uart_top/u_convert_fifo/U0/inst_fifo_gen/gconvfifo.rf/grf.rf/gntv_or_sync_fifo.gl0.rd/rpntr/gc0.count_d1_reg[0]/C
                         clock pessimism              0.427    25.352    
                         clock uncertainty           -0.035    25.317    
    SLICE_X29Y37         FDRE (Setup_fdre_C_CE)      -0.408    24.909    u_uart_top/u_convert_fifo/U0/inst_fifo_gen/gconvfifo.rf/grf.rf/gntv_or_sync_fifo.gl0.rd/rpntr/gc0.count_d1_reg[0]
  -------------------------------------------------------------------
                         required time                         24.909    
                         arrival time                          -8.918    
  -------------------------------------------------------------------
                         slack                                 15.991    

Slack (MET) :             15.991ns  (required time - arrival time)
  Source:                 u_uart_top/u_uart_tx/FSM_sequential_CS_reg[2]/C
                            (rising edge-triggered cell FDCE clocked by clk  {rise@0.000ns fall@10.000ns period=20.000ns})
  Destination:            u_uart_top/u_convert_fifo/U0/inst_fifo_gen/gconvfifo.rf/grf.rf/gntv_or_sync_fifo.gl0.rd/rpntr/gc0.count_reg[0]/CE
                            (rising edge-triggered cell FDSE clocked by clk  {rise@0.000ns fall@10.000ns period=20.000ns})
  Path Group:             clk
  Path Type:              Setup (Max at Slow Process Corner)
  Requirement:            20.000ns  (clk rise@20.000ns - clk rise@0.000ns)
  Data Path Delay:        3.539ns  (logic 0.869ns (24.554%)  route 2.670ns (75.446%))
  Logic Levels:           2  (LUT2=1 LUT5=1)
  Clock Path Skew:        -0.027ns (DCD - SCD + CPR)
    Destination Clock Delay (DCD):    4.925ns = ( 24.925 - 20.000 ) 
    Source Clock Delay      (SCD):    5.379ns
    Clock Pessimism Removal (CPR):    0.427ns
  Clock Uncertainty:      0.035ns  ((TSJ^2 + TIJ^2)^1/2 + DJ) / 2 + PE
    Total System Jitter     (TSJ):    0.071ns
    Total Input Jitter      (TIJ):    0.000ns
    Discrete Jitter          (DJ):    0.000ns
    Phase Error              (PE):    0.000ns

    Location             Delay type                Incr(ns)  Path(ns)    Netlist Resource(s)
  -------------------------------------------------------------------    -------------------
                         (clock clk rise edge)        0.000     0.000 r  
    U18                                               0.000     0.000 r  clk (IN)
                         net (fo=0)                   0.000     0.000    clk
    U18                  IBUF (Prop_ibuf_I_O)         1.530     1.530 r  clk_IBUF_inst/O
                         net (fo=1, routed)           2.076     3.606    clk_IBUF
    BUFGCTRL_X0Y0        BUFG (Prop_bufg_I_O)         0.101     3.707 r  clk_IBUF_BUFG_inst/O
                         net (fo=137, routed)         1.672     5.379    u_uart_top/u_uart_tx/CLK
    SLICE_X29Y39         FDCE                                         r  u_uart_top/u_uart_tx/FSM_sequential_CS_reg[2]/C
  -------------------------------------------------------------------    -------------------
    SLICE_X29Y39         FDCE (Prop_fdce_C_Q)         0.419     5.798 f  u_uart_top/u_uart_tx/FSM_sequential_CS_reg[2]/Q
                         net (fo=25, routed)          1.039     6.837    u_uart_top/u_uart_tx/CS[2]
    SLICE_X29Y37         LUT5 (Prop_lut5_I1_O)        0.296     7.133 r  u_uart_top/u_uart_tx/u_convert_fifo_i_2/O
                         net (fo=5, routed)           0.980     8.113    u_uart_top/u_convert_fifo/U0/inst_fifo_gen/gconvfifo.rf/grf.rf/gntv_or_sync_fifo.gl0.rd/grss.rsts/rd_en
    SLICE_X27Y35         LUT2 (Prop_lut2_I0_O)        0.154     8.267 r  u_uart_top/u_convert_fifo/U0/inst_fifo_gen/gconvfifo.rf/grf.rf/gntv_or_sync_fifo.gl0.rd/grss.rsts/gc0.count_d1[5]_i_1/O
                         net (fo=12, routed)          0.651     8.918    u_uart_top/u_convert_fifo/U0/inst_fifo_gen/gconvfifo.rf/grf.rf/gntv_or_sync_fifo.gl0.rd/rpntr/E[0]
    SLICE_X29Y37         FDSE                                         r  u_uart_top/u_convert_fifo/U0/inst_fifo_gen/gconvfifo.rf/grf.rf/gntv_or_sync_fifo.gl0.rd/rpntr/gc0.count_reg[0]/CE
  -------------------------------------------------------------------    -------------------

                         (clock clk rise edge)       20.000    20.000 r  
    U18                                               0.000    20.000 r  clk (IN)
                         net (fo=0)                   0.000    20.000    clk
    U18                  IBUF (Prop_ibuf_I_O)         1.459    21.459 r  clk_IBUF_inst/O
                         net (fo=1, routed)           1.880    23.339    clk_IBUF
    BUFGCTRL_X0Y0        BUFG (Prop_bufg_I_O)         0.091    23.430 r  clk_IBUF_BUFG_inst/O
                         net (fo=137, routed)         1.495    24.925    u_uart_top/u_convert_fifo/U0/inst_fifo_gen/gconvfifo.rf/grf.rf/gntv_or_sync_fifo.gl0.rd/rpntr/clk
    SLICE_X29Y37         FDSE                                         r  u_uart_top/u_convert_fifo/U0/inst_fifo_gen/gconvfifo.rf/grf.rf/gntv_or_sync_fifo.gl0.rd/rpntr/gc0.count_reg[0]/C
                         clock pessimism              0.427    25.352    
                         clock uncertainty           -0.035    25.317    
    SLICE_X29Y37         FDSE (Setup_fdse_C_CE)      -0.408    24.909    u_uart_top/u_convert_fifo/U0/inst_fifo_gen/gconvfifo.rf/grf.rf/gntv_or_sync_fifo.gl0.rd/rpntr/gc0.count_reg[0]
  -------------------------------------------------------------------
                         required time                         24.909    
                         arrival time                          -8.918    
  -------------------------------------------------------------------
                         slack                                 15.991    

Slack (MET) :             16.111ns  (required time - arrival time)
  Source:                 u_uart_top/u_uart_rx/baud_cnt_reg[7]/C
                            (rising edge-triggered cell FDCE clocked by clk  {rise@0.000ns fall@10.000ns period=20.000ns})
  Destination:            u_uart_top/u_uart_rx/baud_cnt_reg[6]/D
                            (rising edge-triggered cell FDCE clocked by clk  {rise@0.000ns fall@10.000ns period=20.000ns})
  Path Group:             clk
  Path Type:              Setup (Max at Slow Process Corner)
  Requirement:            20.000ns  (clk rise@20.000ns - clk rise@0.000ns)
  Data Path Delay:        3.858ns  (logic 1.116ns (28.930%)  route 2.742ns (71.070%))
  Logic Levels:           3  (LUT4=1 LUT5=1 LUT6=1)
  Clock Path Skew:        -0.025ns (DCD - SCD + CPR)
    Destination Clock Delay (DCD):    4.927ns = ( 24.927 - 20.000 ) 
    Source Clock Delay      (SCD):    5.379ns
    Clock Pessimism Removal (CPR):    0.427ns
  Clock Uncertainty:      0.035ns  ((TSJ^2 + TIJ^2)^1/2 + DJ) / 2 + PE
    Total System Jitter     (TSJ):    0.071ns
    Total Input Jitter      (TIJ):    0.000ns
    Discrete Jitter          (DJ):    0.000ns
    Phase Error              (PE):    0.000ns

    Location             Delay type                Incr(ns)  Path(ns)    Netlist Resource(s)
  -------------------------------------------------------------------    -------------------
                         (clock clk rise edge)        0.000     0.000 r  
    U18                                               0.000     0.000 r  clk (IN)
                         net (fo=0)                   0.000     0.000    clk
    U18                  IBUF (Prop_ibuf_I_O)         1.530     1.530 r  clk_IBUF_inst/O
                         net (fo=1, routed)           2.076     3.606    clk_IBUF
    BUFGCTRL_X0Y0        BUFG (Prop_bufg_I_O)         0.101     3.707 r  clk_IBUF_BUFG_inst/O
                         net (fo=137, routed)         1.672     5.379    u_uart_top/u_uart_rx/CLK
    SLICE_X30Y39         FDCE                                         r  u_uart_top/u_uart_rx/baud_cnt_reg[7]/C
  -------------------------------------------------------------------    -------------------
    SLICE_X30Y39         FDCE (Prop_fdce_C_Q)         0.518     5.897 f  u_uart_top/u_uart_rx/baud_cnt_reg[7]/Q
                         net (fo=3, routed)           1.031     6.928    u_uart_top/u_uart_rx/baud_cnt[7]
    SLICE_X32Y39         LUT4 (Prop_lut4_I0_O)        0.146     7.074 r  u_uart_top/u_uart_rx/baud_cnt[15]_i_8/O
                         net (fo=1, routed)           0.165     7.239    u_uart_top/u_uart_rx/baud_cnt[15]_i_8_n_0
    SLICE_X32Y39         LUT5 (Prop_lut5_I4_O)        0.328     7.567 r  u_uart_top/u_uart_rx/baud_cnt[15]_i_3/O
                         net (fo=16, routed)          1.546     9.113    u_uart_top/u_uart_rx/baud_cnt[15]_i_3_n_0
    SLICE_X29Y40         LUT6 (Prop_lut6_I1_O)        0.124     9.237 r  u_uart_top/u_uart_rx/baud_cnt[6]_i_1/O
                         net (fo=1, routed)           0.000     9.237    u_uart_top/u_uart_rx/p_0_in[6]
    SLICE_X29Y40         FDCE                                         r  u_uart_top/u_uart_rx/baud_cnt_reg[6]/D
  -------------------------------------------------------------------    -------------------

                         (clock clk rise edge)       20.000    20.000 r  
    U18                                               0.000    20.000 r  clk (IN)
                         net (fo=0)                   0.000    20.000    clk
    U18                  IBUF (Prop_ibuf_I_O)         1.459    21.459 r  clk_IBUF_inst/O
                         net (fo=1, routed)           1.880    23.339    clk_IBUF
    BUFGCTRL_X0Y0        BUFG (Prop_bufg_I_O)         0.091    23.430 r  clk_IBUF_BUFG_inst/O
                         net (fo=137, routed)         1.497    24.927    u_uart_top/u_uart_rx/CLK
    SLICE_X29Y40         FDCE                                         r  u_uart_top/u_uart_rx/baud_cnt_reg[6]/C
                         clock pessimism              0.427    25.354    
                         clock uncertainty           -0.035    25.319    
    SLICE_X29Y40         FDCE (Setup_fdce_C_D)        0.029    25.348    u_uart_top/u_uart_rx/baud_cnt_reg[6]
  -------------------------------------------------------------------
                         required time                         25.348    
                         arrival time                          -9.237    
  -------------------------------------------------------------------
                         slack                                 16.111    

Slack (MET) :             16.168ns  (required time - arrival time)
  Source:                 u_inst_rom/U0/inst_blk_mem_gen/gnbram.gnativebmg.native_blk_mem_gen/valid.cstr/ramloop[0].ram.r/prim_init.ram/DEVICE_7SERIES.NO_BMM_INFO.SP.WIDE_PRIM18.ram/CLKARDCLK
                            (rising edge-triggered cell RAMB18E1 clocked by clk  {rise@0.000ns fall@10.000ns period=20.000ns})
  Destination:            tx_data_reg[14]/D
                            (rising edge-triggered cell FDCE clocked by clk  {rise@0.000ns fall@10.000ns period=20.000ns})
  Path Group:             clk
  Path Type:              Setup (Max at Slow Process Corner)
  Requirement:            20.000ns  (clk rise@20.000ns - clk rise@0.000ns)
  Data Path Delay:        3.625ns  (logic 2.454ns (67.688%)  route 1.171ns (32.312%))
  Logic Levels:           0  
  Clock Path Skew:        -0.066ns (DCD - SCD + CPR)
    Destination Clock Delay (DCD):    4.927ns = ( 24.927 - 20.000 ) 
    Source Clock Delay      (SCD):    5.420ns
    Clock Pessimism Removal (CPR):    0.426ns
  Clock Uncertainty:      0.035ns  ((TSJ^2 + TIJ^2)^1/2 + DJ) / 2 + PE
    Total System Jitter     (TSJ):    0.071ns
    Total Input Jitter      (TIJ):    0.000ns
    Discrete Jitter          (DJ):    0.000ns
    Phase Error              (PE):    0.000ns

    Location             Delay type                Incr(ns)  Path(ns)    Netlist Resource(s)
  -------------------------------------------------------------------    -------------------
                         (clock clk rise edge)        0.000     0.000 r  
    U18                                               0.000     0.000 r  clk (IN)
                         net (fo=0)                   0.000     0.000    clk
    U18                  IBUF (Prop_ibuf_I_O)         1.530     1.530 r  clk_IBUF_inst/O
                         net (fo=1, routed)           2.076     3.606    clk_IBUF
    BUFGCTRL_X0Y0        BUFG (Prop_bufg_I_O)         0.101     3.707 r  clk_IBUF_BUFG_inst/O
                         net (fo=137, routed)         1.712     5.420    u_inst_rom/U0/inst_blk_mem_gen/gnbram.gnativebmg.native_blk_mem_gen/valid.cstr/ramloop[0].ram.r/prim_init.ram/clka
    RAMB18_X1Y14         RAMB18E1                                     r  u_inst_rom/U0/inst_blk_mem_gen/gnbram.gnativebmg.native_blk_mem_gen/valid.cstr/ramloop[0].ram.r/prim_init.ram/DEVICE_7SERIES.NO_BMM_INFO.SP.WIDE_PRIM18.ram/CLKARDCLK
  -------------------------------------------------------------------    -------------------
    RAMB18_X1Y14         RAMB18E1 (Prop_ramb18e1_CLKARDCLK_DOADO[14])
                                                      2.454     7.874 r  u_inst_rom/U0/inst_blk_mem_gen/gnbram.gnativebmg.native_blk_mem_gen/valid.cstr/ramloop[0].ram.r/prim_init.ram/DEVICE_7SERIES.NO_BMM_INFO.SP.WIDE_PRIM18.ram/DOADO[14]
                         net (fo=1, routed)           1.171     9.045    rom_data[14]
    SLICE_X27Y39         FDCE                                         r  tx_data_reg[14]/D
  -------------------------------------------------------------------    -------------------

                         (clock clk rise edge)       20.000    20.000 r  
    U18                                               0.000    20.000 r  clk (IN)
                         net (fo=0)                   0.000    20.000    clk
    U18                  IBUF (Prop_ibuf_I_O)         1.459    21.459 r  clk_IBUF_inst/O
                         net (fo=1, routed)           1.880    23.339    clk_IBUF
    BUFGCTRL_X0Y0        BUFG (Prop_bufg_I_O)         0.091    23.430 r  clk_IBUF_BUFG_inst/O
                         net (fo=137, routed)         1.497    24.927    clk_IBUF_BUFG
    SLICE_X27Y39         FDCE                                         r  tx_data_reg[14]/C
                         clock pessimism              0.426    25.353    
                         clock uncertainty           -0.035    25.318    
    SLICE_X27Y39         FDCE (Setup_fdce_C_D)       -0.105    25.213    tx_data_reg[14]
  -------------------------------------------------------------------
                         required time                         25.213    
                         arrival time                          -9.045    
  -------------------------------------------------------------------
                         slack                                 16.168    





Min Delay Paths
--------------------------------------------------------------------------------------
Slack (MET) :             0.038ns  (arrival time - required time)
  Source:                 tx_data_reg[13]/C
                            (rising edge-triggered cell FDCE clocked by clk  {rise@0.000ns fall@10.000ns period=20.000ns})
  Destination:            u_uart_top/u_convert_fifo/U0/inst_fifo_gen/gconvfifo.rf/grf.rf/gntv_or_sync_fifo.mem/gbm.gbmg.gbmga.ngecc.bmg/inst_blk_mem_gen/gnbram.gnativebmg.native_blk_mem_gen/valid.cstr/ramloop[0].ram.r/prim_noinit.ram/DEVICE_7SERIES.NO_BMM_INFO.SDP.WIDE_PRIM18.ram/DIBDI[5]
                            (rising edge-triggered cell RAMB18E1 clocked by clk  {rise@0.000ns fall@10.000ns period=20.000ns})
  Path Group:             clk
  Path Type:              Hold (Min at Fast Process Corner)
  Requirement:            0.000ns  (clk rise@0.000ns - clk rise@0.000ns)
  Data Path Delay:        0.249ns  (logic 0.141ns (56.669%)  route 0.108ns (43.331%))
  Logic Levels:           0  
  Clock Path Skew:        0.055ns (DCD - SCD - CPR)
    Destination Clock Delay (DCD):    2.066ns
    Source Clock Delay      (SCD):    1.511ns
    Clock Pessimism Removal (CPR):    0.500ns

    Location             Delay type                Incr(ns)  Path(ns)    Netlist Resource(s)
  -------------------------------------------------------------------    -------------------
                         (clock clk rise edge)        0.000     0.000 r  
    U18                                               0.000     0.000 r  clk (IN)
                         net (fo=0)                   0.000     0.000    clk
    U18                  IBUF (Prop_ibuf_I_O)         0.297     0.297 r  clk_IBUF_inst/O
                         net (fo=1, routed)           0.627     0.925    clk_IBUF
    BUFGCTRL_X0Y0        BUFG (Prop_bufg_I_O)         0.026     0.951 r  clk_IBUF_BUFG_inst/O
                         net (fo=137, routed)         0.561     1.511    clk_IBUF_BUFG
    SLICE_X27Y39         FDCE                                         r  tx_data_reg[13]/C
  -------------------------------------------------------------------    -------------------
    SLICE_X27Y39         FDCE (Prop_fdce_C_Q)         0.141     1.652 r  tx_data_reg[13]/Q
                         net (fo=1, routed)           0.108     1.760    u_uart_top/u_convert_fifo/U0/inst_fifo_gen/gconvfifo.rf/grf.rf/gntv_or_sync_fifo.mem/gbm.gbmg.gbmga.ngecc.bmg/inst_blk_mem_gen/gnbram.gnativebmg.native_blk_mem_gen/valid.cstr/ramloop[0].ram.r/prim_noinit.ram/din[13]
    RAMB18_X1Y15         RAMB18E1                                     r  u_uart_top/u_convert_fifo/U0/inst_fifo_gen/gconvfifo.rf/grf.rf/gntv_or_sync_fifo.mem/gbm.gbmg.gbmga.ngecc.bmg/inst_blk_mem_gen/gnbram.gnativebmg.native_blk_mem_gen/valid.cstr/ramloop[0].ram.r/prim_noinit.ram/DEVICE_7SERIES.NO_BMM_INFO.SDP.WIDE_PRIM18.ram/DIBDI[5]
  -------------------------------------------------------------------    -------------------

                         (clock clk rise edge)        0.000     0.000 r  
    U18                                               0.000     0.000 r  clk (IN)
                         net (fo=0)                   0.000     0.000    clk
    U18                  IBUF (Prop_ibuf_I_O)         0.486     0.486 r  clk_IBUF_inst/O
                         net (fo=1, routed)           0.683     1.169    clk_IBUF
    BUFGCTRL_X0Y0        BUFG (Prop_bufg_I_O)         0.029     1.198 r  clk_IBUF_BUFG_inst/O
                         net (fo=137, routed)         0.868     2.066    u_uart_top/u_convert_fifo/U0/inst_fifo_gen/gconvfifo.rf/grf.rf/gntv_or_sync_fifo.mem/gbm.gbmg.gbmga.ngecc.bmg/inst_blk_mem_gen/gnbram.gnativebmg.native_blk_mem_gen/valid.cstr/ramloop[0].ram.r/prim_noinit.ram/clk
    RAMB18_X1Y15         RAMB18E1                                     r  u_uart_top/u_convert_fifo/U0/inst_fifo_gen/gconvfifo.rf/grf.rf/gntv_or_sync_fifo.mem/gbm.gbmg.gbmga.ngecc.bmg/inst_blk_mem_gen/gnbram.gnativebmg.native_blk_mem_gen/valid.cstr/ramloop[0].ram.r/prim_noinit.ram/DEVICE_7SERIES.NO_BMM_INFO.SDP.WIDE_PRIM18.ram/CLKBWRCLK
                         clock pessimism             -0.500     1.567    
    RAMB18_X1Y15         RAMB18E1 (Hold_ramb18e1_CLKBWRCLK_DIBDI[5])
                                                      0.155     1.722    u_uart_top/u_convert_fifo/U0/inst_fifo_gen/gconvfifo.rf/grf.rf/gntv_or_sync_fifo.mem/gbm.gbmg.gbmga.ngecc.bmg/inst_blk_mem_gen/gnbram.gnativebmg.native_blk_mem_gen/valid.cstr/ramloop[0].ram.r/prim_noinit.ram/DEVICE_7SERIES.NO_BMM_INFO.SDP.WIDE_PRIM18.ram
  -------------------------------------------------------------------
                         required time                         -1.722    
                         arrival time                           1.760    
  -------------------------------------------------------------------
                         slack                                  0.038    

Slack (MET) :             0.038ns  (arrival time - required time)
  Source:                 tx_data_reg[14]/C
                            (rising edge-triggered cell FDCE clocked by clk  {rise@0.000ns fall@10.000ns period=20.000ns})
  Destination:            u_uart_top/u_convert_fifo/U0/inst_fifo_gen/gconvfifo.rf/grf.rf/gntv_or_sync_fifo.mem/gbm.gbmg.gbmga.ngecc.bmg/inst_blk_mem_gen/gnbram.gnativebmg.native_blk_mem_gen/valid.cstr/ramloop[0].ram.r/prim_noinit.ram/DEVICE_7SERIES.NO_BMM_INFO.SDP.WIDE_PRIM18.ram/DIBDI[6]
                            (rising edge-triggered cell RAMB18E1 clocked by clk  {rise@0.000ns fall@10.000ns period=20.000ns})
  Path Group:             clk
  Path Type:              Hold (Min at Fast Process Corner)
  Requirement:            0.000ns  (clk rise@0.000ns - clk rise@0.000ns)
  Data Path Delay:        0.249ns  (logic 0.141ns (56.669%)  route 0.108ns (43.331%))
  Logic Levels:           0  
  Clock Path Skew:        0.055ns (DCD - SCD - CPR)
    Destination Clock Delay (DCD):    2.066ns
    Source Clock Delay      (SCD):    1.511ns
    Clock Pessimism Removal (CPR):    0.500ns

    Location             Delay type                Incr(ns)  Path(ns)    Netlist Resource(s)
  -------------------------------------------------------------------    -------------------
                         (clock clk rise edge)        0.000     0.000 r  
    U18                                               0.000     0.000 r  clk (IN)
                         net (fo=0)                   0.000     0.000    clk
    U18                  IBUF (Prop_ibuf_I_O)         0.297     0.297 r  clk_IBUF_inst/O
                         net (fo=1, routed)           0.627     0.925    clk_IBUF
    BUFGCTRL_X0Y0        BUFG (Prop_bufg_I_O)         0.026     0.951 r  clk_IBUF_BUFG_inst/O
                         net (fo=137, routed)         0.561     1.511    clk_IBUF_BUFG
    SLICE_X27Y39         FDCE                                         r  tx_data_reg[14]/C
  -------------------------------------------------------------------    -------------------
    SLICE_X27Y39         FDCE (Prop_fdce_C_Q)         0.141     1.652 r  tx_data_reg[14]/Q
                         net (fo=1, routed)           0.108     1.760    u_uart_top/u_convert_fifo/U0/inst_fifo_gen/gconvfifo.rf/grf.rf/gntv_or_sync_fifo.mem/gbm.gbmg.gbmga.ngecc.bmg/inst_blk_mem_gen/gnbram.gnativebmg.native_blk_mem_gen/valid.cstr/ramloop[0].ram.r/prim_noinit.ram/din[14]
    RAMB18_X1Y15         RAMB18E1                                     r  u_uart_top/u_convert_fifo/U0/inst_fifo_gen/gconvfifo.rf/grf.rf/gntv_or_sync_fifo.mem/gbm.gbmg.gbmga.ngecc.bmg/inst_blk_mem_gen/gnbram.gnativebmg.native_blk_mem_gen/valid.cstr/ramloop[0].ram.r/prim_noinit.ram/DEVICE_7SERIES.NO_BMM_INFO.SDP.WIDE_PRIM18.ram/DIBDI[6]
  -------------------------------------------------------------------    -------------------

                         (clock clk rise edge)        0.000     0.000 r  
    U18                                               0.000     0.000 r  clk (IN)
                         net (fo=0)                   0.000     0.000    clk
    U18                  IBUF (Prop_ibuf_I_O)         0.486     0.486 r  clk_IBUF_inst/O
                         net (fo=1, routed)           0.683     1.169    clk_IBUF
    BUFGCTRL_X0Y0        BUFG (Prop_bufg_I_O)         0.029     1.198 r  clk_IBUF_BUFG_inst/O
                         net (fo=137, routed)         0.868     2.066    u_uart_top/u_convert_fifo/U0/inst_fifo_gen/gconvfifo.rf/grf.rf/gntv_or_sync_fifo.mem/gbm.gbmg.gbmga.ngecc.bmg/inst_blk_mem_gen/gnbram.gnativebmg.native_blk_mem_gen/valid.cstr/ramloop[0].ram.r/prim_noinit.ram/clk
    RAMB18_X1Y15         RAMB18E1                                     r  u_uart_top/u_convert_fifo/U0/inst_fifo_gen/gconvfifo.rf/grf.rf/gntv_or_sync_fifo.mem/gbm.gbmg.gbmga.ngecc.bmg/inst_blk_mem_gen/gnbram.gnativebmg.native_blk_mem_gen/valid.cstr/ramloop[0].ram.r/prim_noinit.ram/DEVICE_7SERIES.NO_BMM_INFO.SDP.WIDE_PRIM18.ram/CLKBWRCLK
                         clock pessimism             -0.500     1.567    
    RAMB18_X1Y15         RAMB18E1 (Hold_ramb18e1_CLKBWRCLK_DIBDI[6])
                                                      0.155     1.722    u_uart_top/u_convert_fifo/U0/inst_fifo_gen/gconvfifo.rf/grf.rf/gntv_or_sync_fifo.mem/gbm.gbmg.gbmga.ngecc.bmg/inst_blk_mem_gen/gnbram.gnativebmg.native_blk_mem_gen/valid.cstr/ramloop[0].ram.r/prim_noinit.ram/DEVICE_7SERIES.NO_BMM_INFO.SDP.WIDE_PRIM18.ram
  -------------------------------------------------------------------
                         required time                         -1.722    
                         arrival time                           1.760    
  -------------------------------------------------------------------
                         slack                                  0.038    

Slack (MET) :             0.038ns  (arrival time - required time)
  Source:                 tx_data_reg[15]/C
                            (rising edge-triggered cell FDCE clocked by clk  {rise@0.000ns fall@10.000ns period=20.000ns})
  Destination:            u_uart_top/u_convert_fifo/U0/inst_fifo_gen/gconvfifo.rf/grf.rf/gntv_or_sync_fifo.mem/gbm.gbmg.gbmga.ngecc.bmg/inst_blk_mem_gen/gnbram.gnativebmg.native_blk_mem_gen/valid.cstr/ramloop[0].ram.r/prim_noinit.ram/DEVICE_7SERIES.NO_BMM_INFO.SDP.WIDE_PRIM18.ram/DIBDI[7]
                            (rising edge-triggered cell RAMB18E1 clocked by clk  {rise@0.000ns fall@10.000ns period=20.000ns})
  Path Group:             clk
  Path Type:              Hold (Min at Fast Process Corner)
  Requirement:            0.000ns  (clk rise@0.000ns - clk rise@0.000ns)
  Data Path Delay:        0.249ns  (logic 0.141ns (56.669%)  route 0.108ns (43.331%))
  Logic Levels:           0  
  Clock Path Skew:        0.055ns (DCD - SCD - CPR)
    Destination Clock Delay (DCD):    2.066ns
    Source Clock Delay      (SCD):    1.511ns
    Clock Pessimism Removal (CPR):    0.500ns

    Location             Delay type                Incr(ns)  Path(ns)    Netlist Resource(s)
  -------------------------------------------------------------------    -------------------
                         (clock clk rise edge)        0.000     0.000 r  
    U18                                               0.000     0.000 r  clk (IN)
                         net (fo=0)                   0.000     0.000    clk
    U18                  IBUF (Prop_ibuf_I_O)         0.297     0.297 r  clk_IBUF_inst/O
                         net (fo=1, routed)           0.627     0.925    clk_IBUF
    BUFGCTRL_X0Y0        BUFG (Prop_bufg_I_O)         0.026     0.951 r  clk_IBUF_BUFG_inst/O
                         net (fo=137, routed)         0.561     1.511    clk_IBUF_BUFG
    SLICE_X27Y39         FDCE                                         r  tx_data_reg[15]/C
  -------------------------------------------------------------------    -------------------
    SLICE_X27Y39         FDCE (Prop_fdce_C_Q)         0.141     1.652 r  tx_data_reg[15]/Q
                         net (fo=1, routed)           0.108     1.760    u_uart_top/u_convert_fifo/U0/inst_fifo_gen/gconvfifo.rf/grf.rf/gntv_or_sync_fifo.mem/gbm.gbmg.gbmga.ngecc.bmg/inst_blk_mem_gen/gnbram.gnativebmg.native_blk_mem_gen/valid.cstr/ramloop[0].ram.r/prim_noinit.ram/din[15]
    RAMB18_X1Y15         RAMB18E1                                     r  u_uart_top/u_convert_fifo/U0/inst_fifo_gen/gconvfifo.rf/grf.rf/gntv_or_sync_fifo.mem/gbm.gbmg.gbmga.ngecc.bmg/inst_blk_mem_gen/gnbram.gnativebmg.native_blk_mem_gen/valid.cstr/ramloop[0].ram.r/prim_noinit.ram/DEVICE_7SERIES.NO_BMM_INFO.SDP.WIDE_PRIM18.ram/DIBDI[7]
  -------------------------------------------------------------------    -------------------

                         (clock clk rise edge)        0.000     0.000 r  
    U18                                               0.000     0.000 r  clk (IN)
                         net (fo=0)                   0.000     0.000    clk
    U18                  IBUF (Prop_ibuf_I_O)         0.486     0.486 r  clk_IBUF_inst/O
                         net (fo=1, routed)           0.683     1.169    clk_IBUF
    BUFGCTRL_X0Y0        BUFG (Prop_bufg_I_O)         0.029     1.198 r  clk_IBUF_BUFG_inst/O
                         net (fo=137, routed)         0.868     2.066    u_uart_top/u_convert_fifo/U0/inst_fifo_gen/gconvfifo.rf/grf.rf/gntv_or_sync_fifo.mem/gbm.gbmg.gbmga.ngecc.bmg/inst_blk_mem_gen/gnbram.gnativebmg.native_blk_mem_gen/valid.cstr/ramloop[0].ram.r/prim_noinit.ram/clk
    RAMB18_X1Y15         RAMB18E1                                     r  u_uart_top/u_convert_fifo/U0/inst_fifo_gen/gconvfifo.rf/grf.rf/gntv_or_sync_fifo.mem/gbm.gbmg.gbmga.ngecc.bmg/inst_blk_mem_gen/gnbram.gnativebmg.native_blk_mem_gen/valid.cstr/ramloop[0].ram.r/prim_noinit.ram/DEVICE_7SERIES.NO_BMM_INFO.SDP.WIDE_PRIM18.ram/CLKBWRCLK
                         clock pessimism             -0.500     1.567    
    RAMB18_X1Y15         RAMB18E1 (Hold_ramb18e1_CLKBWRCLK_DIBDI[7])
                                                      0.155     1.722    u_uart_top/u_convert_fifo/U0/inst_fifo_gen/gconvfifo.rf/grf.rf/gntv_or_sync_fifo.mem/gbm.gbmg.gbmga.ngecc.bmg/inst_blk_mem_gen/gnbram.gnativebmg.native_blk_mem_gen/valid.cstr/ramloop[0].ram.r/prim_noinit.ram/DEVICE_7SERIES.NO_BMM_INFO.SDP.WIDE_PRIM18.ram
  -------------------------------------------------------------------
                         required time                         -1.722    
                         arrival time                           1.760    
  -------------------------------------------------------------------
                         slack                                  0.038    

Slack (MET) :             0.080ns  (arrival time - required time)
  Source:                 tx_data_reg[25]/C
                            (rising edge-triggered cell FDCE clocked by clk  {rise@0.000ns fall@10.000ns period=20.000ns})
  Destination:            u_uart_top/u_convert_fifo/U0/inst_fifo_gen/gconvfifo.rf/grf.rf/gntv_or_sync_fifo.mem/gbm.gbmg.gbmga.ngecc.bmg/inst_blk_mem_gen/gnbram.gnativebmg.native_blk_mem_gen/valid.cstr/ramloop[0].ram.r/prim_noinit.ram/DEVICE_7SERIES.NO_BMM_INFO.SDP.WIDE_PRIM18.ram/DIADI[1]
                            (rising edge-triggered cell RAMB18E1 clocked by clk  {rise@0.000ns fall@10.000ns period=20.000ns})
  Path Group:             clk
  Path Type:              Hold (Min at Fast Process Corner)
  Requirement:            0.000ns  (clk rise@0.000ns - clk rise@0.000ns)
  Data Path Delay:        0.237ns  (logic 0.128ns (53.903%)  route 0.109ns (46.097%))
  Logic Levels:           0  
  Clock Path Skew:        0.055ns (DCD - SCD - CPR)
    Destination Clock Delay (DCD):    2.066ns
    Source Clock Delay      (SCD):    1.511ns
    Clock Pessimism Removal (CPR):    0.500ns

    Location             Delay type                Incr(ns)  Path(ns)    Netlist Resource(s)
  -------------------------------------------------------------------    -------------------
                         (clock clk rise edge)        0.000     0.000 r  
    U18                                               0.000     0.000 r  clk (IN)
                         net (fo=0)                   0.000     0.000    clk
    U18                  IBUF (Prop_ibuf_I_O)         0.297     0.297 r  clk_IBUF_inst/O
                         net (fo=1, routed)           0.627     0.925    clk_IBUF
    BUFGCTRL_X0Y0        BUFG (Prop_bufg_I_O)         0.026     0.951 r  clk_IBUF_BUFG_inst/O
                         net (fo=137, routed)         0.561     1.511    clk_IBUF_BUFG
    SLICE_X26Y39         FDCE                                         r  tx_data_reg[25]/C
  -------------------------------------------------------------------    -------------------
    SLICE_X26Y39         FDCE (Prop_fdce_C_Q)         0.128     1.639 r  tx_data_reg[25]/Q
                         net (fo=1, routed)           0.109     1.749    u_uart_top/u_convert_fifo/U0/inst_fifo_gen/gconvfifo.rf/grf.rf/gntv_or_sync_fifo.mem/gbm.gbmg.gbmga.ngecc.bmg/inst_blk_mem_gen/gnbram.gnativebmg.native_blk_mem_gen/valid.cstr/ramloop[0].ram.r/prim_noinit.ram/din[25]
    RAMB18_X1Y15         RAMB18E1                                     r  u_uart_top/u_convert_fifo/U0/inst_fifo_gen/gconvfifo.rf/grf.rf/gntv_or_sync_fifo.mem/gbm.gbmg.gbmga.ngecc.bmg/inst_blk_mem_gen/gnbram.gnativebmg.native_blk_mem_gen/valid.cstr/ramloop[0].ram.r/prim_noinit.ram/DEVICE_7SERIES.NO_BMM_INFO.SDP.WIDE_PRIM18.ram/DIADI[1]
  -------------------------------------------------------------------    -------------------

                         (clock clk rise edge)        0.000     0.000 r  
    U18                                               0.000     0.000 r  clk (IN)
                         net (fo=0)                   0.000     0.000    clk
    U18                  IBUF (Prop_ibuf_I_O)         0.486     0.486 r  clk_IBUF_inst/O
                         net (fo=1, routed)           0.683     1.169    clk_IBUF
    BUFGCTRL_X0Y0        BUFG (Prop_bufg_I_O)         0.029     1.198 r  clk_IBUF_BUFG_inst/O
                         net (fo=137, routed)         0.868     2.066    u_uart_top/u_convert_fifo/U0/inst_fifo_gen/gconvfifo.rf/grf.rf/gntv_or_sync_fifo.mem/gbm.gbmg.gbmga.ngecc.bmg/inst_blk_mem_gen/gnbram.gnativebmg.native_blk_mem_gen/valid.cstr/ramloop[0].ram.r/prim_noinit.ram/clk
    RAMB18_X1Y15         RAMB18E1                                     r  u_uart_top/u_convert_fifo/U0/inst_fifo_gen/gconvfifo.rf/grf.rf/gntv_or_sync_fifo.mem/gbm.gbmg.gbmga.ngecc.bmg/inst_blk_mem_gen/gnbram.gnativebmg.native_blk_mem_gen/valid.cstr/ramloop[0].ram.r/prim_noinit.ram/DEVICE_7SERIES.NO_BMM_INFO.SDP.WIDE_PRIM18.ram/CLKBWRCLK
                         clock pessimism             -0.500     1.567    
    RAMB18_X1Y15         RAMB18E1 (Hold_ramb18e1_CLKBWRCLK_DIADI[1])
                                                      0.102     1.669    u_uart_top/u_convert_fifo/U0/inst_fifo_gen/gconvfifo.rf/grf.rf/gntv_or_sync_fifo.mem/gbm.gbmg.gbmga.ngecc.bmg/inst_blk_mem_gen/gnbram.gnativebmg.native_blk_mem_gen/valid.cstr/ramloop[0].ram.r/prim_noinit.ram/DEVICE_7SERIES.NO_BMM_INFO.SDP.WIDE_PRIM18.ram
  -------------------------------------------------------------------
                         required time                         -1.669    
                         arrival time                           1.749    
  -------------------------------------------------------------------
                         slack                                  0.080    

Slack (MET) :             0.095ns  (arrival time - required time)
  Source:                 tx_data_reg[3]/C
                            (rising edge-triggered cell FDCE clocked by clk  {rise@0.000ns fall@10.000ns period=20.000ns})
  Destination:            u_uart_top/u_convert_fifo/U0/inst_fifo_gen/gconvfifo.rf/grf.rf/gntv_or_sync_fifo.mem/gbm.gbmg.gbmga.ngecc.bmg/inst_blk_mem_gen/gnbram.gnativebmg.native_blk_mem_gen/valid.cstr/ramloop[0].ram.r/prim_noinit.ram/DEVICE_7SERIES.NO_BMM_INFO.SDP.WIDE_PRIM18.ram/DIBDI[11]
                            (rising edge-triggered cell RAMB18E1 clocked by clk  {rise@0.000ns fall@10.000ns period=20.000ns})
  Path Group:             clk
  Path Type:              Hold (Min at Fast Process Corner)
  Requirement:            0.000ns  (clk rise@0.000ns - clk rise@0.000ns)
  Data Path Delay:        0.326ns  (logic 0.141ns (43.228%)  route 0.185ns (56.772%))
  Logic Levels:           0  
  Clock Path Skew:        0.076ns (DCD - SCD - CPR)
    Destination Clock Delay (DCD):    2.066ns
    Source Clock Delay      (SCD):    1.509ns
    Clock Pessimism Removal (CPR):    0.481ns

    Location             Delay type                Incr(ns)  Path(ns)    Netlist Resource(s)
  -------------------------------------------------------------------    -------------------
                         (clock clk rise edge)        0.000     0.000 r  
    U18                                               0.000     0.000 r  clk (IN)
                         net (fo=0)                   0.000     0.000    clk
    U18                  IBUF (Prop_ibuf_I_O)         0.297     0.297 r  clk_IBUF_inst/O
                         net (fo=1, routed)           0.627     0.925    clk_IBUF
    BUFGCTRL_X0Y0        BUFG (Prop_bufg_I_O)         0.026     0.951 r  clk_IBUF_BUFG_inst/O
                         net (fo=137, routed)         0.559     1.509    clk_IBUF_BUFG
    SLICE_X29Y36         FDCE                                         r  tx_data_reg[3]/C
  -------------------------------------------------------------------    -------------------
    SLICE_X29Y36         FDCE (Prop_fdce_C_Q)         0.141     1.650 r  tx_data_reg[3]/Q
                         net (fo=1, routed)           0.185     1.835    u_uart_top/u_convert_fifo/U0/inst_fifo_gen/gconvfifo.rf/grf.rf/gntv_or_sync_fifo.mem/gbm.gbmg.gbmga.ngecc.bmg/inst_blk_mem_gen/gnbram.gnativebmg.native_blk_mem_gen/valid.cstr/ramloop[0].ram.r/prim_noinit.ram/din[3]
    RAMB18_X1Y15         RAMB18E1                                     r  u_uart_top/u_convert_fifo/U0/inst_fifo_gen/gconvfifo.rf/grf.rf/gntv_or_sync_fifo.mem/gbm.gbmg.gbmga.ngecc.bmg/inst_blk_mem_gen/gnbram.gnativebmg.native_blk_mem_gen/valid.cstr/ramloop[0].ram.r/prim_noinit.ram/DEVICE_7SERIES.NO_BMM_INFO.SDP.WIDE_PRIM18.ram/DIBDI[11]
  -------------------------------------------------------------------    -------------------

                         (clock clk rise edge)        0.000     0.000 r  
    U18                                               0.000     0.000 r  clk (IN)
                         net (fo=0)                   0.000     0.000    clk
    U18                  IBUF (Prop_ibuf_I_O)         0.486     0.486 r  clk_IBUF_inst/O
                         net (fo=1, routed)           0.683     1.169    clk_IBUF
    BUFGCTRL_X0Y0        BUFG (Prop_bufg_I_O)         0.029     1.198 r  clk_IBUF_BUFG_inst/O
                         net (fo=137, routed)         0.868     2.066    u_uart_top/u_convert_fifo/U0/inst_fifo_gen/gconvfifo.rf/grf.rf/gntv_or_sync_fifo.mem/gbm.gbmg.gbmga.ngecc.bmg/inst_blk_mem_gen/gnbram.gnativebmg.native_blk_mem_gen/valid.cstr/ramloop[0].ram.r/prim_noinit.ram/clk
    RAMB18_X1Y15         RAMB18E1                                     r  u_uart_top/u_convert_fifo/U0/inst_fifo_gen/gconvfifo.rf/grf.rf/gntv_or_sync_fifo.mem/gbm.gbmg.gbmga.ngecc.bmg/inst_blk_mem_gen/gnbram.gnativebmg.native_blk_mem_gen/valid.cstr/ramloop[0].ram.r/prim_noinit.ram/DEVICE_7SERIES.NO_BMM_INFO.SDP.WIDE_PRIM18.ram/CLKBWRCLK
                         clock pessimism             -0.481     1.586    
    RAMB18_X1Y15         RAMB18E1 (Hold_ramb18e1_CLKBWRCLK_DIBDI[11])
                                                      0.155     1.741    u_uart_top/u_convert_fifo/U0/inst_fifo_gen/gconvfifo.rf/grf.rf/gntv_or_sync_fifo.mem/gbm.gbmg.gbmga.ngecc.bmg/inst_blk_mem_gen/gnbram.gnativebmg.native_blk_mem_gen/valid.cstr/ramloop[0].ram.r/prim_noinit.ram/DEVICE_7SERIES.NO_BMM_INFO.SDP.WIDE_PRIM18.ram
  -------------------------------------------------------------------
                         required time                         -1.741    
                         arrival time                           1.835    
  -------------------------------------------------------------------
                         slack                                  0.095    

Slack (MET) :             0.097ns  (arrival time - required time)
  Source:                 tx_data_reg[26]/C
                            (rising edge-triggered cell FDCE clocked by clk  {rise@0.000ns fall@10.000ns period=20.000ns})
  Destination:            u_uart_top/u_convert_fifo/U0/inst_fifo_gen/gconvfifo.rf/grf.rf/gntv_or_sync_fifo.mem/gbm.gbmg.gbmga.ngecc.bmg/inst_blk_mem_gen/gnbram.gnativebmg.native_blk_mem_gen/valid.cstr/ramloop[0].ram.r/prim_noinit.ram/DEVICE_7SERIES.NO_BMM_INFO.SDP.WIDE_PRIM18.ram/DIADI[2]
                            (rising edge-triggered cell RAMB18E1 clocked by clk  {rise@0.000ns fall@10.000ns period=20.000ns})
  Path Group:             clk
  Path Type:              Hold (Min at Fast Process Corner)
  Requirement:            0.000ns  (clk rise@0.000ns - clk rise@0.000ns)
  Data Path Delay:        0.309ns  (logic 0.141ns (45.630%)  route 0.168ns (54.370%))
  Logic Levels:           0  
  Clock Path Skew:        0.057ns (DCD - SCD - CPR)
    Destination Clock Delay (DCD):    2.066ns
    Source Clock Delay      (SCD):    1.509ns
    Clock Pessimism Removal (CPR):    0.500ns

    Location             Delay type                Incr(ns)  Path(ns)    Netlist Resource(s)
  -------------------------------------------------------------------    -------------------
                         (clock clk rise edge)        0.000     0.000 r  
    U18                                               0.000     0.000 r  clk (IN)
                         net (fo=0)                   0.000     0.000    clk
    U18                  IBUF (Prop_ibuf_I_O)         0.297     0.297 r  clk_IBUF_inst/O
                         net (fo=1, routed)           0.627     0.925    clk_IBUF
    BUFGCTRL_X0Y0        BUFG (Prop_bufg_I_O)         0.026     0.951 r  clk_IBUF_BUFG_inst/O
                         net (fo=137, routed)         0.559     1.509    clk_IBUF_BUFG
    SLICE_X26Y35         FDCE                                         r  tx_data_reg[26]/C
  -------------------------------------------------------------------    -------------------
    SLICE_X26Y35         FDCE (Prop_fdce_C_Q)         0.141     1.650 r  tx_data_reg[26]/Q
                         net (fo=1, routed)           0.168     1.818    u_uart_top/u_convert_fifo/U0/inst_fifo_gen/gconvfifo.rf/grf.rf/gntv_or_sync_fifo.mem/gbm.gbmg.gbmga.ngecc.bmg/inst_blk_mem_gen/gnbram.gnativebmg.native_blk_mem_gen/valid.cstr/ramloop[0].ram.r/prim_noinit.ram/din[26]
    RAMB18_X1Y15         RAMB18E1                                     r  u_uart_top/u_convert_fifo/U0/inst_fifo_gen/gconvfifo.rf/grf.rf/gntv_or_sync_fifo.mem/gbm.gbmg.gbmga.ngecc.bmg/inst_blk_mem_gen/gnbram.gnativebmg.native_blk_mem_gen/valid.cstr/ramloop[0].ram.r/prim_noinit.ram/DEVICE_7SERIES.NO_BMM_INFO.SDP.WIDE_PRIM18.ram/DIADI[2]
  -------------------------------------------------------------------    -------------------

                         (clock clk rise edge)        0.000     0.000 r  
    U18                                               0.000     0.000 r  clk (IN)
                         net (fo=0)                   0.000     0.000    clk
    U18                  IBUF (Prop_ibuf_I_O)         0.486     0.486 r  clk_IBUF_inst/O
                         net (fo=1, routed)           0.683     1.169    clk_IBUF
    BUFGCTRL_X0Y0        BUFG (Prop_bufg_I_O)         0.029     1.198 r  clk_IBUF_BUFG_inst/O
                         net (fo=137, routed)         0.868     2.066    u_uart_top/u_convert_fifo/U0/inst_fifo_gen/gconvfifo.rf/grf.rf/gntv_or_sync_fifo.mem/gbm.gbmg.gbmga.ngecc.bmg/inst_blk_mem_gen/gnbram.gnativebmg.native_blk_mem_gen/valid.cstr/ramloop[0].ram.r/prim_noinit.ram/clk
    RAMB18_X1Y15         RAMB18E1                                     r  u_uart_top/u_convert_fifo/U0/inst_fifo_gen/gconvfifo.rf/grf.rf/gntv_or_sync_fifo.mem/gbm.gbmg.gbmga.ngecc.bmg/inst_blk_mem_gen/gnbram.gnativebmg.native_blk_mem_gen/valid.cstr/ramloop[0].ram.r/prim_noinit.ram/DEVICE_7SERIES.NO_BMM_INFO.SDP.WIDE_PRIM18.ram/CLKBWRCLK
                         clock pessimism             -0.500     1.567    
    RAMB18_X1Y15         RAMB18E1 (Hold_ramb18e1_CLKBWRCLK_DIADI[2])
                                                      0.155     1.722    u_uart_top/u_convert_fifo/U0/inst_fifo_gen/gconvfifo.rf/grf.rf/gntv_or_sync_fifo.mem/gbm.gbmg.gbmga.ngecc.bmg/inst_blk_mem_gen/gnbram.gnativebmg.native_blk_mem_gen/valid.cstr/ramloop[0].ram.r/prim_noinit.ram/DEVICE_7SERIES.NO_BMM_INFO.SDP.WIDE_PRIM18.ram
  -------------------------------------------------------------------
                         required time                         -1.722    
                         arrival time                           1.818    
  -------------------------------------------------------------------
                         slack                                  0.097    

Slack (MET) :             0.098ns  (arrival time - required time)
  Source:                 tx_data_reg[0]/C
                            (rising edge-triggered cell FDCE clocked by clk  {rise@0.000ns fall@10.000ns period=20.000ns})
  Destination:            u_uart_top/u_convert_fifo/U0/inst_fifo_gen/gconvfifo.rf/grf.rf/gntv_or_sync_fifo.mem/gbm.gbmg.gbmga.ngecc.bmg/inst_blk_mem_gen/gnbram.gnativebmg.native_blk_mem_gen/valid.cstr/ramloop[0].ram.r/prim_noinit.ram/DEVICE_7SERIES.NO_BMM_INFO.SDP.WIDE_PRIM18.ram/DIBDI[8]
                            (rising edge-triggered cell RAMB18E1 clocked by clk  {rise@0.000ns fall@10.000ns period=20.000ns})
  Path Group:             clk
  Path Type:              Hold (Min at Fast Process Corner)
  Requirement:            0.000ns  (clk rise@0.000ns - clk rise@0.000ns)
  Data Path Delay:        0.329ns  (logic 0.164ns (49.831%)  route 0.165ns (50.169%))
  Logic Levels:           0  
  Clock Path Skew:        0.076ns (DCD - SCD - CPR)
    Destination Clock Delay (DCD):    2.066ns
    Source Clock Delay      (SCD):    1.509ns
    Clock Pessimism Removal (CPR):    0.481ns

    Location             Delay type                Incr(ns)  Path(ns)    Netlist Resource(s)
  -------------------------------------------------------------------    -------------------
                         (clock clk rise edge)        0.000     0.000 r  
    U18                                               0.000     0.000 r  clk (IN)
                         net (fo=0)                   0.000     0.000    clk
    U18                  IBUF (Prop_ibuf_I_O)         0.297     0.297 r  clk_IBUF_inst/O
                         net (fo=1, routed)           0.627     0.925    clk_IBUF
    BUFGCTRL_X0Y0        BUFG (Prop_bufg_I_O)         0.026     0.951 r  clk_IBUF_BUFG_inst/O
                         net (fo=137, routed)         0.559     1.509    clk_IBUF_BUFG
    SLICE_X28Y36         FDCE                                         r  tx_data_reg[0]/C
  -------------------------------------------------------------------    -------------------
    SLICE_X28Y36         FDCE (Prop_fdce_C_Q)         0.164     1.673 r  tx_data_reg[0]/Q
                         net (fo=1, routed)           0.165     1.838    u_uart_top/u_convert_fifo/U0/inst_fifo_gen/gconvfifo.rf/grf.rf/gntv_or_sync_fifo.mem/gbm.gbmg.gbmga.ngecc.bmg/inst_blk_mem_gen/gnbram.gnativebmg.native_blk_mem_gen/valid.cstr/ramloop[0].ram.r/prim_noinit.ram/din[0]
    RAMB18_X1Y15         RAMB18E1                                     r  u_uart_top/u_convert_fifo/U0/inst_fifo_gen/gconvfifo.rf/grf.rf/gntv_or_sync_fifo.mem/gbm.gbmg.gbmga.ngecc.bmg/inst_blk_mem_gen/gnbram.gnativebmg.native_blk_mem_gen/valid.cstr/ramloop[0].ram.r/prim_noinit.ram/DEVICE_7SERIES.NO_BMM_INFO.SDP.WIDE_PRIM18.ram/DIBDI[8]
  -------------------------------------------------------------------    -------------------

                         (clock clk rise edge)        0.000     0.000 r  
    U18                                               0.000     0.000 r  clk (IN)
                         net (fo=0)                   0.000     0.000    clk
    U18                  IBUF (Prop_ibuf_I_O)         0.486     0.486 r  clk_IBUF_inst/O
                         net (fo=1, routed)           0.683     1.169    clk_IBUF
    BUFGCTRL_X0Y0        BUFG (Prop_bufg_I_O)         0.029     1.198 r  clk_IBUF_BUFG_inst/O
                         net (fo=137, routed)         0.868     2.066    u_uart_top/u_convert_fifo/U0/inst_fifo_gen/gconvfifo.rf/grf.rf/gntv_or_sync_fifo.mem/gbm.gbmg.gbmga.ngecc.bmg/inst_blk_mem_gen/gnbram.gnativebmg.native_blk_mem_gen/valid.cstr/ramloop[0].ram.r/prim_noinit.ram/clk
    RAMB18_X1Y15         RAMB18E1                                     r  u_uart_top/u_convert_fifo/U0/inst_fifo_gen/gconvfifo.rf/grf.rf/gntv_or_sync_fifo.mem/gbm.gbmg.gbmga.ngecc.bmg/inst_blk_mem_gen/gnbram.gnativebmg.native_blk_mem_gen/valid.cstr/ramloop[0].ram.r/prim_noinit.ram/DEVICE_7SERIES.NO_BMM_INFO.SDP.WIDE_PRIM18.ram/CLKBWRCLK
                         clock pessimism             -0.481     1.586    
    RAMB18_X1Y15         RAMB18E1 (Hold_ramb18e1_CLKBWRCLK_DIBDI[8])
                                                      0.155     1.741    u_uart_top/u_convert_fifo/U0/inst_fifo_gen/gconvfifo.rf/grf.rf/gntv_or_sync_fifo.mem/gbm.gbmg.gbmga.ngecc.bmg/inst_blk_mem_gen/gnbram.gnativebmg.native_blk_mem_gen/valid.cstr/ramloop[0].ram.r/prim_noinit.ram/DEVICE_7SERIES.NO_BMM_INFO.SDP.WIDE_PRIM18.ram
  -------------------------------------------------------------------
                         required time                         -1.741    
                         arrival time                           1.838    
  -------------------------------------------------------------------
                         slack                                  0.098    

Slack (MET) :             0.099ns  (arrival time - required time)
  Source:                 tx_data_reg[12]/C
                            (rising edge-triggered cell FDCE clocked by clk  {rise@0.000ns fall@10.000ns period=20.000ns})
  Destination:            u_uart_top/u_convert_fifo/U0/inst_fifo_gen/gconvfifo.rf/grf.rf/gntv_or_sync_fifo.mem/gbm.gbmg.gbmga.ngecc.bmg/inst_blk_mem_gen/gnbram.gnativebmg.native_blk_mem_gen/valid.cstr/ramloop[0].ram.r/prim_noinit.ram/DEVICE_7SERIES.NO_BMM_INFO.SDP.WIDE_PRIM18.ram/DIBDI[4]
                            (rising edge-triggered cell RAMB18E1 clocked by clk  {rise@0.000ns fall@10.000ns period=20.000ns})
  Path Group:             clk
  Path Type:              Hold (Min at Fast Process Corner)
  Requirement:            0.000ns  (clk rise@0.000ns - clk rise@0.000ns)
  Data Path Delay:        0.310ns  (logic 0.141ns (45.491%)  route 0.169ns (54.509%))
  Logic Levels:           0  
  Clock Path Skew:        0.055ns (DCD - SCD - CPR)
    Destination Clock Delay (DCD):    2.066ns
    Source Clock Delay      (SCD):    1.511ns
    Clock Pessimism Removal (CPR):    0.500ns

    Location             Delay type                Incr(ns)  Path(ns)    Netlist Resource(s)
  -------------------------------------------------------------------    -------------------
                         (clock clk rise edge)        0.000     0.000 r  
    U18                                               0.000     0.000 r  clk (IN)
                         net (fo=0)                   0.000     0.000    clk
    U18                  IBUF (Prop_ibuf_I_O)         0.297     0.297 r  clk_IBUF_inst/O
                         net (fo=1, routed)           0.627     0.925    clk_IBUF
    BUFGCTRL_X0Y0        BUFG (Prop_bufg_I_O)         0.026     0.951 r  clk_IBUF_BUFG_inst/O
                         net (fo=137, routed)         0.561     1.511    clk_IBUF_BUFG
    SLICE_X26Y39         FDCE                                         r  tx_data_reg[12]/C
  -------------------------------------------------------------------    -------------------
    SLICE_X26Y39         FDCE (Prop_fdce_C_Q)         0.141     1.652 r  tx_data_reg[12]/Q
                         net (fo=1, routed)           0.169     1.821    u_uart_top/u_convert_fifo/U0/inst_fifo_gen/gconvfifo.rf/grf.rf/gntv_or_sync_fifo.mem/gbm.gbmg.gbmga.ngecc.bmg/inst_blk_mem_gen/gnbram.gnativebmg.native_blk_mem_gen/valid.cstr/ramloop[0].ram.r/prim_noinit.ram/din[12]
    RAMB18_X1Y15         RAMB18E1                                     r  u_uart_top/u_convert_fifo/U0/inst_fifo_gen/gconvfifo.rf/grf.rf/gntv_or_sync_fifo.mem/gbm.gbmg.gbmga.ngecc.bmg/inst_blk_mem_gen/gnbram.gnativebmg.native_blk_mem_gen/valid.cstr/ramloop[0].ram.r/prim_noinit.ram/DEVICE_7SERIES.NO_BMM_INFO.SDP.WIDE_PRIM18.ram/DIBDI[4]
  -------------------------------------------------------------------    -------------------

                         (clock clk rise edge)        0.000     0.000 r  
    U18                                               0.000     0.000 r  clk (IN)
                         net (fo=0)                   0.000     0.000    clk
    U18                  IBUF (Prop_ibuf_I_O)         0.486     0.486 r  clk_IBUF_inst/O
                         net (fo=1, routed)           0.683     1.169    clk_IBUF
    BUFGCTRL_X0Y0        BUFG (Prop_bufg_I_O)         0.029     1.198 r  clk_IBUF_BUFG_inst/O
                         net (fo=137, routed)         0.868     2.066    u_uart_top/u_convert_fifo/U0/inst_fifo_gen/gconvfifo.rf/grf.rf/gntv_or_sync_fifo.mem/gbm.gbmg.gbmga.ngecc.bmg/inst_blk_mem_gen/gnbram.gnativebmg.native_blk_mem_gen/valid.cstr/ramloop[0].ram.r/prim_noinit.ram/clk
    RAMB18_X1Y15         RAMB18E1                                     r  u_uart_top/u_convert_fifo/U0/inst_fifo_gen/gconvfifo.rf/grf.rf/gntv_or_sync_fifo.mem/gbm.gbmg.gbmga.ngecc.bmg/inst_blk_mem_gen/gnbram.gnativebmg.native_blk_mem_gen/valid.cstr/ramloop[0].ram.r/prim_noinit.ram/DEVICE_7SERIES.NO_BMM_INFO.SDP.WIDE_PRIM18.ram/CLKBWRCLK
                         clock pessimism             -0.500     1.567    
    RAMB18_X1Y15         RAMB18E1 (Hold_ramb18e1_CLKBWRCLK_DIBDI[4])
                                                      0.155     1.722    u_uart_top/u_convert_fifo/U0/inst_fifo_gen/gconvfifo.rf/grf.rf/gntv_or_sync_fifo.mem/gbm.gbmg.gbmga.ngecc.bmg/inst_blk_mem_gen/gnbram.gnativebmg.native_blk_mem_gen/valid.cstr/ramloop[0].ram.r/prim_noinit.ram/DEVICE_7SERIES.NO_BMM_INFO.SDP.WIDE_PRIM18.ram
  -------------------------------------------------------------------
                         required time                         -1.722    
                         arrival time                           1.821    
  -------------------------------------------------------------------
                         slack                                  0.099    

Slack (MET) :             0.100ns  (arrival time - required time)
  Source:                 tx_data_reg[2]/C
                            (rising edge-triggered cell FDCE clocked by clk  {rise@0.000ns fall@10.000ns period=20.000ns})
  Destination:            u_uart_top/u_convert_fifo/U0/inst_fifo_gen/gconvfifo.rf/grf.rf/gntv_or_sync_fifo.mem/gbm.gbmg.gbmga.ngecc.bmg/inst_blk_mem_gen/gnbram.gnativebmg.native_blk_mem_gen/valid.cstr/ramloop[0].ram.r/prim_noinit.ram/DEVICE_7SERIES.NO_BMM_INFO.SDP.WIDE_PRIM18.ram/DIBDI[10]
                            (rising edge-triggered cell RAMB18E1 clocked by clk  {rise@0.000ns fall@10.000ns period=20.000ns})
  Path Group:             clk
  Path Type:              Hold (Min at Fast Process Corner)
  Requirement:            0.000ns  (clk rise@0.000ns - clk rise@0.000ns)
  Data Path Delay:        0.312ns  (logic 0.141ns (45.188%)  route 0.171ns (54.812%))
  Logic Levels:           0  
  Clock Path Skew:        0.057ns (DCD - SCD - CPR)
    Destination Clock Delay (DCD):    2.066ns
    Source Clock Delay      (SCD):    1.509ns
    Clock Pessimism Removal (CPR):    0.500ns

    Location             Delay type                Incr(ns)  Path(ns)    Netlist Resource(s)
  -------------------------------------------------------------------    -------------------
                         (clock clk rise edge)        0.000     0.000 r  
    U18                                               0.000     0.000 r  clk (IN)
                         net (fo=0)                   0.000     0.000    clk
    U18                  IBUF (Prop_ibuf_I_O)         0.297     0.297 r  clk_IBUF_inst/O
                         net (fo=1, routed)           0.627     0.925    clk_IBUF
    BUFGCTRL_X0Y0        BUFG (Prop_bufg_I_O)         0.026     0.951 r  clk_IBUF_BUFG_inst/O
                         net (fo=137, routed)         0.559     1.509    clk_IBUF_BUFG
    SLICE_X26Y35         FDCE                                         r  tx_data_reg[2]/C
  -------------------------------------------------------------------    -------------------
    SLICE_X26Y35         FDCE (Prop_fdce_C_Q)         0.141     1.650 r  tx_data_reg[2]/Q
                         net (fo=1, routed)           0.171     1.821    u_uart_top/u_convert_fifo/U0/inst_fifo_gen/gconvfifo.rf/grf.rf/gntv_or_sync_fifo.mem/gbm.gbmg.gbmga.ngecc.bmg/inst_blk_mem_gen/gnbram.gnativebmg.native_blk_mem_gen/valid.cstr/ramloop[0].ram.r/prim_noinit.ram/din[2]
    RAMB18_X1Y15         RAMB18E1                                     r  u_uart_top/u_convert_fifo/U0/inst_fifo_gen/gconvfifo.rf/grf.rf/gntv_or_sync_fifo.mem/gbm.gbmg.gbmga.ngecc.bmg/inst_blk_mem_gen/gnbram.gnativebmg.native_blk_mem_gen/valid.cstr/ramloop[0].ram.r/prim_noinit.ram/DEVICE_7SERIES.NO_BMM_INFO.SDP.WIDE_PRIM18.ram/DIBDI[10]
  -------------------------------------------------------------------    -------------------

                         (clock clk rise edge)        0.000     0.000 r  
    U18                                               0.000     0.000 r  clk (IN)
                         net (fo=0)                   0.000     0.000    clk
    U18                  IBUF (Prop_ibuf_I_O)         0.486     0.486 r  clk_IBUF_inst/O
                         net (fo=1, routed)           0.683     1.169    clk_IBUF
    BUFGCTRL_X0Y0        BUFG (Prop_bufg_I_O)         0.029     1.198 r  clk_IBUF_BUFG_inst/O
                         net (fo=137, routed)         0.868     2.066    u_uart_top/u_convert_fifo/U0/inst_fifo_gen/gconvfifo.rf/grf.rf/gntv_or_sync_fifo.mem/gbm.gbmg.gbmga.ngecc.bmg/inst_blk_mem_gen/gnbram.gnativebmg.native_blk_mem_gen/valid.cstr/ramloop[0].ram.r/prim_noinit.ram/clk
    RAMB18_X1Y15         RAMB18E1                                     r  u_uart_top/u_convert_fifo/U0/inst_fifo_gen/gconvfifo.rf/grf.rf/gntv_or_sync_fifo.mem/gbm.gbmg.gbmga.ngecc.bmg/inst_blk_mem_gen/gnbram.gnativebmg.native_blk_mem_gen/valid.cstr/ramloop[0].ram.r/prim_noinit.ram/DEVICE_7SERIES.NO_BMM_INFO.SDP.WIDE_PRIM18.ram/CLKBWRCLK
                         clock pessimism             -0.500     1.567    
    RAMB18_X1Y15         RAMB18E1 (Hold_ramb18e1_CLKBWRCLK_DIBDI[10])
                                                      0.155     1.722    u_uart_top/u_convert_fifo/U0/inst_fifo_gen/gconvfifo.rf/grf.rf/gntv_or_sync_fifo.mem/gbm.gbmg.gbmga.ngecc.bmg/inst_blk_mem_gen/gnbram.gnativebmg.native_blk_mem_gen/valid.cstr/ramloop[0].ram.r/prim_noinit.ram/DEVICE_7SERIES.NO_BMM_INFO.SDP.WIDE_PRIM18.ram
  -------------------------------------------------------------------
                         required time                         -1.722    
                         arrival time                           1.821    
  -------------------------------------------------------------------
                         slack                                  0.100    

Slack (MET) :             0.100ns  (arrival time - required time)
  Source:                 tx_data_reg[18]/C
                            (rising edge-triggered cell FDCE clocked by clk  {rise@0.000ns fall@10.000ns period=20.000ns})
  Destination:            u_uart_top/u_convert_fifo/U0/inst_fifo_gen/gconvfifo.rf/grf.rf/gntv_or_sync_fifo.mem/gbm.gbmg.gbmga.ngecc.bmg/inst_blk_mem_gen/gnbram.gnativebmg.native_blk_mem_gen/valid.cstr/ramloop[0].ram.r/prim_noinit.ram/DEVICE_7SERIES.NO_BMM_INFO.SDP.WIDE_PRIM18.ram/DIADI[10]
                            (rising edge-triggered cell RAMB18E1 clocked by clk  {rise@0.000ns fall@10.000ns period=20.000ns})
  Path Group:             clk
  Path Type:              Hold (Min at Fast Process Corner)
  Requirement:            0.000ns  (clk rise@0.000ns - clk rise@0.000ns)
  Data Path Delay:        0.310ns  (logic 0.141ns (45.456%)  route 0.169ns (54.544%))
  Logic Levels:           0  
  Clock Path Skew:        0.055ns (DCD - SCD - CPR)
    Destination Clock Delay (DCD):    2.066ns
    Source Clock Delay      (SCD):    1.511ns
    Clock Pessimism Removal (CPR):    0.500ns

    Location             Delay type                Incr(ns)  Path(ns)    Netlist Resource(s)
  -------------------------------------------------------------------    -------------------
                         (clock clk rise edge)        0.000     0.000 r  
    U18                                               0.000     0.000 r  clk (IN)
                         net (fo=0)                   0.000     0.000    clk
    U18                  IBUF (Prop_ibuf_I_O)         0.297     0.297 r  clk_IBUF_inst/O
                         net (fo=1, routed)           0.627     0.925    clk_IBUF
    BUFGCTRL_X0Y0        BUFG (Prop_bufg_I_O)         0.026     0.951 r  clk_IBUF_BUFG_inst/O
                         net (fo=137, routed)         0.561     1.511    clk_IBUF_BUFG
    SLICE_X26Y39         FDCE                                         r  tx_data_reg[18]/C
  -------------------------------------------------------------------    -------------------
    SLICE_X26Y39         FDCE (Prop_fdce_C_Q)         0.141     1.652 r  tx_data_reg[18]/Q
                         net (fo=1, routed)           0.169     1.821    u_uart_top/u_convert_fifo/U0/inst_fifo_gen/gconvfifo.rf/grf.rf/gntv_or_sync_fifo.mem/gbm.gbmg.gbmga.ngecc.bmg/inst_blk_mem_gen/gnbram.gnativebmg.native_blk_mem_gen/valid.cstr/ramloop[0].ram.r/prim_noinit.ram/din[18]
    RAMB18_X1Y15         RAMB18E1                                     r  u_uart_top/u_convert_fifo/U0/inst_fifo_gen/gconvfifo.rf/grf.rf/gntv_or_sync_fifo.mem/gbm.gbmg.gbmga.ngecc.bmg/inst_blk_mem_gen/gnbram.gnativebmg.native_blk_mem_gen/valid.cstr/ramloop[0].ram.r/prim_noinit.ram/DEVICE_7SERIES.NO_BMM_INFO.SDP.WIDE_PRIM18.ram/DIADI[10]
  -------------------------------------------------------------------    -------------------

                         (clock clk rise edge)        0.000     0.000 r  
    U18                                               0.000     0.000 r  clk (IN)
                         net (fo=0)                   0.000     0.000    clk
    U18                  IBUF (Prop_ibuf_I_O)         0.486     0.486 r  clk_IBUF_inst/O
                         net (fo=1, routed)           0.683     1.169    clk_IBUF
    BUFGCTRL_X0Y0        BUFG (Prop_bufg_I_O)         0.029     1.198 r  clk_IBUF_BUFG_inst/O
                         net (fo=137, routed)         0.868     2.066    u_uart_top/u_convert_fifo/U0/inst_fifo_gen/gconvfifo.rf/grf.rf/gntv_or_sync_fifo.mem/gbm.gbmg.gbmga.ngecc.bmg/inst_blk_mem_gen/gnbram.gnativebmg.native_blk_mem_gen/valid.cstr/ramloop[0].ram.r/prim_noinit.ram/clk
    RAMB18_X1Y15         RAMB18E1                                     r  u_uart_top/u_convert_fifo/U0/inst_fifo_gen/gconvfifo.rf/grf.rf/gntv_or_sync_fifo.mem/gbm.gbmg.gbmga.ngecc.bmg/inst_blk_mem_gen/gnbram.gnativebmg.native_blk_mem_gen/valid.cstr/ramloop[0].ram.r/prim_noinit.ram/DEVICE_7SERIES.NO_BMM_INFO.SDP.WIDE_PRIM18.ram/CLKBWRCLK
                         clock pessimism             -0.500     1.567    
    RAMB18_X1Y15         RAMB18E1 (Hold_ramb18e1_CLKBWRCLK_DIADI[10])
                                                      0.155     1.722    u_uart_top/u_convert_fifo/U0/inst_fifo_gen/gconvfifo.rf/grf.rf/gntv_or_sync_fifo.mem/gbm.gbmg.gbmga.ngecc.bmg/inst_blk_mem_gen/gnbram.gnativebmg.native_blk_mem_gen/valid.cstr/ramloop[0].ram.r/prim_noinit.ram/DEVICE_7SERIES.NO_BMM_INFO.SDP.WIDE_PRIM18.ram
  -------------------------------------------------------------------
                         required time                         -1.722    
                         arrival time                           1.821    
  -------------------------------------------------------------------
                         slack                                  0.100    





Pulse Width Checks
--------------------------------------------------------------------------------------
Clock Name:         clk
Waveform(ns):       { 0.000 10.000 }
Period(ns):         20.000
Sources:            { clk }

Check Type        Corner  Lib Pin             Reference Pin  Required(ns)  Actual(ns)  Slack(ns)  Location       Pin
Min Period        n/a     RAMB18E1/CLKARDCLK  n/a            2.944         20.000      17.056     RAMB18_X1Y15   u_uart_top/u_convert_fifo/U0/inst_fifo_gen/gconvfifo.rf/grf.rf/gntv_or_sync_fifo.mem/gbm.gbmg.gbmga.ngecc.bmg/inst_blk_mem_gen/gnbram.gnativebmg.native_blk_mem_gen/valid.cstr/ramloop[0].ram.r/prim_noinit.ram/DEVICE_7SERIES.NO_BMM_INFO.SDP.WIDE_PRIM18.ram/CLKARDCLK
Min Period        n/a     RAMB18E1/CLKBWRCLK  n/a            2.944         20.000      17.056     RAMB18_X1Y15   u_uart_top/u_convert_fifo/U0/inst_fifo_gen/gconvfifo.rf/grf.rf/gntv_or_sync_fifo.mem/gbm.gbmg.gbmga.ngecc.bmg/inst_blk_mem_gen/gnbram.gnativebmg.native_blk_mem_gen/valid.cstr/ramloop[0].ram.r/prim_noinit.ram/DEVICE_7SERIES.NO_BMM_INFO.SDP.WIDE_PRIM18.ram/CLKBWRCLK
Min Period        n/a     RAMB18E1/CLKARDCLK  n/a            2.576         20.000      17.424     RAMB18_X1Y14   u_inst_rom/U0/inst_blk_mem_gen/gnbram.gnativebmg.native_blk_mem_gen/valid.cstr/ramloop[0].ram.r/prim_init.ram/DEVICE_7SERIES.NO_BMM_INFO.SP.WIDE_PRIM18.ram/CLKARDCLK
Min Period        n/a     RAMB18E1/CLKBWRCLK  n/a            2.576         20.000      17.424     RAMB18_X1Y14   u_inst_rom/U0/inst_blk_mem_gen/gnbram.gnativebmg.native_blk_mem_gen/valid.cstr/ramloop[0].ram.r/prim_init.ram/DEVICE_7SERIES.NO_BMM_INFO.SP.WIDE_PRIM18.ram/CLKBWRCLK
Min Period        n/a     BUFG/I              n/a            2.155         20.000      17.845     BUFGCTRL_X0Y0  clk_IBUF_BUFG_inst/I
Min Period        n/a     FDCE/C              n/a            1.000         20.000      19.000     SLICE_X31Y35   FSM_sequential_state_reg/C
Min Period        n/a     FDCE/C              n/a            1.000         20.000      19.000     SLICE_X26Y34   rom_addr_reg[0]/C
Min Period        n/a     FDCE/C              n/a            1.000         20.000      19.000     SLICE_X26Y34   rom_addr_reg[1]/C
Min Period        n/a     FDCE/C              n/a            1.000         20.000      19.000     SLICE_X26Y34   rom_addr_reg[2]/C
Min Period        n/a     FDCE/C              n/a            1.000         20.000      19.000     SLICE_X26Y34   rom_addr_reg[3]/C
Low Pulse Width   Fast    FDCE/C              n/a            0.500         10.000      9.500      SLICE_X31Y35   FSM_sequential_state_reg/C
Low Pulse Width   Slow    FDCE/C              n/a            0.500         10.000      9.500      SLICE_X26Y34   rom_addr_reg[0]/C
Low Pulse Width   Fast    FDCE/C              n/a            0.500         10.000      9.500      SLICE_X26Y34   rom_addr_reg[0]/C
Low Pulse Width   Slow    FDCE/C              n/a            0.500         10.000      9.500      SLICE_X26Y34   rom_addr_reg[1]/C
Low Pulse Width   Fast    FDCE/C              n/a            0.500         10.000      9.500      SLICE_X26Y34   rom_addr_reg[1]/C
Low Pulse Width   Slow    FDCE/C              n/a            0.500         10.000      9.500      SLICE_X26Y34   rom_addr_reg[2]/C
Low Pulse Width   Fast    FDCE/C              n/a            0.500         10.000      9.500      SLICE_X26Y34   rom_addr_reg[2]/C
Low Pulse Width   Slow    FDCE/C              n/a            0.500         10.000      9.500      SLICE_X26Y34   rom_addr_reg[3]/C
Low Pulse Width   Fast    FDCE/C              n/a            0.500         10.000      9.500      SLICE_X26Y34   rom_addr_reg[3]/C
Low Pulse Width   Slow    FDCE/C              n/a            0.500         10.000      9.500      SLICE_X26Y34   rom_addr_reg[4]/C
High Pulse Width  Slow    FDCE/C              n/a            0.500         10.000      9.500      SLICE_X26Y35   tx_data_reg[26]/C
High Pulse Width  Slow    FDCE/C              n/a            0.500         10.000      9.500      SLICE_X26Y35   tx_data_reg[2]/C
High Pulse Width  Slow    FDRE/C              n/a            0.500         10.000      9.500      SLICE_X27Y36   u_uart_top/u_convert_fifo/U0/inst_fifo_gen/gconvfifo.rf/grf.rf/gntv_or_sync_fifo.gl0.rd/grss.rsts/ram_empty_fb_i_reg/C
High Pulse Width  Slow    FDCE/C              n/a            0.500         10.000      9.500      SLICE_X26Y36   u_uart_top/u_uart_tx/baud_cnt_reg[1]/C
High Pulse Width  Slow    FDCE/C              n/a            0.500         10.000      9.500      SLICE_X27Y35   u_uart_top/u_uart_tx/baud_cnt_reg[2]/C
High Pulse Width  Slow    FDCE/C              n/a            0.500         10.000      9.500      SLICE_X26Y36   u_uart_top/u_uart_tx/baud_cnt_reg[3]/C
High Pulse Width  Slow    FDCE/C              n/a            0.500         10.000      9.500      SLICE_X26Y36   u_uart_top/u_uart_tx/baud_cnt_reg[4]/C
High Pulse Width  Slow    FDCE/C              n/a            0.500         10.000      9.500      SLICE_X26Y35   tx_data_reg[19]/C
High Pulse Width  Slow    FDCE/C              n/a            0.500         10.000      9.500      SLICE_X27Y35   u_uart_top/u_uart_tx/baud_cnt_reg[0]/C
High Pulse Width  Slow    FDCE/C              n/a            0.500         10.000      9.500      SLICE_X31Y38   rx_ready_reg/C



