Copyright 1986-2020 Xilinx, Inc. All Rights Reserved.
-----------------------------------------------------------------------------------------------------------------------------------------------------------------------------------------------
| Tool Version : Vivado v.2020.1 (win64) Build 2902540 Wed May 27 19:54:49 MDT 2020
| Date         : Tue Dec  3 10:53:35 2024
| Host         : LAPTOP-RDA9S5SE running 64-bit major release  (build 9200)
| Command      : report_timing_summary -max_paths 10 -file proc_top_timing_summary_routed.rpt -pb proc_top_timing_summary_routed.pb -rpx proc_top_timing_summary_routed.rpx -warn_on_violation
| Design       : proc_top
| Device       : 7z010-clg400
| Speed File   : -1  PRODUCTION 1.12 2019-11-22
-----------------------------------------------------------------------------------------------------------------------------------------------------------------------------------------------

Timing Summary Report

------------------------------------------------------------------------------------------------
| Timer Settings
| --------------
------------------------------------------------------------------------------------------------

  Enable Multi Corner Analysis               :  Yes
  Enable Pessimism Removal                   :  Yes
  Pessimism Removal Resolution               :  Nearest Common Node
  Enable Input Delay Default Clock           :  No
  Enable Preset / Clear Arcs                 :  No
  Disable Flight Delays                      :  No
  Ignore I/O Paths                           :  No
  Timing Early Launch at Borrowing Latches   :  No
  Borrow Time for Max Delay Exceptions       :  Yes
  Merge Timing Exceptions                    :  Yes

  Corner  Analyze    Analyze    
  Name    Max Paths  Min Paths  
  ------  ---------  ---------  
  Slow    Yes        Yes        
  Fast    Yes        Yes        



check_timing report

Table of Contents
-----------------
1. checking no_clock (678)
2. checking constant_clock (0)
3. checking pulse_width_clock (0)
4. checking unconstrained_internal_endpoints (235)
5. checking no_input_delay (2)
6. checking no_output_delay (1)
7. checking multiple_clock (0)
8. checking generated_clocks (0)
9. checking loops (0)
10. checking partial_input_delay (0)
11. checking partial_output_delay (0)
12. checking latch_loops (0)

1. checking no_clock (678)
--------------------------
 There are 113 register/latch pins with no clock driven by root clock pin: clk_divider_reg[0]/Q (HIGH)

 There are 113 register/latch pins with no clock driven by root clock pin: clk_divider_reg[1]/Q (HIGH)

 There are 113 register/latch pins with no clock driven by root clock pin: clk_divider_reg[2]/Q (HIGH)

 There are 113 register/latch pins with no clock driven by root clock pin: clk_divider_reg[3]/Q (HIGH)

 There are 113 register/latch pins with no clock driven by root clock pin: clk_divider_reg[4]/Q (HIGH)

 There are 113 register/latch pins with no clock driven by root clock pin: clk_divider_reg[5]/Q (HIGH)


2. checking constant_clock (0)
------------------------------
 There are 0 register/latch pins with constant_clock.


3. checking pulse_width_clock (0)
---------------------------------
 There are 0 register/latch pins which need pulse_width check


4. checking unconstrained_internal_endpoints (235)
--------------------------------------------------
 There are 235 pins that are not constrained for maximum delay. (HIGH)

 There are 0 pins that are not constrained for maximum delay due to constant clock.


5. checking no_input_delay (2)
------------------------------
 There are 2 input ports with no input delay specified. (HIGH)

 There are 0 input ports with no input delay but user has a false path constraint.


6. checking no_output_delay (1)
-------------------------------
 There is 1 port with no output delay specified. (HIGH)

 There are 0 ports with no output delay but user has a false path constraint

 There are 0 ports with no output delay but with a timing clock defined on it or propagating through it


7. checking multiple_clock (0)
------------------------------
 There are 0 register/latch pins with multiple clocks.


8. checking generated_clocks (0)
--------------------------------
 There are 0 generated clocks that are not connected to a clock source.


9. checking loops (0)
---------------------
 There are 0 combinational loops in the design.


10. checking partial_input_delay (0)
------------------------------------
 There are 0 input ports with partial input delay specified.


11. checking partial_output_delay (0)
-------------------------------------
 There are 0 ports with partial output delay specified.


12. checking latch_loops (0)
----------------------------
 There are 0 combinational latch loops in the design through latch input



------------------------------------------------------------------------------------------------
| Design Timing Summary
| ---------------------
------------------------------------------------------------------------------------------------

    WNS(ns)      TNS(ns)  TNS Failing Endpoints  TNS Total Endpoints      WHS(ns)      THS(ns)  THS Failing Endpoints  THS Total Endpoints     WPWS(ns)     TPWS(ns)  TPWS Failing Endpoints  TPWS Total Endpoints  
    -------      -------  ---------------------  -------------------      -------      -------  ---------------------  -------------------     --------     --------  ----------------------  --------------------  
     15.403        0.000                      0                  356        0.075        0.000                      0                  336        8.750        0.000                       0                   218  


All user specified timing constraints are met.


------------------------------------------------------------------------------------------------
| Clock Summary
| -------------
------------------------------------------------------------------------------------------------

Clock  Waveform(ns)       Period(ns)      Frequency(MHz)
-----  ------------       ----------      --------------
clk_i  {0.000 10.000}     20.000          50.000          


------------------------------------------------------------------------------------------------
| Intra Clock Table
| -----------------
------------------------------------------------------------------------------------------------

Clock             WNS(ns)      TNS(ns)  TNS Failing Endpoints  TNS Total Endpoints      WHS(ns)      THS(ns)  THS Failing Endpoints  THS Total Endpoints     WPWS(ns)     TPWS(ns)  TPWS Failing Endpoints  TPWS Total Endpoints  
-----             -------      -------  ---------------------  -------------------      -------      -------  ---------------------  -------------------     --------     --------  ----------------------  --------------------  
clk_i              15.403        0.000                      0                  296        0.075        0.000                      0                  296        8.750        0.000                       0                   218  


------------------------------------------------------------------------------------------------
| Inter Clock Table
| -----------------
------------------------------------------------------------------------------------------------

From Clock    To Clock          WNS(ns)      TNS(ns)  TNS Failing Endpoints  TNS Total Endpoints      WHS(ns)      THS(ns)  THS Failing Endpoints  THS Total Endpoints  
----------    --------          -------      -------  ---------------------  -------------------      -------      -------  ---------------------  -------------------  
              clk_i             998.462        0.000                      0                   10                                                                        


------------------------------------------------------------------------------------------------
| Other Path Groups Table
| -----------------------
------------------------------------------------------------------------------------------------

Path Group         From Clock         To Clock               WNS(ns)      TNS(ns)  TNS Failing Endpoints  TNS Total Endpoints      WHS(ns)      THS(ns)  THS Failing Endpoints  THS Total Endpoints  
----------         ----------         --------               -------      -------  ---------------------  -------------------      -------      -------  ---------------------  -------------------  
**async_default**  clk_i              clk_i                   17.859        0.000                      0                   40        0.438        0.000                      0                   40  
**default**        clk_i                                      18.837        0.000                      0                   10                                                                        


------------------------------------------------------------------------------------------------
| Timing Details
| --------------
------------------------------------------------------------------------------------------------


---------------------------------------------------------------------------------------------------
From Clock:  clk_i
  To Clock:  clk_i

Setup :            0  Failing Endpoints,  Worst Slack       15.403ns,  Total Violation        0.000ns
Hold  :            0  Failing Endpoints,  Worst Slack        0.075ns,  Total Violation        0.000ns
PW    :            0  Failing Endpoints,  Worst Slack        8.750ns,  Total Violation        0.000ns
---------------------------------------------------------------------------------------------------


Max Delay Paths
--------------------------------------------------------------------------------------
Slack (MET) :             15.403ns  (required time - arrival time)
  Source:                 u_sys_monitor/u_uart_top/u_uart_rx/baud_cnt_reg[3]/C
                            (rising edge-triggered cell FDCE clocked by clk_i  {rise@0.000ns fall@10.000ns period=20.000ns})
  Destination:            u_sys_monitor/u_uart_top/u_uart_rx/baud_cnt_reg[11]/D
                            (rising edge-triggered cell FDCE clocked by clk_i  {rise@0.000ns fall@10.000ns period=20.000ns})
  Path Group:             clk_i
  Path Type:              Setup (Max at Slow Process Corner)
  Requirement:            20.000ns  (clk_i rise@20.000ns - clk_i rise@0.000ns)
  Data Path Delay:        4.569ns  (logic 1.090ns (23.858%)  route 3.479ns (76.142%))
  Logic Levels:           4  (LUT3=1 LUT4=2 LUT5=1)
  Clock Path Skew:        -0.024ns (DCD - SCD + CPR)
    Destination Clock Delay (DCD):    4.926ns = ( 24.926 - 20.000 ) 
    Source Clock Delay      (SCD):    5.376ns
    Clock Pessimism Removal (CPR):    0.426ns
  Clock Uncertainty:      0.035ns  ((TSJ^2 + TIJ^2)^1/2 + DJ) / 2 + PE
    Total System Jitter     (TSJ):    0.071ns
    Total Input Jitter      (TIJ):    0.000ns
    Discrete Jitter          (DJ):    0.000ns
    Phase Error              (PE):    0.000ns

    Location             Delay type                Incr(ns)  Path(ns)    Netlist Resource(s)
  -------------------------------------------------------------------    -------------------
                         (clock clk_i rise edge)      0.000     0.000 r  
    U18                                               0.000     0.000 r  clk_i (IN)
                         net (fo=0)                   0.000     0.000    clk_i
    U18                  IBUF (Prop_ibuf_I_O)         1.530     1.530 r  clk_i_IBUF_inst/O
                         net (fo=1, routed)           2.076     3.606    clk_i_IBUF
    BUFGCTRL_X0Y0        BUFG (Prop_bufg_I_O)         0.101     3.707 r  clk_i_IBUF_BUFG_inst/O
                         net (fo=217, routed)         1.669     5.376    u_sys_monitor/u_uart_top/u_uart_rx/CLK
    SLICE_X17Y35         FDCE                                         r  u_sys_monitor/u_uart_top/u_uart_rx/baud_cnt_reg[3]/C
  -------------------------------------------------------------------    -------------------
    SLICE_X17Y35         FDCE (Prop_fdce_C_Q)         0.419     5.795 r  u_sys_monitor/u_uart_top/u_uart_rx/baud_cnt_reg[3]/Q
                         net (fo=3, routed)           0.891     6.686    u_sys_monitor/u_uart_top/u_uart_rx/baud_cnt[3]
    SLICE_X17Y35         LUT4 (Prop_lut4_I0_O)        0.299     6.985 f  u_sys_monitor/u_uart_top/u_uart_rx/baud_cnt[15]_i_8/O
                         net (fo=1, routed)           0.796     7.781    u_sys_monitor/u_uart_top/u_uart_rx/baud_cnt[15]_i_8_n_0
    SLICE_X17Y36         LUT5 (Prop_lut5_I4_O)        0.124     7.905 r  u_sys_monitor/u_uart_top/u_uart_rx/baud_cnt[15]_i_4/O
                         net (fo=1, routed)           0.640     8.545    u_sys_monitor/u_uart_top/u_uart_rx/baud_cnt[15]_i_4_n_0
    SLICE_X18Y36         LUT4 (Prop_lut4_I0_O)        0.124     8.669 r  u_sys_monitor/u_uart_top/u_uart_rx/baud_cnt[15]_i_2/O
                         net (fo=16, routed)          1.152     9.821    u_sys_monitor/u_uart_top/u_uart_rx/baud_cnt[15]_i_2_n_0
    SLICE_X17Y37         LUT3 (Prop_lut3_I0_O)        0.124     9.945 r  u_sys_monitor/u_uart_top/u_uart_rx/baud_cnt[11]_i_1/O
                         net (fo=1, routed)           0.000     9.945    u_sys_monitor/u_uart_top/u_uart_rx/baud_cnt[11]_i_1_n_0
    SLICE_X17Y37         FDCE                                         r  u_sys_monitor/u_uart_top/u_uart_rx/baud_cnt_reg[11]/D
  -------------------------------------------------------------------    -------------------

                         (clock clk_i rise edge)     20.000    20.000 r  
    U18                                               0.000    20.000 r  clk_i (IN)
                         net (fo=0)                   0.000    20.000    clk_i
    U18                  IBUF (Prop_ibuf_I_O)         1.459    21.459 r  clk_i_IBUF_inst/O
                         net (fo=1, routed)           1.880    23.339    clk_i_IBUF
    BUFGCTRL_X0Y0        BUFG (Prop_bufg_I_O)         0.091    23.430 r  clk_i_IBUF_BUFG_inst/O
                         net (fo=217, routed)         1.496    24.926    u_sys_monitor/u_uart_top/u_uart_rx/CLK
    SLICE_X17Y37         FDCE                                         r  u_sys_monitor/u_uart_top/u_uart_rx/baud_cnt_reg[11]/C
                         clock pessimism              0.426    25.352    
                         clock uncertainty           -0.035    25.317    
    SLICE_X17Y37         FDCE (Setup_fdce_C_D)        0.031    25.348    u_sys_monitor/u_uart_top/u_uart_rx/baud_cnt_reg[11]
  -------------------------------------------------------------------
                         required time                         25.348    
                         arrival time                          -9.945    
  -------------------------------------------------------------------
                         slack                                 15.403    

Slack (MET) :             15.419ns  (required time - arrival time)
  Source:                 u_sys_monitor/u_uart_top/u_uart_rx/baud_cnt_reg[3]/C
                            (rising edge-triggered cell FDCE clocked by clk_i  {rise@0.000ns fall@10.000ns period=20.000ns})
  Destination:            u_sys_monitor/u_uart_top/u_uart_rx/baud_cnt_reg[12]/D
                            (rising edge-triggered cell FDCE clocked by clk_i  {rise@0.000ns fall@10.000ns period=20.000ns})
  Path Group:             clk_i
  Path Type:              Setup (Max at Slow Process Corner)
  Requirement:            20.000ns  (clk_i rise@20.000ns - clk_i rise@0.000ns)
  Data Path Delay:        4.597ns  (logic 1.118ns (24.322%)  route 3.479ns (75.678%))
  Logic Levels:           4  (LUT3=1 LUT4=2 LUT5=1)
  Clock Path Skew:        -0.024ns (DCD - SCD + CPR)
    Destination Clock Delay (DCD):    4.926ns = ( 24.926 - 20.000 ) 
    Source Clock Delay      (SCD):    5.376ns
    Clock Pessimism Removal (CPR):    0.426ns
  Clock Uncertainty:      0.035ns  ((TSJ^2 + TIJ^2)^1/2 + DJ) / 2 + PE
    Total System Jitter     (TSJ):    0.071ns
    Total Input Jitter      (TIJ):    0.000ns
    Discrete Jitter          (DJ):    0.000ns
    Phase Error              (PE):    0.000ns

    Location             Delay type                Incr(ns)  Path(ns)    Netlist Resource(s)
  -------------------------------------------------------------------    -------------------
                         (clock clk_i rise edge)      0.000     0.000 r  
    U18                                               0.000     0.000 r  clk_i (IN)
                         net (fo=0)                   0.000     0.000    clk_i
    U18                  IBUF (Prop_ibuf_I_O)         1.530     1.530 r  clk_i_IBUF_inst/O
                         net (fo=1, routed)           2.076     3.606    clk_i_IBUF
    BUFGCTRL_X0Y0        BUFG (Prop_bufg_I_O)         0.101     3.707 r  clk_i_IBUF_BUFG_inst/O
                         net (fo=217, routed)         1.669     5.376    u_sys_monitor/u_uart_top/u_uart_rx/CLK
    SLICE_X17Y35         FDCE                                         r  u_sys_monitor/u_uart_top/u_uart_rx/baud_cnt_reg[3]/C
  -------------------------------------------------------------------    -------------------
    SLICE_X17Y35         FDCE (Prop_fdce_C_Q)         0.419     5.795 r  u_sys_monitor/u_uart_top/u_uart_rx/baud_cnt_reg[3]/Q
                         net (fo=3, routed)           0.891     6.686    u_sys_monitor/u_uart_top/u_uart_rx/baud_cnt[3]
    SLICE_X17Y35         LUT4 (Prop_lut4_I0_O)        0.299     6.985 f  u_sys_monitor/u_uart_top/u_uart_rx/baud_cnt[15]_i_8/O
                         net (fo=1, routed)           0.796     7.781    u_sys_monitor/u_uart_top/u_uart_rx/baud_cnt[15]_i_8_n_0
    SLICE_X17Y36         LUT5 (Prop_lut5_I4_O)        0.124     7.905 r  u_sys_monitor/u_uart_top/u_uart_rx/baud_cnt[15]_i_4/O
                         net (fo=1, routed)           0.640     8.545    u_sys_monitor/u_uart_top/u_uart_rx/baud_cnt[15]_i_4_n_0
    SLICE_X18Y36         LUT4 (Prop_lut4_I0_O)        0.124     8.669 r  u_sys_monitor/u_uart_top/u_uart_rx/baud_cnt[15]_i_2/O
                         net (fo=16, routed)          1.152     9.821    u_sys_monitor/u_uart_top/u_uart_rx/baud_cnt[15]_i_2_n_0
    SLICE_X17Y37         LUT3 (Prop_lut3_I0_O)        0.152     9.973 r  u_sys_monitor/u_uart_top/u_uart_rx/baud_cnt[12]_i_1/O
                         net (fo=1, routed)           0.000     9.973    u_sys_monitor/u_uart_top/u_uart_rx/baud_cnt[12]_i_1_n_0
    SLICE_X17Y37         FDCE                                         r  u_sys_monitor/u_uart_top/u_uart_rx/baud_cnt_reg[12]/D
  -------------------------------------------------------------------    -------------------

                         (clock clk_i rise edge)     20.000    20.000 r  
    U18                                               0.000    20.000 r  clk_i (IN)
                         net (fo=0)                   0.000    20.000    clk_i
    U18                  IBUF (Prop_ibuf_I_O)         1.459    21.459 r  clk_i_IBUF_inst/O
                         net (fo=1, routed)           1.880    23.339    clk_i_IBUF
    BUFGCTRL_X0Y0        BUFG (Prop_bufg_I_O)         0.091    23.430 r  clk_i_IBUF_BUFG_inst/O
                         net (fo=217, routed)         1.496    24.926    u_sys_monitor/u_uart_top/u_uart_rx/CLK
    SLICE_X17Y37         FDCE                                         r  u_sys_monitor/u_uart_top/u_uart_rx/baud_cnt_reg[12]/C
                         clock pessimism              0.426    25.352    
                         clock uncertainty           -0.035    25.317    
    SLICE_X17Y37         FDCE (Setup_fdce_C_D)        0.075    25.392    u_sys_monitor/u_uart_top/u_uart_rx/baud_cnt_reg[12]
  -------------------------------------------------------------------
                         required time                         25.392    
                         arrival time                          -9.973    
  -------------------------------------------------------------------
                         slack                                 15.419    

Slack (MET) :             15.584ns  (required time - arrival time)
  Source:                 u_sys_monitor/u_uart_top/u_uart_rx/baud_cnt_reg[3]/C
                            (rising edge-triggered cell FDCE clocked by clk_i  {rise@0.000ns fall@10.000ns period=20.000ns})
  Destination:            u_sys_monitor/u_uart_top/u_uart_rx/baud_cnt_reg[14]/D
                            (rising edge-triggered cell FDCE clocked by clk_i  {rise@0.000ns fall@10.000ns period=20.000ns})
  Path Group:             clk_i
  Path Type:              Setup (Max at Slow Process Corner)
  Requirement:            20.000ns  (clk_i rise@20.000ns - clk_i rise@0.000ns)
  Data Path Delay:        4.387ns  (logic 1.090ns (24.848%)  route 3.297ns (75.152%))
  Logic Levels:           4  (LUT3=1 LUT4=2 LUT5=1)
  Clock Path Skew:        -0.023ns (DCD - SCD + CPR)
    Destination Clock Delay (DCD):    4.927ns = ( 24.927 - 20.000 ) 
    Source Clock Delay      (SCD):    5.376ns
    Clock Pessimism Removal (CPR):    0.426ns
  Clock Uncertainty:      0.035ns  ((TSJ^2 + TIJ^2)^1/2 + DJ) / 2 + PE
    Total System Jitter     (TSJ):    0.071ns
    Total Input Jitter      (TIJ):    0.000ns
    Discrete Jitter          (DJ):    0.000ns
    Phase Error              (PE):    0.000ns

    Location             Delay type                Incr(ns)  Path(ns)    Netlist Resource(s)
  -------------------------------------------------------------------    -------------------
                         (clock clk_i rise edge)      0.000     0.000 r  
    U18                                               0.000     0.000 r  clk_i (IN)
                         net (fo=0)                   0.000     0.000    clk_i
    U18                  IBUF (Prop_ibuf_I_O)         1.530     1.530 r  clk_i_IBUF_inst/O
                         net (fo=1, routed)           2.076     3.606    clk_i_IBUF
    BUFGCTRL_X0Y0        BUFG (Prop_bufg_I_O)         0.101     3.707 r  clk_i_IBUF_BUFG_inst/O
                         net (fo=217, routed)         1.669     5.376    u_sys_monitor/u_uart_top/u_uart_rx/CLK
    SLICE_X17Y35         FDCE                                         r  u_sys_monitor/u_uart_top/u_uart_rx/baud_cnt_reg[3]/C
  -------------------------------------------------------------------    -------------------
    SLICE_X17Y35         FDCE (Prop_fdce_C_Q)         0.419     5.795 r  u_sys_monitor/u_uart_top/u_uart_rx/baud_cnt_reg[3]/Q
                         net (fo=3, routed)           0.891     6.686    u_sys_monitor/u_uart_top/u_uart_rx/baud_cnt[3]
    SLICE_X17Y35         LUT4 (Prop_lut4_I0_O)        0.299     6.985 f  u_sys_monitor/u_uart_top/u_uart_rx/baud_cnt[15]_i_8/O
                         net (fo=1, routed)           0.796     7.781    u_sys_monitor/u_uart_top/u_uart_rx/baud_cnt[15]_i_8_n_0
    SLICE_X17Y36         LUT5 (Prop_lut5_I4_O)        0.124     7.905 r  u_sys_monitor/u_uart_top/u_uart_rx/baud_cnt[15]_i_4/O
                         net (fo=1, routed)           0.640     8.545    u_sys_monitor/u_uart_top/u_uart_rx/baud_cnt[15]_i_4_n_0
    SLICE_X18Y36         LUT4 (Prop_lut4_I0_O)        0.124     8.669 r  u_sys_monitor/u_uart_top/u_uart_rx/baud_cnt[15]_i_2/O
                         net (fo=16, routed)          0.970     9.639    u_sys_monitor/u_uart_top/u_uart_rx/baud_cnt[15]_i_2_n_0
    SLICE_X17Y38         LUT3 (Prop_lut3_I0_O)        0.124     9.763 r  u_sys_monitor/u_uart_top/u_uart_rx/baud_cnt[14]_i_1/O
                         net (fo=1, routed)           0.000     9.763    u_sys_monitor/u_uart_top/u_uart_rx/baud_cnt[14]_i_1_n_0
    SLICE_X17Y38         FDCE                                         r  u_sys_monitor/u_uart_top/u_uart_rx/baud_cnt_reg[14]/D
  -------------------------------------------------------------------    -------------------

                         (clock clk_i rise edge)     20.000    20.000 r  
    U18                                               0.000    20.000 r  clk_i (IN)
                         net (fo=0)                   0.000    20.000    clk_i
    U18                  IBUF (Prop_ibuf_I_O)         1.459    21.459 r  clk_i_IBUF_inst/O
                         net (fo=1, routed)           1.880    23.339    clk_i_IBUF
    BUFGCTRL_X0Y0        BUFG (Prop_bufg_I_O)         0.091    23.430 r  clk_i_IBUF_BUFG_inst/O
                         net (fo=217, routed)         1.497    24.927    u_sys_monitor/u_uart_top/u_uart_rx/CLK
    SLICE_X17Y38         FDCE                                         r  u_sys_monitor/u_uart_top/u_uart_rx/baud_cnt_reg[14]/C
                         clock pessimism              0.426    25.353    
                         clock uncertainty           -0.035    25.318    
    SLICE_X17Y38         FDCE (Setup_fdce_C_D)        0.029    25.347    u_sys_monitor/u_uart_top/u_uart_rx/baud_cnt_reg[14]
  -------------------------------------------------------------------
                         required time                         25.347    
                         arrival time                          -9.763    
  -------------------------------------------------------------------
                         slack                                 15.584    

Slack (MET) :             15.604ns  (required time - arrival time)
  Source:                 u_sys_monitor/u_uart_top/u_uart_rx/baud_cnt_reg[3]/C
                            (rising edge-triggered cell FDCE clocked by clk_i  {rise@0.000ns fall@10.000ns period=20.000ns})
  Destination:            u_sys_monitor/u_uart_top/u_uart_rx/baud_cnt_reg[15]/D
                            (rising edge-triggered cell FDCE clocked by clk_i  {rise@0.000ns fall@10.000ns period=20.000ns})
  Path Group:             clk_i
  Path Type:              Setup (Max at Slow Process Corner)
  Requirement:            20.000ns  (clk_i rise@20.000ns - clk_i rise@0.000ns)
  Data Path Delay:        4.413ns  (logic 1.116ns (25.291%)  route 3.297ns (74.709%))
  Logic Levels:           4  (LUT3=1 LUT4=2 LUT5=1)
  Clock Path Skew:        -0.023ns (DCD - SCD + CPR)
    Destination Clock Delay (DCD):    4.927ns = ( 24.927 - 20.000 ) 
    Source Clock Delay      (SCD):    5.376ns
    Clock Pessimism Removal (CPR):    0.426ns
  Clock Uncertainty:      0.035ns  ((TSJ^2 + TIJ^2)^1/2 + DJ) / 2 + PE
    Total System Jitter     (TSJ):    0.071ns
    Total Input Jitter      (TIJ):    0.000ns
    Discrete Jitter          (DJ):    0.000ns
    Phase Error              (PE):    0.000ns

    Location             Delay type                Incr(ns)  Path(ns)    Netlist Resource(s)
  -------------------------------------------------------------------    -------------------
                         (clock clk_i rise edge)      0.000     0.000 r  
    U18                                               0.000     0.000 r  clk_i (IN)
                         net (fo=0)                   0.000     0.000    clk_i
    U18                  IBUF (Prop_ibuf_I_O)         1.530     1.530 r  clk_i_IBUF_inst/O
                         net (fo=1, routed)           2.076     3.606    clk_i_IBUF
    BUFGCTRL_X0Y0        BUFG (Prop_bufg_I_O)         0.101     3.707 r  clk_i_IBUF_BUFG_inst/O
                         net (fo=217, routed)         1.669     5.376    u_sys_monitor/u_uart_top/u_uart_rx/CLK
    SLICE_X17Y35         FDCE                                         r  u_sys_monitor/u_uart_top/u_uart_rx/baud_cnt_reg[3]/C
  -------------------------------------------------------------------    -------------------
    SLICE_X17Y35         FDCE (Prop_fdce_C_Q)         0.419     5.795 r  u_sys_monitor/u_uart_top/u_uart_rx/baud_cnt_reg[3]/Q
                         net (fo=3, routed)           0.891     6.686    u_sys_monitor/u_uart_top/u_uart_rx/baud_cnt[3]
    SLICE_X17Y35         LUT4 (Prop_lut4_I0_O)        0.299     6.985 f  u_sys_monitor/u_uart_top/u_uart_rx/baud_cnt[15]_i_8/O
                         net (fo=1, routed)           0.796     7.781    u_sys_monitor/u_uart_top/u_uart_rx/baud_cnt[15]_i_8_n_0
    SLICE_X17Y36         LUT5 (Prop_lut5_I4_O)        0.124     7.905 r  u_sys_monitor/u_uart_top/u_uart_rx/baud_cnt[15]_i_4/O
                         net (fo=1, routed)           0.640     8.545    u_sys_monitor/u_uart_top/u_uart_rx/baud_cnt[15]_i_4_n_0
    SLICE_X18Y36         LUT4 (Prop_lut4_I0_O)        0.124     8.669 r  u_sys_monitor/u_uart_top/u_uart_rx/baud_cnt[15]_i_2/O
                         net (fo=16, routed)          0.970     9.639    u_sys_monitor/u_uart_top/u_uart_rx/baud_cnt[15]_i_2_n_0
    SLICE_X17Y38         LUT3 (Prop_lut3_I0_O)        0.150     9.789 r  u_sys_monitor/u_uart_top/u_uart_rx/baud_cnt[15]_i_1/O
                         net (fo=1, routed)           0.000     9.789    u_sys_monitor/u_uart_top/u_uart_rx/baud_cnt[15]_i_1_n_0
    SLICE_X17Y38         FDCE                                         r  u_sys_monitor/u_uart_top/u_uart_rx/baud_cnt_reg[15]/D
  -------------------------------------------------------------------    -------------------

                         (clock clk_i rise edge)     20.000    20.000 r  
    U18                                               0.000    20.000 r  clk_i (IN)
                         net (fo=0)                   0.000    20.000    clk_i
    U18                  IBUF (Prop_ibuf_I_O)         1.459    21.459 r  clk_i_IBUF_inst/O
                         net (fo=1, routed)           1.880    23.339    clk_i_IBUF
    BUFGCTRL_X0Y0        BUFG (Prop_bufg_I_O)         0.091    23.430 r  clk_i_IBUF_BUFG_inst/O
                         net (fo=217, routed)         1.497    24.927    u_sys_monitor/u_uart_top/u_uart_rx/CLK
    SLICE_X17Y38         FDCE                                         r  u_sys_monitor/u_uart_top/u_uart_rx/baud_cnt_reg[15]/C
                         clock pessimism              0.426    25.353    
                         clock uncertainty           -0.035    25.318    
    SLICE_X17Y38         FDCE (Setup_fdce_C_D)        0.075    25.393    u_sys_monitor/u_uart_top/u_uart_rx/baud_cnt_reg[15]
  -------------------------------------------------------------------
                         required time                         25.393    
                         arrival time                          -9.789    
  -------------------------------------------------------------------
                         slack                                 15.604    

Slack (MET) :             15.623ns  (required time - arrival time)
  Source:                 u_sys_monitor/u_uart_top/rx_cnt_reg[0]_inv/C
                            (rising edge-triggered cell FDPE clocked by clk_i  {rise@0.000ns fall@10.000ns period=20.000ns})
  Destination:            u_sys_monitor/u_uart_top/u_uart_rx/FSM_sequential_CS_reg[1]/D
                            (rising edge-triggered cell FDCE clocked by clk_i  {rise@0.000ns fall@10.000ns period=20.000ns})
  Path Group:             clk_i
  Path Type:              Setup (Max at Slow Process Corner)
  Requirement:            20.000ns  (clk_i rise@20.000ns - clk_i rise@0.000ns)
  Data Path Delay:        4.345ns  (logic 1.202ns (27.662%)  route 3.143ns (72.338%))
  Logic Levels:           3  (LUT4=2 LUT6=1)
  Clock Path Skew:        -0.025ns (DCD - SCD + CPR)
    Destination Clock Delay (DCD):    4.926ns = ( 24.926 - 20.000 ) 
    Source Clock Delay      (SCD):    5.378ns
    Clock Pessimism Removal (CPR):    0.427ns
  Clock Uncertainty:      0.035ns  ((TSJ^2 + TIJ^2)^1/2 + DJ) / 2 + PE
    Total System Jitter     (TSJ):    0.071ns
    Total Input Jitter      (TIJ):    0.000ns
    Discrete Jitter          (DJ):    0.000ns
    Phase Error              (PE):    0.000ns

    Location             Delay type                Incr(ns)  Path(ns)    Netlist Resource(s)
  -------------------------------------------------------------------    -------------------
                         (clock clk_i rise edge)      0.000     0.000 r  
    U18                                               0.000     0.000 r  clk_i (IN)
                         net (fo=0)                   0.000     0.000    clk_i
    U18                  IBUF (Prop_ibuf_I_O)         1.530     1.530 r  clk_i_IBUF_inst/O
                         net (fo=1, routed)           2.076     3.606    clk_i_IBUF
    BUFGCTRL_X0Y0        BUFG (Prop_bufg_I_O)         0.101     3.707 r  clk_i_IBUF_BUFG_inst/O
                         net (fo=217, routed)         1.671     5.378    u_sys_monitor/u_uart_top/CLK
    SLICE_X15Y35         FDPE                                         r  u_sys_monitor/u_uart_top/rx_cnt_reg[0]_inv/C
  -------------------------------------------------------------------    -------------------
    SLICE_X15Y35         FDPE (Prop_fdpe_C_Q)         0.419     5.797 r  u_sys_monitor/u_uart_top/rx_cnt_reg[0]_inv/Q
                         net (fo=9, routed)           1.525     7.322    u_sys_monitor/u_uart_top/u_uart_rx/inner_rx_ready
    SLICE_X14Y35         LUT4 (Prop_lut4_I3_O)        0.327     7.649 r  u_sys_monitor/u_uart_top/u_uart_rx/FSM_sequential_CS[2]_i_4/O
                         net (fo=1, routed)           0.816     8.465    u_sys_monitor/u_uart_top/u_uart_rx/FSM_sequential_CS[2]_i_4_n_0
    SLICE_X14Y36         LUT6 (Prop_lut6_I4_O)        0.332     8.797 r  u_sys_monitor/u_uart_top/u_uart_rx/FSM_sequential_CS[2]_i_3/O
                         net (fo=3, routed)           0.802     9.599    u_sys_monitor/u_uart_top/u_uart_rx/NS
    SLICE_X15Y36         LUT4 (Prop_lut4_I2_O)        0.124     9.723 r  u_sys_monitor/u_uart_top/u_uart_rx/FSM_sequential_CS[1]_i_1/O
                         net (fo=1, routed)           0.000     9.723    u_sys_monitor/u_uart_top/u_uart_rx/FSM_sequential_CS[1]_i_1_n_0
    SLICE_X15Y36         FDCE                                         r  u_sys_monitor/u_uart_top/u_uart_rx/FSM_sequential_CS_reg[1]/D
  -------------------------------------------------------------------    -------------------

                         (clock clk_i rise edge)     20.000    20.000 r  
    U18                                               0.000    20.000 r  clk_i (IN)
                         net (fo=0)                   0.000    20.000    clk_i
    U18                  IBUF (Prop_ibuf_I_O)         1.459    21.459 r  clk_i_IBUF_inst/O
                         net (fo=1, routed)           1.880    23.339    clk_i_IBUF
    BUFGCTRL_X0Y0        BUFG (Prop_bufg_I_O)         0.091    23.430 r  clk_i_IBUF_BUFG_inst/O
                         net (fo=217, routed)         1.496    24.926    u_sys_monitor/u_uart_top/u_uart_rx/CLK
    SLICE_X15Y36         FDCE                                         r  u_sys_monitor/u_uart_top/u_uart_rx/FSM_sequential_CS_reg[1]/C
                         clock pessimism              0.427    25.353    
                         clock uncertainty           -0.035    25.318    
    SLICE_X15Y36         FDCE (Setup_fdce_C_D)        0.029    25.347    u_sys_monitor/u_uart_top/u_uart_rx/FSM_sequential_CS_reg[1]
  -------------------------------------------------------------------
                         required time                         25.347    
                         arrival time                          -9.723    
  -------------------------------------------------------------------
                         slack                                 15.623    

Slack (MET) :             15.643ns  (required time - arrival time)
  Source:                 u_sys_monitor/u_uart_top/rx_cnt_reg[0]_inv/C
                            (rising edge-triggered cell FDPE clocked by clk_i  {rise@0.000ns fall@10.000ns period=20.000ns})
  Destination:            u_sys_monitor/u_uart_top/u_uart_rx/FSM_sequential_CS_reg[2]/D
                            (rising edge-triggered cell FDCE clocked by clk_i  {rise@0.000ns fall@10.000ns period=20.000ns})
  Path Group:             clk_i
  Path Type:              Setup (Max at Slow Process Corner)
  Requirement:            20.000ns  (clk_i rise@20.000ns - clk_i rise@0.000ns)
  Data Path Delay:        4.371ns  (logic 1.228ns (28.092%)  route 3.143ns (71.908%))
  Logic Levels:           3  (LUT4=2 LUT6=1)
  Clock Path Skew:        -0.025ns (DCD - SCD + CPR)
    Destination Clock Delay (DCD):    4.926ns = ( 24.926 - 20.000 ) 
    Source Clock Delay      (SCD):    5.378ns
    Clock Pessimism Removal (CPR):    0.427ns
  Clock Uncertainty:      0.035ns  ((TSJ^2 + TIJ^2)^1/2 + DJ) / 2 + PE
    Total System Jitter     (TSJ):    0.071ns
    Total Input Jitter      (TIJ):    0.000ns
    Discrete Jitter          (DJ):    0.000ns
    Phase Error              (PE):    0.000ns

    Location             Delay type                Incr(ns)  Path(ns)    Netlist Resource(s)
  -------------------------------------------------------------------    -------------------
                         (clock clk_i rise edge)      0.000     0.000 r  
    U18                                               0.000     0.000 r  clk_i (IN)
                         net (fo=0)                   0.000     0.000    clk_i
    U18                  IBUF (Prop_ibuf_I_O)         1.530     1.530 r  clk_i_IBUF_inst/O
                         net (fo=1, routed)           2.076     3.606    clk_i_IBUF
    BUFGCTRL_X0Y0        BUFG (Prop_bufg_I_O)         0.101     3.707 r  clk_i_IBUF_BUFG_inst/O
                         net (fo=217, routed)         1.671     5.378    u_sys_monitor/u_uart_top/CLK
    SLICE_X15Y35         FDPE                                         r  u_sys_monitor/u_uart_top/rx_cnt_reg[0]_inv/C
  -------------------------------------------------------------------    -------------------
    SLICE_X15Y35         FDPE (Prop_fdpe_C_Q)         0.419     5.797 r  u_sys_monitor/u_uart_top/rx_cnt_reg[0]_inv/Q
                         net (fo=9, routed)           1.525     7.322    u_sys_monitor/u_uart_top/u_uart_rx/inner_rx_ready
    SLICE_X14Y35         LUT4 (Prop_lut4_I3_O)        0.327     7.649 r  u_sys_monitor/u_uart_top/u_uart_rx/FSM_sequential_CS[2]_i_4/O
                         net (fo=1, routed)           0.816     8.465    u_sys_monitor/u_uart_top/u_uart_rx/FSM_sequential_CS[2]_i_4_n_0
    SLICE_X14Y36         LUT6 (Prop_lut6_I4_O)        0.332     8.797 r  u_sys_monitor/u_uart_top/u_uart_rx/FSM_sequential_CS[2]_i_3/O
                         net (fo=3, routed)           0.802     9.599    u_sys_monitor/u_uart_top/u_uart_rx/NS
    SLICE_X15Y36         LUT4 (Prop_lut4_I2_O)        0.150     9.749 r  u_sys_monitor/u_uart_top/u_uart_rx/FSM_sequential_CS[2]_i_1/O
                         net (fo=1, routed)           0.000     9.749    u_sys_monitor/u_uart_top/u_uart_rx/FSM_sequential_CS[2]_i_1_n_0
    SLICE_X15Y36         FDCE                                         r  u_sys_monitor/u_uart_top/u_uart_rx/FSM_sequential_CS_reg[2]/D
  -------------------------------------------------------------------    -------------------

                         (clock clk_i rise edge)     20.000    20.000 r  
    U18                                               0.000    20.000 r  clk_i (IN)
                         net (fo=0)                   0.000    20.000    clk_i
    U18                  IBUF (Prop_ibuf_I_O)         1.459    21.459 r  clk_i_IBUF_inst/O
                         net (fo=1, routed)           1.880    23.339    clk_i_IBUF
    BUFGCTRL_X0Y0        BUFG (Prop_bufg_I_O)         0.091    23.430 r  clk_i_IBUF_BUFG_inst/O
                         net (fo=217, routed)         1.496    24.926    u_sys_monitor/u_uart_top/u_uart_rx/CLK
    SLICE_X15Y36         FDCE                                         r  u_sys_monitor/u_uart_top/u_uart_rx/FSM_sequential_CS_reg[2]/C
                         clock pessimism              0.427    25.353    
                         clock uncertainty           -0.035    25.318    
    SLICE_X15Y36         FDCE (Setup_fdce_C_D)        0.075    25.393    u_sys_monitor/u_uart_top/u_uart_rx/FSM_sequential_CS_reg[2]
  -------------------------------------------------------------------
                         required time                         25.393    
                         arrival time                          -9.749    
  -------------------------------------------------------------------
                         slack                                 15.643    

Slack (MET) :             15.724ns  (required time - arrival time)
  Source:                 u_sys_monitor/u_uart_top/u_uart_rx/baud_cnt_reg[3]/C
                            (rising edge-triggered cell FDCE clocked by clk_i  {rise@0.000ns fall@10.000ns period=20.000ns})
  Destination:            u_sys_monitor/u_uart_top/u_uart_rx/baud_cnt_reg[10]/D
                            (rising edge-triggered cell FDCE clocked by clk_i  {rise@0.000ns fall@10.000ns period=20.000ns})
  Path Group:             clk_i
  Path Type:              Setup (Max at Slow Process Corner)
  Requirement:            20.000ns  (clk_i rise@20.000ns - clk_i rise@0.000ns)
  Data Path Delay:        4.246ns  (logic 1.090ns (25.673%)  route 3.156ns (74.327%))
  Logic Levels:           4  (LUT3=1 LUT4=2 LUT5=1)
  Clock Path Skew:        -0.024ns (DCD - SCD + CPR)
    Destination Clock Delay (DCD):    4.926ns = ( 24.926 - 20.000 ) 
    Source Clock Delay      (SCD):    5.376ns
    Clock Pessimism Removal (CPR):    0.426ns
  Clock Uncertainty:      0.035ns  ((TSJ^2 + TIJ^2)^1/2 + DJ) / 2 + PE
    Total System Jitter     (TSJ):    0.071ns
    Total Input Jitter      (TIJ):    0.000ns
    Discrete Jitter          (DJ):    0.000ns
    Phase Error              (PE):    0.000ns

    Location             Delay type                Incr(ns)  Path(ns)    Netlist Resource(s)
  -------------------------------------------------------------------    -------------------
                         (clock clk_i rise edge)      0.000     0.000 r  
    U18                                               0.000     0.000 r  clk_i (IN)
                         net (fo=0)                   0.000     0.000    clk_i
    U18                  IBUF (Prop_ibuf_I_O)         1.530     1.530 r  clk_i_IBUF_inst/O
                         net (fo=1, routed)           2.076     3.606    clk_i_IBUF
    BUFGCTRL_X0Y0        BUFG (Prop_bufg_I_O)         0.101     3.707 r  clk_i_IBUF_BUFG_inst/O
                         net (fo=217, routed)         1.669     5.376    u_sys_monitor/u_uart_top/u_uart_rx/CLK
    SLICE_X17Y35         FDCE                                         r  u_sys_monitor/u_uart_top/u_uart_rx/baud_cnt_reg[3]/C
  -------------------------------------------------------------------    -------------------
    SLICE_X17Y35         FDCE (Prop_fdce_C_Q)         0.419     5.795 r  u_sys_monitor/u_uart_top/u_uart_rx/baud_cnt_reg[3]/Q
                         net (fo=3, routed)           0.891     6.686    u_sys_monitor/u_uart_top/u_uart_rx/baud_cnt[3]
    SLICE_X17Y35         LUT4 (Prop_lut4_I0_O)        0.299     6.985 f  u_sys_monitor/u_uart_top/u_uart_rx/baud_cnt[15]_i_8/O
                         net (fo=1, routed)           0.796     7.781    u_sys_monitor/u_uart_top/u_uart_rx/baud_cnt[15]_i_8_n_0
    SLICE_X17Y36         LUT5 (Prop_lut5_I4_O)        0.124     7.905 r  u_sys_monitor/u_uart_top/u_uart_rx/baud_cnt[15]_i_4/O
                         net (fo=1, routed)           0.640     8.545    u_sys_monitor/u_uart_top/u_uart_rx/baud_cnt[15]_i_4_n_0
    SLICE_X18Y36         LUT4 (Prop_lut4_I0_O)        0.124     8.669 r  u_sys_monitor/u_uart_top/u_uart_rx/baud_cnt[15]_i_2/O
                         net (fo=16, routed)          0.829     9.498    u_sys_monitor/u_uart_top/u_uart_rx/baud_cnt[15]_i_2_n_0
    SLICE_X17Y37         LUT3 (Prop_lut3_I0_O)        0.124     9.622 r  u_sys_monitor/u_uart_top/u_uart_rx/baud_cnt[10]_i_1/O
                         net (fo=1, routed)           0.000     9.622    u_sys_monitor/u_uart_top/u_uart_rx/baud_cnt[10]_i_1_n_0
    SLICE_X17Y37         FDCE                                         r  u_sys_monitor/u_uart_top/u_uart_rx/baud_cnt_reg[10]/D
  -------------------------------------------------------------------    -------------------

                         (clock clk_i rise edge)     20.000    20.000 r  
    U18                                               0.000    20.000 r  clk_i (IN)
                         net (fo=0)                   0.000    20.000    clk_i
    U18                  IBUF (Prop_ibuf_I_O)         1.459    21.459 r  clk_i_IBUF_inst/O
                         net (fo=1, routed)           1.880    23.339    clk_i_IBUF
    BUFGCTRL_X0Y0        BUFG (Prop_bufg_I_O)         0.091    23.430 r  clk_i_IBUF_BUFG_inst/O
                         net (fo=217, routed)         1.496    24.926    u_sys_monitor/u_uart_top/u_uart_rx/CLK
    SLICE_X17Y37         FDCE                                         r  u_sys_monitor/u_uart_top/u_uart_rx/baud_cnt_reg[10]/C
                         clock pessimism              0.426    25.352    
                         clock uncertainty           -0.035    25.317    
    SLICE_X17Y37         FDCE (Setup_fdce_C_D)        0.029    25.346    u_sys_monitor/u_uart_top/u_uart_rx/baud_cnt_reg[10]
  -------------------------------------------------------------------
                         required time                         25.346    
                         arrival time                          -9.622    
  -------------------------------------------------------------------
                         slack                                 15.724    

Slack (MET) :             15.744ns  (required time - arrival time)
  Source:                 u_sys_monitor/u_uart_top/u_uart_rx/baud_cnt_reg[3]/C
                            (rising edge-triggered cell FDCE clocked by clk_i  {rise@0.000ns fall@10.000ns period=20.000ns})
  Destination:            u_sys_monitor/u_uart_top/u_uart_rx/baud_cnt_reg[13]/D
                            (rising edge-triggered cell FDCE clocked by clk_i  {rise@0.000ns fall@10.000ns period=20.000ns})
  Path Group:             clk_i
  Path Type:              Setup (Max at Slow Process Corner)
  Requirement:            20.000ns  (clk_i rise@20.000ns - clk_i rise@0.000ns)
  Data Path Delay:        4.272ns  (logic 1.116ns (26.126%)  route 3.156ns (73.874%))
  Logic Levels:           4  (LUT3=1 LUT4=2 LUT5=1)
  Clock Path Skew:        -0.024ns (DCD - SCD + CPR)
    Destination Clock Delay (DCD):    4.926ns = ( 24.926 - 20.000 ) 
    Source Clock Delay      (SCD):    5.376ns
    Clock Pessimism Removal (CPR):    0.426ns
  Clock Uncertainty:      0.035ns  ((TSJ^2 + TIJ^2)^1/2 + DJ) / 2 + PE
    Total System Jitter     (TSJ):    0.071ns
    Total Input Jitter      (TIJ):    0.000ns
    Discrete Jitter          (DJ):    0.000ns
    Phase Error              (PE):    0.000ns

    Location             Delay type                Incr(ns)  Path(ns)    Netlist Resource(s)
  -------------------------------------------------------------------    -------------------
                         (clock clk_i rise edge)      0.000     0.000 r  
    U18                                               0.000     0.000 r  clk_i (IN)
                         net (fo=0)                   0.000     0.000    clk_i
    U18                  IBUF (Prop_ibuf_I_O)         1.530     1.530 r  clk_i_IBUF_inst/O
                         net (fo=1, routed)           2.076     3.606    clk_i_IBUF
    BUFGCTRL_X0Y0        BUFG (Prop_bufg_I_O)         0.101     3.707 r  clk_i_IBUF_BUFG_inst/O
                         net (fo=217, routed)         1.669     5.376    u_sys_monitor/u_uart_top/u_uart_rx/CLK
    SLICE_X17Y35         FDCE                                         r  u_sys_monitor/u_uart_top/u_uart_rx/baud_cnt_reg[3]/C
  -------------------------------------------------------------------    -------------------
    SLICE_X17Y35         FDCE (Prop_fdce_C_Q)         0.419     5.795 r  u_sys_monitor/u_uart_top/u_uart_rx/baud_cnt_reg[3]/Q
                         net (fo=3, routed)           0.891     6.686    u_sys_monitor/u_uart_top/u_uart_rx/baud_cnt[3]
    SLICE_X17Y35         LUT4 (Prop_lut4_I0_O)        0.299     6.985 f  u_sys_monitor/u_uart_top/u_uart_rx/baud_cnt[15]_i_8/O
                         net (fo=1, routed)           0.796     7.781    u_sys_monitor/u_uart_top/u_uart_rx/baud_cnt[15]_i_8_n_0
    SLICE_X17Y36         LUT5 (Prop_lut5_I4_O)        0.124     7.905 r  u_sys_monitor/u_uart_top/u_uart_rx/baud_cnt[15]_i_4/O
                         net (fo=1, routed)           0.640     8.545    u_sys_monitor/u_uart_top/u_uart_rx/baud_cnt[15]_i_4_n_0
    SLICE_X18Y36         LUT4 (Prop_lut4_I0_O)        0.124     8.669 r  u_sys_monitor/u_uart_top/u_uart_rx/baud_cnt[15]_i_2/O
                         net (fo=16, routed)          0.829     9.498    u_sys_monitor/u_uart_top/u_uart_rx/baud_cnt[15]_i_2_n_0
    SLICE_X17Y37         LUT3 (Prop_lut3_I0_O)        0.150     9.648 r  u_sys_monitor/u_uart_top/u_uart_rx/baud_cnt[13]_i_1/O
                         net (fo=1, routed)           0.000     9.648    u_sys_monitor/u_uart_top/u_uart_rx/baud_cnt[13]_i_1_n_0
    SLICE_X17Y37         FDCE                                         r  u_sys_monitor/u_uart_top/u_uart_rx/baud_cnt_reg[13]/D
  -------------------------------------------------------------------    -------------------

                         (clock clk_i rise edge)     20.000    20.000 r  
    U18                                               0.000    20.000 r  clk_i (IN)
                         net (fo=0)                   0.000    20.000    clk_i
    U18                  IBUF (Prop_ibuf_I_O)         1.459    21.459 r  clk_i_IBUF_inst/O
                         net (fo=1, routed)           1.880    23.339    clk_i_IBUF
    BUFGCTRL_X0Y0        BUFG (Prop_bufg_I_O)         0.091    23.430 r  clk_i_IBUF_BUFG_inst/O
                         net (fo=217, routed)         1.496    24.926    u_sys_monitor/u_uart_top/u_uart_rx/CLK
    SLICE_X17Y37         FDCE                                         r  u_sys_monitor/u_uart_top/u_uart_rx/baud_cnt_reg[13]/C
                         clock pessimism              0.426    25.352    
                         clock uncertainty           -0.035    25.317    
    SLICE_X17Y37         FDCE (Setup_fdce_C_D)        0.075    25.392    u_sys_monitor/u_uart_top/u_uart_rx/baud_cnt_reg[13]
  -------------------------------------------------------------------
                         required time                         25.392    
                         arrival time                          -9.648    
  -------------------------------------------------------------------
                         slack                                 15.744    

Slack (MET) :             15.807ns  (required time - arrival time)
  Source:                 u_sys_monitor/u_uart_top/u_uart_rx/baud_cnt_reg[3]/C
                            (rising edge-triggered cell FDCE clocked by clk_i  {rise@0.000ns fall@10.000ns period=20.000ns})
  Destination:            u_sys_monitor/u_uart_top/u_uart_rx/baud_cnt_reg[6]/D
                            (rising edge-triggered cell FDCE clocked by clk_i  {rise@0.000ns fall@10.000ns period=20.000ns})
  Path Group:             clk_i
  Path Type:              Setup (Max at Slow Process Corner)
  Requirement:            20.000ns  (clk_i rise@20.000ns - clk_i rise@0.000ns)
  Data Path Delay:        4.165ns  (logic 1.090ns (26.172%)  route 3.075ns (73.828%))
  Logic Levels:           4  (LUT3=1 LUT4=2 LUT5=1)
  Clock Path Skew:        -0.024ns (DCD - SCD + CPR)
    Destination Clock Delay (DCD):    4.926ns = ( 24.926 - 20.000 ) 
    Source Clock Delay      (SCD):    5.376ns
    Clock Pessimism Removal (CPR):    0.426ns
  Clock Uncertainty:      0.035ns  ((TSJ^2 + TIJ^2)^1/2 + DJ) / 2 + PE
    Total System Jitter     (TSJ):    0.071ns
    Total Input Jitter      (TIJ):    0.000ns
    Discrete Jitter          (DJ):    0.000ns
    Phase Error              (PE):    0.000ns

    Location             Delay type                Incr(ns)  Path(ns)    Netlist Resource(s)
  -------------------------------------------------------------------    -------------------
                         (clock clk_i rise edge)      0.000     0.000 r  
    U18                                               0.000     0.000 r  clk_i (IN)
                         net (fo=0)                   0.000     0.000    clk_i
    U18                  IBUF (Prop_ibuf_I_O)         1.530     1.530 r  clk_i_IBUF_inst/O
                         net (fo=1, routed)           2.076     3.606    clk_i_IBUF
    BUFGCTRL_X0Y0        BUFG (Prop_bufg_I_O)         0.101     3.707 r  clk_i_IBUF_BUFG_inst/O
                         net (fo=217, routed)         1.669     5.376    u_sys_monitor/u_uart_top/u_uart_rx/CLK
    SLICE_X17Y35         FDCE                                         r  u_sys_monitor/u_uart_top/u_uart_rx/baud_cnt_reg[3]/C
  -------------------------------------------------------------------    -------------------
    SLICE_X17Y35         FDCE (Prop_fdce_C_Q)         0.419     5.795 r  u_sys_monitor/u_uart_top/u_uart_rx/baud_cnt_reg[3]/Q
                         net (fo=3, routed)           0.891     6.686    u_sys_monitor/u_uart_top/u_uart_rx/baud_cnt[3]
    SLICE_X17Y35         LUT4 (Prop_lut4_I0_O)        0.299     6.985 f  u_sys_monitor/u_uart_top/u_uart_rx/baud_cnt[15]_i_8/O
                         net (fo=1, routed)           0.796     7.781    u_sys_monitor/u_uart_top/u_uart_rx/baud_cnt[15]_i_8_n_0
    SLICE_X17Y36         LUT5 (Prop_lut5_I4_O)        0.124     7.905 r  u_sys_monitor/u_uart_top/u_uart_rx/baud_cnt[15]_i_4/O
                         net (fo=1, routed)           0.640     8.545    u_sys_monitor/u_uart_top/u_uart_rx/baud_cnt[15]_i_4_n_0
    SLICE_X18Y36         LUT4 (Prop_lut4_I0_O)        0.124     8.669 r  u_sys_monitor/u_uart_top/u_uart_rx/baud_cnt[15]_i_2/O
                         net (fo=16, routed)          0.748     9.417    u_sys_monitor/u_uart_top/u_uart_rx/baud_cnt[15]_i_2_n_0
    SLICE_X17Y37         LUT3 (Prop_lut3_I0_O)        0.124     9.541 r  u_sys_monitor/u_uart_top/u_uart_rx/baud_cnt[6]_i_1/O
                         net (fo=1, routed)           0.000     9.541    u_sys_monitor/u_uart_top/u_uart_rx/baud_cnt[6]_i_1_n_0
    SLICE_X17Y37         FDCE                                         r  u_sys_monitor/u_uart_top/u_uart_rx/baud_cnt_reg[6]/D
  -------------------------------------------------------------------    -------------------

                         (clock clk_i rise edge)     20.000    20.000 r  
    U18                                               0.000    20.000 r  clk_i (IN)
                         net (fo=0)                   0.000    20.000    clk_i
    U18                  IBUF (Prop_ibuf_I_O)         1.459    21.459 r  clk_i_IBUF_inst/O
                         net (fo=1, routed)           1.880    23.339    clk_i_IBUF
    BUFGCTRL_X0Y0        BUFG (Prop_bufg_I_O)         0.091    23.430 r  clk_i_IBUF_BUFG_inst/O
                         net (fo=217, routed)         1.496    24.926    u_sys_monitor/u_uart_top/u_uart_rx/CLK
    SLICE_X17Y37         FDCE                                         r  u_sys_monitor/u_uart_top/u_uart_rx/baud_cnt_reg[6]/C
                         clock pessimism              0.426    25.352    
                         clock uncertainty           -0.035    25.317    
    SLICE_X17Y37         FDCE (Setup_fdce_C_D)        0.031    25.348    u_sys_monitor/u_uart_top/u_uart_rx/baud_cnt_reg[6]
  -------------------------------------------------------------------
                         required time                         25.348    
                         arrival time                          -9.541    
  -------------------------------------------------------------------
                         slack                                 15.807    

Slack (MET) :             15.855ns  (required time - arrival time)
  Source:                 u_sys_monitor/u_uart_top/u_uart_rx/baud_cnt_reg[3]/C
                            (rising edge-triggered cell FDCE clocked by clk_i  {rise@0.000ns fall@10.000ns period=20.000ns})
  Destination:            u_sys_monitor/u_uart_top/u_uart_rx/baud_cnt_reg[9]/D
                            (rising edge-triggered cell FDCE clocked by clk_i  {rise@0.000ns fall@10.000ns period=20.000ns})
  Path Group:             clk_i
  Path Type:              Setup (Max at Slow Process Corner)
  Requirement:            20.000ns  (clk_i rise@20.000ns - clk_i rise@0.000ns)
  Data Path Delay:        4.161ns  (logic 1.086ns (26.101%)  route 3.075ns (73.899%))
  Logic Levels:           4  (LUT3=1 LUT4=2 LUT5=1)
  Clock Path Skew:        -0.024ns (DCD - SCD + CPR)
    Destination Clock Delay (DCD):    4.926ns = ( 24.926 - 20.000 ) 
    Source Clock Delay      (SCD):    5.376ns
    Clock Pessimism Removal (CPR):    0.426ns
  Clock Uncertainty:      0.035ns  ((TSJ^2 + TIJ^2)^1/2 + DJ) / 2 + PE
    Total System Jitter     (TSJ):    0.071ns
    Total Input Jitter      (TIJ):    0.000ns
    Discrete Jitter          (DJ):    0.000ns
    Phase Error              (PE):    0.000ns

    Location             Delay type                Incr(ns)  Path(ns)    Netlist Resource(s)
  -------------------------------------------------------------------    -------------------
                         (clock clk_i rise edge)      0.000     0.000 r  
    U18                                               0.000     0.000 r  clk_i (IN)
                         net (fo=0)                   0.000     0.000    clk_i
    U18                  IBUF (Prop_ibuf_I_O)         1.530     1.530 r  clk_i_IBUF_inst/O
                         net (fo=1, routed)           2.076     3.606    clk_i_IBUF
    BUFGCTRL_X0Y0        BUFG (Prop_bufg_I_O)         0.101     3.707 r  clk_i_IBUF_BUFG_inst/O
                         net (fo=217, routed)         1.669     5.376    u_sys_monitor/u_uart_top/u_uart_rx/CLK
    SLICE_X17Y35         FDCE                                         r  u_sys_monitor/u_uart_top/u_uart_rx/baud_cnt_reg[3]/C
  -------------------------------------------------------------------    -------------------
    SLICE_X17Y35         FDCE (Prop_fdce_C_Q)         0.419     5.795 r  u_sys_monitor/u_uart_top/u_uart_rx/baud_cnt_reg[3]/Q
                         net (fo=3, routed)           0.891     6.686    u_sys_monitor/u_uart_top/u_uart_rx/baud_cnt[3]
    SLICE_X17Y35         LUT4 (Prop_lut4_I0_O)        0.299     6.985 f  u_sys_monitor/u_uart_top/u_uart_rx/baud_cnt[15]_i_8/O
                         net (fo=1, routed)           0.796     7.781    u_sys_monitor/u_uart_top/u_uart_rx/baud_cnt[15]_i_8_n_0
    SLICE_X17Y36         LUT5 (Prop_lut5_I4_O)        0.124     7.905 r  u_sys_monitor/u_uart_top/u_uart_rx/baud_cnt[15]_i_4/O
                         net (fo=1, routed)           0.640     8.545    u_sys_monitor/u_uart_top/u_uart_rx/baud_cnt[15]_i_4_n_0
    SLICE_X18Y36         LUT4 (Prop_lut4_I0_O)        0.124     8.669 r  u_sys_monitor/u_uart_top/u_uart_rx/baud_cnt[15]_i_2/O
                         net (fo=16, routed)          0.748     9.417    u_sys_monitor/u_uart_top/u_uart_rx/baud_cnt[15]_i_2_n_0
    SLICE_X17Y37         LUT3 (Prop_lut3_I0_O)        0.120     9.537 r  u_sys_monitor/u_uart_top/u_uart_rx/baud_cnt[9]_i_1/O
                         net (fo=1, routed)           0.000     9.537    u_sys_monitor/u_uart_top/u_uart_rx/baud_cnt[9]_i_1_n_0
    SLICE_X17Y37         FDCE                                         r  u_sys_monitor/u_uart_top/u_uart_rx/baud_cnt_reg[9]/D
  -------------------------------------------------------------------    -------------------

                         (clock clk_i rise edge)     20.000    20.000 r  
    U18                                               0.000    20.000 r  clk_i (IN)
                         net (fo=0)                   0.000    20.000    clk_i
    U18                  IBUF (Prop_ibuf_I_O)         1.459    21.459 r  clk_i_IBUF_inst/O
                         net (fo=1, routed)           1.880    23.339    clk_i_IBUF
    BUFGCTRL_X0Y0        BUFG (Prop_bufg_I_O)         0.091    23.430 r  clk_i_IBUF_BUFG_inst/O
                         net (fo=217, routed)         1.496    24.926    u_sys_monitor/u_uart_top/u_uart_rx/CLK
    SLICE_X17Y37         FDCE                                         r  u_sys_monitor/u_uart_top/u_uart_rx/baud_cnt_reg[9]/C
                         clock pessimism              0.426    25.352    
                         clock uncertainty           -0.035    25.317    
    SLICE_X17Y37         FDCE (Setup_fdce_C_D)        0.075    25.392    u_sys_monitor/u_uart_top/u_uart_rx/baud_cnt_reg[9]
  -------------------------------------------------------------------
                         required time                         25.392    
                         arrival time                          -9.537    
  -------------------------------------------------------------------
                         slack                                 15.855    





Min Delay Paths
--------------------------------------------------------------------------------------
Slack (MET) :             0.075ns  (arrival time - required time)
  Source:                 u_sys_monitor/u_u2r_cmd_convert/U0/inst_fifo_gen/gconvfifo.rf/grf.rf/gntv_or_sync_fifo.gl0.wr/wpntr/gic0.gc0.count_d2_reg[2]/C
                            (rising edge-triggered cell FDCE clocked by clk_i  {rise@0.000ns fall@10.000ns period=20.000ns})
  Destination:            u_sys_monitor/u_u2r_cmd_convert/U0/inst_fifo_gen/gconvfifo.rf/grf.rf/gntv_or_sync_fifo.mem/gdm.dm_gen.dm/RAM_reg_0_15_0_5/RAMA/WADR2
                            (rising edge-triggered cell RAMD32 clocked by clk_i  {rise@0.000ns fall@10.000ns period=20.000ns})
  Path Group:             clk_i
  Path Type:              Hold (Min at Fast Process Corner)
  Requirement:            0.000ns  (clk_i rise@0.000ns - clk_i rise@0.000ns)
  Data Path Delay:        0.344ns  (logic 0.141ns (40.983%)  route 0.203ns (59.017%))
  Logic Levels:           0  
  Clock Path Skew:        0.015ns (DCD - SCD - CPR)
    Destination Clock Delay (DCD):    2.027ns
    Source Clock Delay      (SCD):    1.512ns
    Clock Pessimism Removal (CPR):    0.500ns

    Location             Delay type                Incr(ns)  Path(ns)    Netlist Resource(s)
  -------------------------------------------------------------------    -------------------
                         (clock clk_i rise edge)      0.000     0.000 r  
    U18                                               0.000     0.000 r  clk_i (IN)
                         net (fo=0)                   0.000     0.000    clk_i
    U18                  IBUF (Prop_ibuf_I_O)         0.297     0.297 r  clk_i_IBUF_inst/O
                         net (fo=1, routed)           0.627     0.925    clk_i_IBUF
    BUFGCTRL_X0Y0        BUFG (Prop_bufg_I_O)         0.026     0.951 r  clk_i_IBUF_BUFG_inst/O
                         net (fo=217, routed)         0.562     1.512    u_sys_monitor/u_u2r_cmd_convert/U0/inst_fifo_gen/gconvfifo.rf/grf.rf/gntv_or_sync_fifo.gl0.wr/wpntr/wr_clk
    SLICE_X13Y34         FDCE                                         r  u_sys_monitor/u_u2r_cmd_convert/U0/inst_fifo_gen/gconvfifo.rf/grf.rf/gntv_or_sync_fifo.gl0.wr/wpntr/gic0.gc0.count_d2_reg[2]/C
  -------------------------------------------------------------------    -------------------
    SLICE_X13Y34         FDCE (Prop_fdce_C_Q)         0.141     1.653 r  u_sys_monitor/u_u2r_cmd_convert/U0/inst_fifo_gen/gconvfifo.rf/grf.rf/gntv_or_sync_fifo.gl0.wr/wpntr/gic0.gc0.count_d2_reg[2]/Q
                         net (fo=10, routed)          0.203     1.856    u_sys_monitor/u_u2r_cmd_convert/U0/inst_fifo_gen/gconvfifo.rf/grf.rf/gntv_or_sync_fifo.mem/gdm.dm_gen.dm/RAM_reg_0_15_0_5/ADDRD2
    SLICE_X12Y35         RAMD32                                       r  u_sys_monitor/u_u2r_cmd_convert/U0/inst_fifo_gen/gconvfifo.rf/grf.rf/gntv_or_sync_fifo.mem/gdm.dm_gen.dm/RAM_reg_0_15_0_5/RAMA/WADR2
  -------------------------------------------------------------------    -------------------

                         (clock clk_i rise edge)      0.000     0.000 r  
    U18                                               0.000     0.000 r  clk_i (IN)
                         net (fo=0)                   0.000     0.000    clk_i
    U18                  IBUF (Prop_ibuf_I_O)         0.486     0.486 r  clk_i_IBUF_inst/O
                         net (fo=1, routed)           0.683     1.169    clk_i_IBUF
    BUFGCTRL_X0Y0        BUFG (Prop_bufg_I_O)         0.029     1.198 r  clk_i_IBUF_BUFG_inst/O
                         net (fo=217, routed)         0.829     2.027    u_sys_monitor/u_u2r_cmd_convert/U0/inst_fifo_gen/gconvfifo.rf/grf.rf/gntv_or_sync_fifo.mem/gdm.dm_gen.dm/RAM_reg_0_15_0_5/WCLK
    SLICE_X12Y35         RAMD32                                       r  u_sys_monitor/u_u2r_cmd_convert/U0/inst_fifo_gen/gconvfifo.rf/grf.rf/gntv_or_sync_fifo.mem/gdm.dm_gen.dm/RAM_reg_0_15_0_5/RAMA/CLK
                         clock pessimism             -0.500     1.527    
    SLICE_X12Y35         RAMD32 (Hold_ramd32_CLK_WADR2)
                                                      0.254     1.781    u_sys_monitor/u_u2r_cmd_convert/U0/inst_fifo_gen/gconvfifo.rf/grf.rf/gntv_or_sync_fifo.mem/gdm.dm_gen.dm/RAM_reg_0_15_0_5/RAMA
  -------------------------------------------------------------------
                         required time                         -1.781    
                         arrival time                           1.856    
  -------------------------------------------------------------------
                         slack                                  0.075    

Slack (MET) :             0.075ns  (arrival time - required time)
  Source:                 u_sys_monitor/u_u2r_cmd_convert/U0/inst_fifo_gen/gconvfifo.rf/grf.rf/gntv_or_sync_fifo.gl0.wr/wpntr/gic0.gc0.count_d2_reg[2]/C
                            (rising edge-triggered cell FDCE clocked by clk_i  {rise@0.000ns fall@10.000ns period=20.000ns})
  Destination:            u_sys_monitor/u_u2r_cmd_convert/U0/inst_fifo_gen/gconvfifo.rf/grf.rf/gntv_or_sync_fifo.mem/gdm.dm_gen.dm/RAM_reg_0_15_0_5/RAMA_D1/WADR2
                            (rising edge-triggered cell RAMD32 clocked by clk_i  {rise@0.000ns fall@10.000ns period=20.000ns})
  Path Group:             clk_i
  Path Type:              Hold (Min at Fast Process Corner)
  Requirement:            0.000ns  (clk_i rise@0.000ns - clk_i rise@0.000ns)
  Data Path Delay:        0.344ns  (logic 0.141ns (40.983%)  route 0.203ns (59.017%))
  Logic Levels:           0  
  Clock Path Skew:        0.015ns (DCD - SCD - CPR)
    Destination Clock Delay (DCD):    2.027ns
    Source Clock Delay      (SCD):    1.512ns
    Clock Pessimism Removal (CPR):    0.500ns

    Location             Delay type                Incr(ns)  Path(ns)    Netlist Resource(s)
  -------------------------------------------------------------------    -------------------
                         (clock clk_i rise edge)      0.000     0.000 r  
    U18                                               0.000     0.000 r  clk_i (IN)
                         net (fo=0)                   0.000     0.000    clk_i
    U18                  IBUF (Prop_ibuf_I_O)         0.297     0.297 r  clk_i_IBUF_inst/O
                         net (fo=1, routed)           0.627     0.925    clk_i_IBUF
    BUFGCTRL_X0Y0        BUFG (Prop_bufg_I_O)         0.026     0.951 r  clk_i_IBUF_BUFG_inst/O
                         net (fo=217, routed)         0.562     1.512    u_sys_monitor/u_u2r_cmd_convert/U0/inst_fifo_gen/gconvfifo.rf/grf.rf/gntv_or_sync_fifo.gl0.wr/wpntr/wr_clk
    SLICE_X13Y34         FDCE                                         r  u_sys_monitor/u_u2r_cmd_convert/U0/inst_fifo_gen/gconvfifo.rf/grf.rf/gntv_or_sync_fifo.gl0.wr/wpntr/gic0.gc0.count_d2_reg[2]/C
  -------------------------------------------------------------------    -------------------
    SLICE_X13Y34         FDCE (Prop_fdce_C_Q)         0.141     1.653 r  u_sys_monitor/u_u2r_cmd_convert/U0/inst_fifo_gen/gconvfifo.rf/grf.rf/gntv_or_sync_fifo.gl0.wr/wpntr/gic0.gc0.count_d2_reg[2]/Q
                         net (fo=10, routed)          0.203     1.856    u_sys_monitor/u_u2r_cmd_convert/U0/inst_fifo_gen/gconvfifo.rf/grf.rf/gntv_or_sync_fifo.mem/gdm.dm_gen.dm/RAM_reg_0_15_0_5/ADDRD2
    SLICE_X12Y35         RAMD32                                       r  u_sys_monitor/u_u2r_cmd_convert/U0/inst_fifo_gen/gconvfifo.rf/grf.rf/gntv_or_sync_fifo.mem/gdm.dm_gen.dm/RAM_reg_0_15_0_5/RAMA_D1/WADR2
  -------------------------------------------------------------------    -------------------

                         (clock clk_i rise edge)      0.000     0.000 r  
    U18                                               0.000     0.000 r  clk_i (IN)
                         net (fo=0)                   0.000     0.000    clk_i
    U18                  IBUF (Prop_ibuf_I_O)         0.486     0.486 r  clk_i_IBUF_inst/O
                         net (fo=1, routed)           0.683     1.169    clk_i_IBUF
    BUFGCTRL_X0Y0        BUFG (Prop_bufg_I_O)         0.029     1.198 r  clk_i_IBUF_BUFG_inst/O
                         net (fo=217, routed)         0.829     2.027    u_sys_monitor/u_u2r_cmd_convert/U0/inst_fifo_gen/gconvfifo.rf/grf.rf/gntv_or_sync_fifo.mem/gdm.dm_gen.dm/RAM_reg_0_15_0_5/WCLK
    SLICE_X12Y35         RAMD32                                       r  u_sys_monitor/u_u2r_cmd_convert/U0/inst_fifo_gen/gconvfifo.rf/grf.rf/gntv_or_sync_fifo.mem/gdm.dm_gen.dm/RAM_reg_0_15_0_5/RAMA_D1/CLK
                         clock pessimism             -0.500     1.527    
    SLICE_X12Y35         RAMD32 (Hold_ramd32_CLK_WADR2)
                                                      0.254     1.781    u_sys_monitor/u_u2r_cmd_convert/U0/inst_fifo_gen/gconvfifo.rf/grf.rf/gntv_or_sync_fifo.mem/gdm.dm_gen.dm/RAM_reg_0_15_0_5/RAMA_D1
  -------------------------------------------------------------------
                         required time                         -1.781    
                         arrival time                           1.856    
  -------------------------------------------------------------------
                         slack                                  0.075    

Slack (MET) :             0.075ns  (arrival time - required time)
  Source:                 u_sys_monitor/u_u2r_cmd_convert/U0/inst_fifo_gen/gconvfifo.rf/grf.rf/gntv_or_sync_fifo.gl0.wr/wpntr/gic0.gc0.count_d2_reg[2]/C
                            (rising edge-triggered cell FDCE clocked by clk_i  {rise@0.000ns fall@10.000ns period=20.000ns})
  Destination:            u_sys_monitor/u_u2r_cmd_convert/U0/inst_fifo_gen/gconvfifo.rf/grf.rf/gntv_or_sync_fifo.mem/gdm.dm_gen.dm/RAM_reg_0_15_0_5/RAMB/WADR2
                            (rising edge-triggered cell RAMD32 clocked by clk_i  {rise@0.000ns fall@10.000ns period=20.000ns})
  Path Group:             clk_i
  Path Type:              Hold (Min at Fast Process Corner)
  Requirement:            0.000ns  (clk_i rise@0.000ns - clk_i rise@0.000ns)
  Data Path Delay:        0.344ns  (logic 0.141ns (40.983%)  route 0.203ns (59.017%))
  Logic Levels:           0  
  Clock Path Skew:        0.015ns (DCD - SCD - CPR)
    Destination Clock Delay (DCD):    2.027ns
    Source Clock Delay      (SCD):    1.512ns
    Clock Pessimism Removal (CPR):    0.500ns

    Location             Delay type                Incr(ns)  Path(ns)    Netlist Resource(s)
  -------------------------------------------------------------------    -------------------
                         (clock clk_i rise edge)      0.000     0.000 r  
    U18                                               0.000     0.000 r  clk_i (IN)
                         net (fo=0)                   0.000     0.000    clk_i
    U18                  IBUF (Prop_ibuf_I_O)         0.297     0.297 r  clk_i_IBUF_inst/O
                         net (fo=1, routed)           0.627     0.925    clk_i_IBUF
    BUFGCTRL_X0Y0        BUFG (Prop_bufg_I_O)         0.026     0.951 r  clk_i_IBUF_BUFG_inst/O
                         net (fo=217, routed)         0.562     1.512    u_sys_monitor/u_u2r_cmd_convert/U0/inst_fifo_gen/gconvfifo.rf/grf.rf/gntv_or_sync_fifo.gl0.wr/wpntr/wr_clk
    SLICE_X13Y34         FDCE                                         r  u_sys_monitor/u_u2r_cmd_convert/U0/inst_fifo_gen/gconvfifo.rf/grf.rf/gntv_or_sync_fifo.gl0.wr/wpntr/gic0.gc0.count_d2_reg[2]/C
  -------------------------------------------------------------------    -------------------
    SLICE_X13Y34         FDCE (Prop_fdce_C_Q)         0.141     1.653 r  u_sys_monitor/u_u2r_cmd_convert/U0/inst_fifo_gen/gconvfifo.rf/grf.rf/gntv_or_sync_fifo.gl0.wr/wpntr/gic0.gc0.count_d2_reg[2]/Q
                         net (fo=10, routed)          0.203     1.856    u_sys_monitor/u_u2r_cmd_convert/U0/inst_fifo_gen/gconvfifo.rf/grf.rf/gntv_or_sync_fifo.mem/gdm.dm_gen.dm/RAM_reg_0_15_0_5/ADDRD2
    SLICE_X12Y35         RAMD32                                       r  u_sys_monitor/u_u2r_cmd_convert/U0/inst_fifo_gen/gconvfifo.rf/grf.rf/gntv_or_sync_fifo.mem/gdm.dm_gen.dm/RAM_reg_0_15_0_5/RAMB/WADR2
  -------------------------------------------------------------------    -------------------

                         (clock clk_i rise edge)      0.000     0.000 r  
    U18                                               0.000     0.000 r  clk_i (IN)
                         net (fo=0)                   0.000     0.000    clk_i
    U18                  IBUF (Prop_ibuf_I_O)         0.486     0.486 r  clk_i_IBUF_inst/O
                         net (fo=1, routed)           0.683     1.169    clk_i_IBUF
    BUFGCTRL_X0Y0        BUFG (Prop_bufg_I_O)         0.029     1.198 r  clk_i_IBUF_BUFG_inst/O
                         net (fo=217, routed)         0.829     2.027    u_sys_monitor/u_u2r_cmd_convert/U0/inst_fifo_gen/gconvfifo.rf/grf.rf/gntv_or_sync_fifo.mem/gdm.dm_gen.dm/RAM_reg_0_15_0_5/WCLK
    SLICE_X12Y35         RAMD32                                       r  u_sys_monitor/u_u2r_cmd_convert/U0/inst_fifo_gen/gconvfifo.rf/grf.rf/gntv_or_sync_fifo.mem/gdm.dm_gen.dm/RAM_reg_0_15_0_5/RAMB/CLK
                         clock pessimism             -0.500     1.527    
    SLICE_X12Y35         RAMD32 (Hold_ramd32_CLK_WADR2)
                                                      0.254     1.781    u_sys_monitor/u_u2r_cmd_convert/U0/inst_fifo_gen/gconvfifo.rf/grf.rf/gntv_or_sync_fifo.mem/gdm.dm_gen.dm/RAM_reg_0_15_0_5/RAMB
  -------------------------------------------------------------------
                         required time                         -1.781    
                         arrival time                           1.856    
  -------------------------------------------------------------------
                         slack                                  0.075    

Slack (MET) :             0.075ns  (arrival time - required time)
  Source:                 u_sys_monitor/u_u2r_cmd_convert/U0/inst_fifo_gen/gconvfifo.rf/grf.rf/gntv_or_sync_fifo.gl0.wr/wpntr/gic0.gc0.count_d2_reg[2]/C
                            (rising edge-triggered cell FDCE clocked by clk_i  {rise@0.000ns fall@10.000ns period=20.000ns})
  Destination:            u_sys_monitor/u_u2r_cmd_convert/U0/inst_fifo_gen/gconvfifo.rf/grf.rf/gntv_or_sync_fifo.mem/gdm.dm_gen.dm/RAM_reg_0_15_0_5/RAMB_D1/WADR2
                            (rising edge-triggered cell RAMD32 clocked by clk_i  {rise@0.000ns fall@10.000ns period=20.000ns})
  Path Group:             clk_i
  Path Type:              Hold (Min at Fast Process Corner)
  Requirement:            0.000ns  (clk_i rise@0.000ns - clk_i rise@0.000ns)
  Data Path Delay:        0.344ns  (logic 0.141ns (40.983%)  route 0.203ns (59.017%))
  Logic Levels:           0  
  Clock Path Skew:        0.015ns (DCD - SCD - CPR)
    Destination Clock Delay (DCD):    2.027ns
    Source Clock Delay      (SCD):    1.512ns
    Clock Pessimism Removal (CPR):    0.500ns

    Location             Delay type                Incr(ns)  Path(ns)    Netlist Resource(s)
  -------------------------------------------------------------------    -------------------
                         (clock clk_i rise edge)      0.000     0.000 r  
    U18                                               0.000     0.000 r  clk_i (IN)
                         net (fo=0)                   0.000     0.000    clk_i
    U18                  IBUF (Prop_ibuf_I_O)         0.297     0.297 r  clk_i_IBUF_inst/O
                         net (fo=1, routed)           0.627     0.925    clk_i_IBUF
    BUFGCTRL_X0Y0        BUFG (Prop_bufg_I_O)         0.026     0.951 r  clk_i_IBUF_BUFG_inst/O
                         net (fo=217, routed)         0.562     1.512    u_sys_monitor/u_u2r_cmd_convert/U0/inst_fifo_gen/gconvfifo.rf/grf.rf/gntv_or_sync_fifo.gl0.wr/wpntr/wr_clk
    SLICE_X13Y34         FDCE                                         r  u_sys_monitor/u_u2r_cmd_convert/U0/inst_fifo_gen/gconvfifo.rf/grf.rf/gntv_or_sync_fifo.gl0.wr/wpntr/gic0.gc0.count_d2_reg[2]/C
  -------------------------------------------------------------------    -------------------
    SLICE_X13Y34         FDCE (Prop_fdce_C_Q)         0.141     1.653 r  u_sys_monitor/u_u2r_cmd_convert/U0/inst_fifo_gen/gconvfifo.rf/grf.rf/gntv_or_sync_fifo.gl0.wr/wpntr/gic0.gc0.count_d2_reg[2]/Q
                         net (fo=10, routed)          0.203     1.856    u_sys_monitor/u_u2r_cmd_convert/U0/inst_fifo_gen/gconvfifo.rf/grf.rf/gntv_or_sync_fifo.mem/gdm.dm_gen.dm/RAM_reg_0_15_0_5/ADDRD2
    SLICE_X12Y35         RAMD32                                       r  u_sys_monitor/u_u2r_cmd_convert/U0/inst_fifo_gen/gconvfifo.rf/grf.rf/gntv_or_sync_fifo.mem/gdm.dm_gen.dm/RAM_reg_0_15_0_5/RAMB_D1/WADR2
  -------------------------------------------------------------------    -------------------

                         (clock clk_i rise edge)      0.000     0.000 r  
    U18                                               0.000     0.000 r  clk_i (IN)
                         net (fo=0)                   0.000     0.000    clk_i
    U18                  IBUF (Prop_ibuf_I_O)         0.486     0.486 r  clk_i_IBUF_inst/O
                         net (fo=1, routed)           0.683     1.169    clk_i_IBUF
    BUFGCTRL_X0Y0        BUFG (Prop_bufg_I_O)         0.029     1.198 r  clk_i_IBUF_BUFG_inst/O
                         net (fo=217, routed)         0.829     2.027    u_sys_monitor/u_u2r_cmd_convert/U0/inst_fifo_gen/gconvfifo.rf/grf.rf/gntv_or_sync_fifo.mem/gdm.dm_gen.dm/RAM_reg_0_15_0_5/WCLK
    SLICE_X12Y35         RAMD32                                       r  u_sys_monitor/u_u2r_cmd_convert/U0/inst_fifo_gen/gconvfifo.rf/grf.rf/gntv_or_sync_fifo.mem/gdm.dm_gen.dm/RAM_reg_0_15_0_5/RAMB_D1/CLK
                         clock pessimism             -0.500     1.527    
    SLICE_X12Y35         RAMD32 (Hold_ramd32_CLK_WADR2)
                                                      0.254     1.781    u_sys_monitor/u_u2r_cmd_convert/U0/inst_fifo_gen/gconvfifo.rf/grf.rf/gntv_or_sync_fifo.mem/gdm.dm_gen.dm/RAM_reg_0_15_0_5/RAMB_D1
  -------------------------------------------------------------------
                         required time                         -1.781    
                         arrival time                           1.856    
  -------------------------------------------------------------------
                         slack                                  0.075    

Slack (MET) :             0.075ns  (arrival time - required time)
  Source:                 u_sys_monitor/u_u2r_cmd_convert/U0/inst_fifo_gen/gconvfifo.rf/grf.rf/gntv_or_sync_fifo.gl0.wr/wpntr/gic0.gc0.count_d2_reg[2]/C
                            (rising edge-triggered cell FDCE clocked by clk_i  {rise@0.000ns fall@10.000ns period=20.000ns})
  Destination:            u_sys_monitor/u_u2r_cmd_convert/U0/inst_fifo_gen/gconvfifo.rf/grf.rf/gntv_or_sync_fifo.mem/gdm.dm_gen.dm/RAM_reg_0_15_0_5/RAMC/WADR2
                            (rising edge-triggered cell RAMD32 clocked by clk_i  {rise@0.000ns fall@10.000ns period=20.000ns})
  Path Group:             clk_i
  Path Type:              Hold (Min at Fast Process Corner)
  Requirement:            0.000ns  (clk_i rise@0.000ns - clk_i rise@0.000ns)
  Data Path Delay:        0.344ns  (logic 0.141ns (40.983%)  route 0.203ns (59.017%))
  Logic Levels:           0  
  Clock Path Skew:        0.015ns (DCD - SCD - CPR)
    Destination Clock Delay (DCD):    2.027ns
    Source Clock Delay      (SCD):    1.512ns
    Clock Pessimism Removal (CPR):    0.500ns

    Location             Delay type                Incr(ns)  Path(ns)    Netlist Resource(s)
  -------------------------------------------------------------------    -------------------
                         (clock clk_i rise edge)      0.000     0.000 r  
    U18                                               0.000     0.000 r  clk_i (IN)
                         net (fo=0)                   0.000     0.000    clk_i
    U18                  IBUF (Prop_ibuf_I_O)         0.297     0.297 r  clk_i_IBUF_inst/O
                         net (fo=1, routed)           0.627     0.925    clk_i_IBUF
    BUFGCTRL_X0Y0        BUFG (Prop_bufg_I_O)         0.026     0.951 r  clk_i_IBUF_BUFG_inst/O
                         net (fo=217, routed)         0.562     1.512    u_sys_monitor/u_u2r_cmd_convert/U0/inst_fifo_gen/gconvfifo.rf/grf.rf/gntv_or_sync_fifo.gl0.wr/wpntr/wr_clk
    SLICE_X13Y34         FDCE                                         r  u_sys_monitor/u_u2r_cmd_convert/U0/inst_fifo_gen/gconvfifo.rf/grf.rf/gntv_or_sync_fifo.gl0.wr/wpntr/gic0.gc0.count_d2_reg[2]/C
  -------------------------------------------------------------------    -------------------
    SLICE_X13Y34         FDCE (Prop_fdce_C_Q)         0.141     1.653 r  u_sys_monitor/u_u2r_cmd_convert/U0/inst_fifo_gen/gconvfifo.rf/grf.rf/gntv_or_sync_fifo.gl0.wr/wpntr/gic0.gc0.count_d2_reg[2]/Q
                         net (fo=10, routed)          0.203     1.856    u_sys_monitor/u_u2r_cmd_convert/U0/inst_fifo_gen/gconvfifo.rf/grf.rf/gntv_or_sync_fifo.mem/gdm.dm_gen.dm/RAM_reg_0_15_0_5/ADDRD2
    SLICE_X12Y35         RAMD32                                       r  u_sys_monitor/u_u2r_cmd_convert/U0/inst_fifo_gen/gconvfifo.rf/grf.rf/gntv_or_sync_fifo.mem/gdm.dm_gen.dm/RAM_reg_0_15_0_5/RAMC/WADR2
  -------------------------------------------------------------------    -------------------

                         (clock clk_i rise edge)      0.000     0.000 r  
    U18                                               0.000     0.000 r  clk_i (IN)
                         net (fo=0)                   0.000     0.000    clk_i
    U18                  IBUF (Prop_ibuf_I_O)         0.486     0.486 r  clk_i_IBUF_inst/O
                         net (fo=1, routed)           0.683     1.169    clk_i_IBUF
    BUFGCTRL_X0Y0        BUFG (Prop_bufg_I_O)         0.029     1.198 r  clk_i_IBUF_BUFG_inst/O
                         net (fo=217, routed)         0.829     2.027    u_sys_monitor/u_u2r_cmd_convert/U0/inst_fifo_gen/gconvfifo.rf/grf.rf/gntv_or_sync_fifo.mem/gdm.dm_gen.dm/RAM_reg_0_15_0_5/WCLK
    SLICE_X12Y35         RAMD32                                       r  u_sys_monitor/u_u2r_cmd_convert/U0/inst_fifo_gen/gconvfifo.rf/grf.rf/gntv_or_sync_fifo.mem/gdm.dm_gen.dm/RAM_reg_0_15_0_5/RAMC/CLK
                         clock pessimism             -0.500     1.527    
    SLICE_X12Y35         RAMD32 (Hold_ramd32_CLK_WADR2)
                                                      0.254     1.781    u_sys_monitor/u_u2r_cmd_convert/U0/inst_fifo_gen/gconvfifo.rf/grf.rf/gntv_or_sync_fifo.mem/gdm.dm_gen.dm/RAM_reg_0_15_0_5/RAMC
  -------------------------------------------------------------------
                         required time                         -1.781    
                         arrival time                           1.856    
  -------------------------------------------------------------------
                         slack                                  0.075    

Slack (MET) :             0.075ns  (arrival time - required time)
  Source:                 u_sys_monitor/u_u2r_cmd_convert/U0/inst_fifo_gen/gconvfifo.rf/grf.rf/gntv_or_sync_fifo.gl0.wr/wpntr/gic0.gc0.count_d2_reg[2]/C
                            (rising edge-triggered cell FDCE clocked by clk_i  {rise@0.000ns fall@10.000ns period=20.000ns})
  Destination:            u_sys_monitor/u_u2r_cmd_convert/U0/inst_fifo_gen/gconvfifo.rf/grf.rf/gntv_or_sync_fifo.mem/gdm.dm_gen.dm/RAM_reg_0_15_0_5/RAMC_D1/WADR2
                            (rising edge-triggered cell RAMD32 clocked by clk_i  {rise@0.000ns fall@10.000ns period=20.000ns})
  Path Group:             clk_i
  Path Type:              Hold (Min at Fast Process Corner)
  Requirement:            0.000ns  (clk_i rise@0.000ns - clk_i rise@0.000ns)
  Data Path Delay:        0.344ns  (logic 0.141ns (40.983%)  route 0.203ns (59.017%))
  Logic Levels:           0  
  Clock Path Skew:        0.015ns (DCD - SCD - CPR)
    Destination Clock Delay (DCD):    2.027ns
    Source Clock Delay      (SCD):    1.512ns
    Clock Pessimism Removal (CPR):    0.500ns

    Location             Delay type                Incr(ns)  Path(ns)    Netlist Resource(s)
  -------------------------------------------------------------------    -------------------
                         (clock clk_i rise edge)      0.000     0.000 r  
    U18                                               0.000     0.000 r  clk_i (IN)
                         net (fo=0)                   0.000     0.000    clk_i
    U18                  IBUF (Prop_ibuf_I_O)         0.297     0.297 r  clk_i_IBUF_inst/O
                         net (fo=1, routed)           0.627     0.925    clk_i_IBUF
    BUFGCTRL_X0Y0        BUFG (Prop_bufg_I_O)         0.026     0.951 r  clk_i_IBUF_BUFG_inst/O
                         net (fo=217, routed)         0.562     1.512    u_sys_monitor/u_u2r_cmd_convert/U0/inst_fifo_gen/gconvfifo.rf/grf.rf/gntv_or_sync_fifo.gl0.wr/wpntr/wr_clk
    SLICE_X13Y34         FDCE                                         r  u_sys_monitor/u_u2r_cmd_convert/U0/inst_fifo_gen/gconvfifo.rf/grf.rf/gntv_or_sync_fifo.gl0.wr/wpntr/gic0.gc0.count_d2_reg[2]/C
  -------------------------------------------------------------------    -------------------
    SLICE_X13Y34         FDCE (Prop_fdce_C_Q)         0.141     1.653 r  u_sys_monitor/u_u2r_cmd_convert/U0/inst_fifo_gen/gconvfifo.rf/grf.rf/gntv_or_sync_fifo.gl0.wr/wpntr/gic0.gc0.count_d2_reg[2]/Q
                         net (fo=10, routed)          0.203     1.856    u_sys_monitor/u_u2r_cmd_convert/U0/inst_fifo_gen/gconvfifo.rf/grf.rf/gntv_or_sync_fifo.mem/gdm.dm_gen.dm/RAM_reg_0_15_0_5/ADDRD2
    SLICE_X12Y35         RAMD32                                       r  u_sys_monitor/u_u2r_cmd_convert/U0/inst_fifo_gen/gconvfifo.rf/grf.rf/gntv_or_sync_fifo.mem/gdm.dm_gen.dm/RAM_reg_0_15_0_5/RAMC_D1/WADR2
  -------------------------------------------------------------------    -------------------

                         (clock clk_i rise edge)      0.000     0.000 r  
    U18                                               0.000     0.000 r  clk_i (IN)
                         net (fo=0)                   0.000     0.000    clk_i
    U18                  IBUF (Prop_ibuf_I_O)         0.486     0.486 r  clk_i_IBUF_inst/O
                         net (fo=1, routed)           0.683     1.169    clk_i_IBUF
    BUFGCTRL_X0Y0        BUFG (Prop_bufg_I_O)         0.029     1.198 r  clk_i_IBUF_BUFG_inst/O
                         net (fo=217, routed)         0.829     2.027    u_sys_monitor/u_u2r_cmd_convert/U0/inst_fifo_gen/gconvfifo.rf/grf.rf/gntv_or_sync_fifo.mem/gdm.dm_gen.dm/RAM_reg_0_15_0_5/WCLK
    SLICE_X12Y35         RAMD32                                       r  u_sys_monitor/u_u2r_cmd_convert/U0/inst_fifo_gen/gconvfifo.rf/grf.rf/gntv_or_sync_fifo.mem/gdm.dm_gen.dm/RAM_reg_0_15_0_5/RAMC_D1/CLK
                         clock pessimism             -0.500     1.527    
    SLICE_X12Y35         RAMD32 (Hold_ramd32_CLK_WADR2)
                                                      0.254     1.781    u_sys_monitor/u_u2r_cmd_convert/U0/inst_fifo_gen/gconvfifo.rf/grf.rf/gntv_or_sync_fifo.mem/gdm.dm_gen.dm/RAM_reg_0_15_0_5/RAMC_D1
  -------------------------------------------------------------------
                         required time                         -1.781    
                         arrival time                           1.856    
  -------------------------------------------------------------------
                         slack                                  0.075    

Slack (MET) :             0.075ns  (arrival time - required time)
  Source:                 u_sys_monitor/u_u2r_cmd_convert/U0/inst_fifo_gen/gconvfifo.rf/grf.rf/gntv_or_sync_fifo.gl0.wr/wpntr/gic0.gc0.count_d2_reg[2]/C
                            (rising edge-triggered cell FDCE clocked by clk_i  {rise@0.000ns fall@10.000ns period=20.000ns})
  Destination:            u_sys_monitor/u_u2r_cmd_convert/U0/inst_fifo_gen/gconvfifo.rf/grf.rf/gntv_or_sync_fifo.mem/gdm.dm_gen.dm/RAM_reg_0_15_0_5/RAMD/ADR2
                            (rising edge-triggered cell RAMS32 clocked by clk_i  {rise@0.000ns fall@10.000ns period=20.000ns})
  Path Group:             clk_i
  Path Type:              Hold (Min at Fast Process Corner)
  Requirement:            0.000ns  (clk_i rise@0.000ns - clk_i rise@0.000ns)
  Data Path Delay:        0.344ns  (logic 0.141ns (40.983%)  route 0.203ns (59.017%))
  Logic Levels:           0  
  Clock Path Skew:        0.015ns (DCD - SCD - CPR)
    Destination Clock Delay (DCD):    2.027ns
    Source Clock Delay      (SCD):    1.512ns
    Clock Pessimism Removal (CPR):    0.500ns

    Location             Delay type                Incr(ns)  Path(ns)    Netlist Resource(s)
  -------------------------------------------------------------------    -------------------
                         (clock clk_i rise edge)      0.000     0.000 r  
    U18                                               0.000     0.000 r  clk_i (IN)
                         net (fo=0)                   0.000     0.000    clk_i
    U18                  IBUF (Prop_ibuf_I_O)         0.297     0.297 r  clk_i_IBUF_inst/O
                         net (fo=1, routed)           0.627     0.925    clk_i_IBUF
    BUFGCTRL_X0Y0        BUFG (Prop_bufg_I_O)         0.026     0.951 r  clk_i_IBUF_BUFG_inst/O
                         net (fo=217, routed)         0.562     1.512    u_sys_monitor/u_u2r_cmd_convert/U0/inst_fifo_gen/gconvfifo.rf/grf.rf/gntv_or_sync_fifo.gl0.wr/wpntr/wr_clk
    SLICE_X13Y34         FDCE                                         r  u_sys_monitor/u_u2r_cmd_convert/U0/inst_fifo_gen/gconvfifo.rf/grf.rf/gntv_or_sync_fifo.gl0.wr/wpntr/gic0.gc0.count_d2_reg[2]/C
  -------------------------------------------------------------------    -------------------
    SLICE_X13Y34         FDCE (Prop_fdce_C_Q)         0.141     1.653 r  u_sys_monitor/u_u2r_cmd_convert/U0/inst_fifo_gen/gconvfifo.rf/grf.rf/gntv_or_sync_fifo.gl0.wr/wpntr/gic0.gc0.count_d2_reg[2]/Q
                         net (fo=10, routed)          0.203     1.856    u_sys_monitor/u_u2r_cmd_convert/U0/inst_fifo_gen/gconvfifo.rf/grf.rf/gntv_or_sync_fifo.mem/gdm.dm_gen.dm/RAM_reg_0_15_0_5/ADDRD2
    SLICE_X12Y35         RAMS32                                       r  u_sys_monitor/u_u2r_cmd_convert/U0/inst_fifo_gen/gconvfifo.rf/grf.rf/gntv_or_sync_fifo.mem/gdm.dm_gen.dm/RAM_reg_0_15_0_5/RAMD/ADR2
  -------------------------------------------------------------------    -------------------

                         (clock clk_i rise edge)      0.000     0.000 r  
    U18                                               0.000     0.000 r  clk_i (IN)
                         net (fo=0)                   0.000     0.000    clk_i
    U18                  IBUF (Prop_ibuf_I_O)         0.486     0.486 r  clk_i_IBUF_inst/O
                         net (fo=1, routed)           0.683     1.169    clk_i_IBUF
    BUFGCTRL_X0Y0        BUFG (Prop_bufg_I_O)         0.029     1.198 r  clk_i_IBUF_BUFG_inst/O
                         net (fo=217, routed)         0.829     2.027    u_sys_monitor/u_u2r_cmd_convert/U0/inst_fifo_gen/gconvfifo.rf/grf.rf/gntv_or_sync_fifo.mem/gdm.dm_gen.dm/RAM_reg_0_15_0_5/WCLK
    SLICE_X12Y35         RAMS32                                       r  u_sys_monitor/u_u2r_cmd_convert/U0/inst_fifo_gen/gconvfifo.rf/grf.rf/gntv_or_sync_fifo.mem/gdm.dm_gen.dm/RAM_reg_0_15_0_5/RAMD/CLK
                         clock pessimism             -0.500     1.527    
    SLICE_X12Y35         RAMS32 (Hold_rams32_CLK_ADR2)
                                                      0.254     1.781    u_sys_monitor/u_u2r_cmd_convert/U0/inst_fifo_gen/gconvfifo.rf/grf.rf/gntv_or_sync_fifo.mem/gdm.dm_gen.dm/RAM_reg_0_15_0_5/RAMD
  -------------------------------------------------------------------
                         required time                         -1.781    
                         arrival time                           1.856    
  -------------------------------------------------------------------
                         slack                                  0.075    

Slack (MET) :             0.075ns  (arrival time - required time)
  Source:                 u_sys_monitor/u_u2r_cmd_convert/U0/inst_fifo_gen/gconvfifo.rf/grf.rf/gntv_or_sync_fifo.gl0.wr/wpntr/gic0.gc0.count_d2_reg[2]/C
                            (rising edge-triggered cell FDCE clocked by clk_i  {rise@0.000ns fall@10.000ns period=20.000ns})
  Destination:            u_sys_monitor/u_u2r_cmd_convert/U0/inst_fifo_gen/gconvfifo.rf/grf.rf/gntv_or_sync_fifo.mem/gdm.dm_gen.dm/RAM_reg_0_15_0_5/RAMD_D1/ADR2
                            (rising edge-triggered cell RAMS32 clocked by clk_i  {rise@0.000ns fall@10.000ns period=20.000ns})
  Path Group:             clk_i
  Path Type:              Hold (Min at Fast Process Corner)
  Requirement:            0.000ns  (clk_i rise@0.000ns - clk_i rise@0.000ns)
  Data Path Delay:        0.344ns  (logic 0.141ns (40.983%)  route 0.203ns (59.017%))
  Logic Levels:           0  
  Clock Path Skew:        0.015ns (DCD - SCD - CPR)
    Destination Clock Delay (DCD):    2.027ns
    Source Clock Delay      (SCD):    1.512ns
    Clock Pessimism Removal (CPR):    0.500ns

    Location             Delay type                Incr(ns)  Path(ns)    Netlist Resource(s)
  -------------------------------------------------------------------    -------------------
                         (clock clk_i rise edge)      0.000     0.000 r  
    U18                                               0.000     0.000 r  clk_i (IN)
                         net (fo=0)                   0.000     0.000    clk_i
    U18                  IBUF (Prop_ibuf_I_O)         0.297     0.297 r  clk_i_IBUF_inst/O
                         net (fo=1, routed)           0.627     0.925    clk_i_IBUF
    BUFGCTRL_X0Y0        BUFG (Prop_bufg_I_O)         0.026     0.951 r  clk_i_IBUF_BUFG_inst/O
                         net (fo=217, routed)         0.562     1.512    u_sys_monitor/u_u2r_cmd_convert/U0/inst_fifo_gen/gconvfifo.rf/grf.rf/gntv_or_sync_fifo.gl0.wr/wpntr/wr_clk
    SLICE_X13Y34         FDCE                                         r  u_sys_monitor/u_u2r_cmd_convert/U0/inst_fifo_gen/gconvfifo.rf/grf.rf/gntv_or_sync_fifo.gl0.wr/wpntr/gic0.gc0.count_d2_reg[2]/C
  -------------------------------------------------------------------    -------------------
    SLICE_X13Y34         FDCE (Prop_fdce_C_Q)         0.141     1.653 r  u_sys_monitor/u_u2r_cmd_convert/U0/inst_fifo_gen/gconvfifo.rf/grf.rf/gntv_or_sync_fifo.gl0.wr/wpntr/gic0.gc0.count_d2_reg[2]/Q
                         net (fo=10, routed)          0.203     1.856    u_sys_monitor/u_u2r_cmd_convert/U0/inst_fifo_gen/gconvfifo.rf/grf.rf/gntv_or_sync_fifo.mem/gdm.dm_gen.dm/RAM_reg_0_15_0_5/ADDRD2
    SLICE_X12Y35         RAMS32                                       r  u_sys_monitor/u_u2r_cmd_convert/U0/inst_fifo_gen/gconvfifo.rf/grf.rf/gntv_or_sync_fifo.mem/gdm.dm_gen.dm/RAM_reg_0_15_0_5/RAMD_D1/ADR2
  -------------------------------------------------------------------    -------------------

                         (clock clk_i rise edge)      0.000     0.000 r  
    U18                                               0.000     0.000 r  clk_i (IN)
                         net (fo=0)                   0.000     0.000    clk_i
    U18                  IBUF (Prop_ibuf_I_O)         0.486     0.486 r  clk_i_IBUF_inst/O
                         net (fo=1, routed)           0.683     1.169    clk_i_IBUF
    BUFGCTRL_X0Y0        BUFG (Prop_bufg_I_O)         0.029     1.198 r  clk_i_IBUF_BUFG_inst/O
                         net (fo=217, routed)         0.829     2.027    u_sys_monitor/u_u2r_cmd_convert/U0/inst_fifo_gen/gconvfifo.rf/grf.rf/gntv_or_sync_fifo.mem/gdm.dm_gen.dm/RAM_reg_0_15_0_5/WCLK
    SLICE_X12Y35         RAMS32                                       r  u_sys_monitor/u_u2r_cmd_convert/U0/inst_fifo_gen/gconvfifo.rf/grf.rf/gntv_or_sync_fifo.mem/gdm.dm_gen.dm/RAM_reg_0_15_0_5/RAMD_D1/CLK
                         clock pessimism             -0.500     1.527    
    SLICE_X12Y35         RAMS32 (Hold_rams32_CLK_ADR2)
                                                      0.254     1.781    u_sys_monitor/u_u2r_cmd_convert/U0/inst_fifo_gen/gconvfifo.rf/grf.rf/gntv_or_sync_fifo.mem/gdm.dm_gen.dm/RAM_reg_0_15_0_5/RAMD_D1
  -------------------------------------------------------------------
                         required time                         -1.781    
                         arrival time                           1.856    
  -------------------------------------------------------------------
                         slack                                  0.075    

Slack (MET) :             0.112ns  (arrival time - required time)
  Source:                 u_sys_monitor/u_uart_top/rx_data_o_reg[0]/C
                            (rising edge-triggered cell FDCE clocked by clk_i  {rise@0.000ns fall@10.000ns period=20.000ns})
  Destination:            u_sys_monitor/u_u2r_cmd_convert/U0/inst_fifo_gen/gconvfifo.rf/grf.rf/gntv_or_sync_fifo.mem/gdm.dm_gen.dm/RAM_reg_0_15_0_5/RAMA/I
                            (rising edge-triggered cell RAMD32 clocked by clk_i  {rise@0.000ns fall@10.000ns period=20.000ns})
  Path Group:             clk_i
  Path Type:              Hold (Min at Fast Process Corner)
  Requirement:            0.000ns  (clk_i rise@0.000ns - clk_i rise@0.000ns)
  Data Path Delay:        0.274ns  (logic 0.164ns (59.853%)  route 0.110ns (40.147%))
  Logic Levels:           0  
  Clock Path Skew:        0.015ns (DCD - SCD - CPR)
    Destination Clock Delay (DCD):    2.027ns
    Source Clock Delay      (SCD):    1.512ns
    Clock Pessimism Removal (CPR):    0.500ns

    Location             Delay type                Incr(ns)  Path(ns)    Netlist Resource(s)
  -------------------------------------------------------------------    -------------------
                         (clock clk_i rise edge)      0.000     0.000 r  
    U18                                               0.000     0.000 r  clk_i (IN)
                         net (fo=0)                   0.000     0.000    clk_i
    U18                  IBUF (Prop_ibuf_I_O)         0.297     0.297 r  clk_i_IBUF_inst/O
                         net (fo=1, routed)           0.627     0.925    clk_i_IBUF
    BUFGCTRL_X0Y0        BUFG (Prop_bufg_I_O)         0.026     0.951 r  clk_i_IBUF_BUFG_inst/O
                         net (fo=217, routed)         0.562     1.512    u_sys_monitor/u_uart_top/CLK
    SLICE_X12Y36         FDCE                                         r  u_sys_monitor/u_uart_top/rx_data_o_reg[0]/C
  -------------------------------------------------------------------    -------------------
    SLICE_X12Y36         FDCE (Prop_fdce_C_Q)         0.164     1.676 r  u_sys_monitor/u_uart_top/rx_data_o_reg[0]/Q
                         net (fo=1, routed)           0.110     1.786    u_sys_monitor/u_u2r_cmd_convert/U0/inst_fifo_gen/gconvfifo.rf/grf.rf/gntv_or_sync_fifo.mem/gdm.dm_gen.dm/RAM_reg_0_15_0_5/DIA0
    SLICE_X12Y35         RAMD32                                       r  u_sys_monitor/u_u2r_cmd_convert/U0/inst_fifo_gen/gconvfifo.rf/grf.rf/gntv_or_sync_fifo.mem/gdm.dm_gen.dm/RAM_reg_0_15_0_5/RAMA/I
  -------------------------------------------------------------------    -------------------

                         (clock clk_i rise edge)      0.000     0.000 r  
    U18                                               0.000     0.000 r  clk_i (IN)
                         net (fo=0)                   0.000     0.000    clk_i
    U18                  IBUF (Prop_ibuf_I_O)         0.486     0.486 r  clk_i_IBUF_inst/O
                         net (fo=1, routed)           0.683     1.169    clk_i_IBUF
    BUFGCTRL_X0Y0        BUFG (Prop_bufg_I_O)         0.029     1.198 r  clk_i_IBUF_BUFG_inst/O
                         net (fo=217, routed)         0.829     2.027    u_sys_monitor/u_u2r_cmd_convert/U0/inst_fifo_gen/gconvfifo.rf/grf.rf/gntv_or_sync_fifo.mem/gdm.dm_gen.dm/RAM_reg_0_15_0_5/WCLK
    SLICE_X12Y35         RAMD32                                       r  u_sys_monitor/u_u2r_cmd_convert/U0/inst_fifo_gen/gconvfifo.rf/grf.rf/gntv_or_sync_fifo.mem/gdm.dm_gen.dm/RAM_reg_0_15_0_5/RAMA/CLK
                         clock pessimism             -0.500     1.527    
    SLICE_X12Y35         RAMD32 (Hold_ramd32_CLK_I)
                                                      0.147     1.674    u_sys_monitor/u_u2r_cmd_convert/U0/inst_fifo_gen/gconvfifo.rf/grf.rf/gntv_or_sync_fifo.mem/gdm.dm_gen.dm/RAM_reg_0_15_0_5/RAMA
  -------------------------------------------------------------------
                         required time                         -1.674    
                         arrival time                           1.786    
  -------------------------------------------------------------------
                         slack                                  0.112    

Slack (MET) :             0.116ns  (arrival time - required time)
  Source:                 u_sys_monitor/u_u2r_cmd_convert/U0/inst_fifo_gen/gconvfifo.rf/grf.rf/gntv_or_sync_fifo.gl0.wr/wpntr/gic0.gc0.count_d2_reg[3]/C
                            (rising edge-triggered cell FDCE clocked by clk_i  {rise@0.000ns fall@10.000ns period=20.000ns})
  Destination:            u_sys_monitor/u_u2r_cmd_convert/U0/inst_fifo_gen/gconvfifo.rf/grf.rf/gntv_or_sync_fifo.mem/gdm.dm_gen.dm/RAM_reg_0_15_0_5/RAMA/WADR3
                            (rising edge-triggered cell RAMD32 clocked by clk_i  {rise@0.000ns fall@10.000ns period=20.000ns})
  Path Group:             clk_i
  Path Type:              Hold (Min at Fast Process Corner)
  Requirement:            0.000ns  (clk_i rise@0.000ns - clk_i rise@0.000ns)
  Data Path Delay:        0.318ns  (logic 0.128ns (40.270%)  route 0.190ns (59.730%))
  Logic Levels:           0  
  Clock Path Skew:        0.015ns (DCD - SCD - CPR)
    Destination Clock Delay (DCD):    2.027ns
    Source Clock Delay      (SCD):    1.512ns
    Clock Pessimism Removal (CPR):    0.500ns

    Location             Delay type                Incr(ns)  Path(ns)    Netlist Resource(s)
  -------------------------------------------------------------------    -------------------
                         (clock clk_i rise edge)      0.000     0.000 r  
    U18                                               0.000     0.000 r  clk_i (IN)
                         net (fo=0)                   0.000     0.000    clk_i
    U18                  IBUF (Prop_ibuf_I_O)         0.297     0.297 r  clk_i_IBUF_inst/O
                         net (fo=1, routed)           0.627     0.925    clk_i_IBUF
    BUFGCTRL_X0Y0        BUFG (Prop_bufg_I_O)         0.026     0.951 r  clk_i_IBUF_BUFG_inst/O
                         net (fo=217, routed)         0.562     1.512    u_sys_monitor/u_u2r_cmd_convert/U0/inst_fifo_gen/gconvfifo.rf/grf.rf/gntv_or_sync_fifo.gl0.wr/wpntr/wr_clk
    SLICE_X13Y34         FDCE                                         r  u_sys_monitor/u_u2r_cmd_convert/U0/inst_fifo_gen/gconvfifo.rf/grf.rf/gntv_or_sync_fifo.gl0.wr/wpntr/gic0.gc0.count_d2_reg[3]/C
  -------------------------------------------------------------------    -------------------
    SLICE_X13Y34         FDCE (Prop_fdce_C_Q)         0.128     1.640 r  u_sys_monitor/u_u2r_cmd_convert/U0/inst_fifo_gen/gconvfifo.rf/grf.rf/gntv_or_sync_fifo.gl0.wr/wpntr/gic0.gc0.count_d2_reg[3]/Q
                         net (fo=10, routed)          0.190     1.830    u_sys_monitor/u_u2r_cmd_convert/U0/inst_fifo_gen/gconvfifo.rf/grf.rf/gntv_or_sync_fifo.mem/gdm.dm_gen.dm/RAM_reg_0_15_0_5/ADDRD3
    SLICE_X12Y35         RAMD32                                       r  u_sys_monitor/u_u2r_cmd_convert/U0/inst_fifo_gen/gconvfifo.rf/grf.rf/gntv_or_sync_fifo.mem/gdm.dm_gen.dm/RAM_reg_0_15_0_5/RAMA/WADR3
  -------------------------------------------------------------------    -------------------

                         (clock clk_i rise edge)      0.000     0.000 r  
    U18                                               0.000     0.000 r  clk_i (IN)
                         net (fo=0)                   0.000     0.000    clk_i
    U18                  IBUF (Prop_ibuf_I_O)         0.486     0.486 r  clk_i_IBUF_inst/O
                         net (fo=1, routed)           0.683     1.169    clk_i_IBUF
    BUFGCTRL_X0Y0        BUFG (Prop_bufg_I_O)         0.029     1.198 r  clk_i_IBUF_BUFG_inst/O
                         net (fo=217, routed)         0.829     2.027    u_sys_monitor/u_u2r_cmd_convert/U0/inst_fifo_gen/gconvfifo.rf/grf.rf/gntv_or_sync_fifo.mem/gdm.dm_gen.dm/RAM_reg_0_15_0_5/WCLK
    SLICE_X12Y35         RAMD32                                       r  u_sys_monitor/u_u2r_cmd_convert/U0/inst_fifo_gen/gconvfifo.rf/grf.rf/gntv_or_sync_fifo.mem/gdm.dm_gen.dm/RAM_reg_0_15_0_5/RAMA/CLK
                         clock pessimism             -0.500     1.527    
    SLICE_X12Y35         RAMD32 (Hold_ramd32_CLK_WADR3)
                                                      0.187     1.714    u_sys_monitor/u_u2r_cmd_convert/U0/inst_fifo_gen/gconvfifo.rf/grf.rf/gntv_or_sync_fifo.mem/gdm.dm_gen.dm/RAM_reg_0_15_0_5/RAMA
  -------------------------------------------------------------------
                         required time                         -1.714    
                         arrival time                           1.830    
  -------------------------------------------------------------------
                         slack                                  0.116    





Pulse Width Checks
--------------------------------------------------------------------------------------
Clock Name:         clk_i
Waveform(ns):       { 0.000 10.000 }
Period(ns):         20.000
Sources:            { clk_i }

Check Type        Corner  Lib Pin             Reference Pin  Required(ns)  Actual(ns)  Slack(ns)  Location       Pin
Min Period        n/a     RAMB36E1/CLKARDCLK  n/a            2.576         20.000      17.424     RAMB36_X0Y7    u_sys_monitor/u_run_2_uart_clock/U0/inst_fifo_gen/gconvfifo.rf/grf.rf/gntv_or_sync_fifo.mem/gbm.gbmg.gbmga.ngecc.bmg/inst_blk_mem_gen/gnbram.gnativebmg.native_blk_mem_gen/valid.cstr/ramloop[0].ram.r/prim_noinit.ram/DEVICE_7SERIES.NO_BMM_INFO.SDP.WIDE_PRIM36_NO_ECC.ram/CLKARDCLK
Min Period        n/a     BUFG/I              n/a            2.155         20.000      17.845     BUFGCTRL_X0Y0  clk_i_IBUF_BUFG_inst/I
Min Period        n/a     FDCE/C              n/a            1.000         20.000      19.000     SLICE_X23Y46   clk_divider_reg[0]/C
Min Period        n/a     FDCE/C              n/a            1.000         20.000      19.000     SLICE_X22Y46   clk_divider_reg[1]/C
Min Period        n/a     FDCE/C              n/a            1.000         20.000      19.000     SLICE_X23Y46   clk_divider_reg[2]/C
Min Period        n/a     FDCE/C              n/a            1.000         20.000      19.000     SLICE_X23Y46   clk_divider_reg[3]/C
Min Period        n/a     FDCE/C              n/a            1.000         20.000      19.000     SLICE_X22Y46   clk_divider_reg[4]/C
Min Period        n/a     FDCE/C              n/a            1.000         20.000      19.000     SLICE_X22Y46   clk_divider_reg[5]/C
Min Period        n/a     FDRE/C              n/a            1.000         20.000      19.000     SLICE_X4Y35    u_sys_monitor/u_run_2_uart_clock/U0/inst_fifo_gen/gconvfifo.rf/grf.rf/gntv_or_sync_fifo.gcx.clkx/wr_pntr_cdc_inst/dest_graysync_ff_reg[0][4]/C
Min Period        n/a     FDRE/C              n/a            1.000         20.000      19.000     SLICE_X4Y35    u_sys_monitor/u_run_2_uart_clock/U0/inst_fifo_gen/gconvfifo.rf/grf.rf/gntv_or_sync_fifo.gcx.clkx/wr_pntr_cdc_inst/dest_graysync_ff_reg[0][5]/C
Low Pulse Width   Fast    RAMD32/CLK          n/a            1.250         10.000      8.750      SLICE_X12Y35   u_sys_monitor/u_u2r_cmd_convert/U0/inst_fifo_gen/gconvfifo.rf/grf.rf/gntv_or_sync_fifo.mem/gdm.dm_gen.dm/RAM_reg_0_15_0_5/RAMA/CLK
Low Pulse Width   Fast    RAMD32/CLK          n/a            1.250         10.000      8.750      SLICE_X12Y35   u_sys_monitor/u_u2r_cmd_convert/U0/inst_fifo_gen/gconvfifo.rf/grf.rf/gntv_or_sync_fifo.mem/gdm.dm_gen.dm/RAM_reg_0_15_0_5/RAMA_D1/CLK
Low Pulse Width   Fast    RAMD32/CLK          n/a            1.250         10.000      8.750      SLICE_X12Y35   u_sys_monitor/u_u2r_cmd_convert/U0/inst_fifo_gen/gconvfifo.rf/grf.rf/gntv_or_sync_fifo.mem/gdm.dm_gen.dm/RAM_reg_0_15_0_5/RAMB/CLK
Low Pulse Width   Fast    RAMD32/CLK          n/a            1.250         10.000      8.750      SLICE_X12Y35   u_sys_monitor/u_u2r_cmd_convert/U0/inst_fifo_gen/gconvfifo.rf/grf.rf/gntv_or_sync_fifo.mem/gdm.dm_gen.dm/RAM_reg_0_15_0_5/RAMB_D1/CLK
Low Pulse Width   Fast    RAMD32/CLK          n/a            1.250         10.000      8.750      SLICE_X12Y35   u_sys_monitor/u_u2r_cmd_convert/U0/inst_fifo_gen/gconvfifo.rf/grf.rf/gntv_or_sync_fifo.mem/gdm.dm_gen.dm/RAM_reg_0_15_0_5/RAMC/CLK
Low Pulse Width   Fast    RAMD32/CLK          n/a            1.250         10.000      8.750      SLICE_X12Y35   u_sys_monitor/u_u2r_cmd_convert/U0/inst_fifo_gen/gconvfifo.rf/grf.rf/gntv_or_sync_fifo.mem/gdm.dm_gen.dm/RAM_reg_0_15_0_5/RAMC_D1/CLK
Low Pulse Width   Fast    RAMS32/CLK          n/a            1.250         10.000      8.750      SLICE_X12Y35   u_sys_monitor/u_u2r_cmd_convert/U0/inst_fifo_gen/gconvfifo.rf/grf.rf/gntv_or_sync_fifo.mem/gdm.dm_gen.dm/RAM_reg_0_15_0_5/RAMD/CLK
Low Pulse Width   Fast    RAMS32/CLK          n/a            1.250         10.000      8.750      SLICE_X12Y35   u_sys_monitor/u_u2r_cmd_convert/U0/inst_fifo_gen/gconvfifo.rf/grf.rf/gntv_or_sync_fifo.mem/gdm.dm_gen.dm/RAM_reg_0_15_0_5/RAMD_D1/CLK
Low Pulse Width   Slow    RAMD32/CLK          n/a            1.250         10.000      8.750      SLICE_X12Y35   u_sys_monitor/u_u2r_cmd_convert/U0/inst_fifo_gen/gconvfifo.rf/grf.rf/gntv_or_sync_fifo.mem/gdm.dm_gen.dm/RAM_reg_0_15_0_5/RAMA/CLK
Low Pulse Width   Slow    RAMD32/CLK          n/a            1.250         10.000      8.750      SLICE_X12Y35   u_sys_monitor/u_u2r_cmd_convert/U0/inst_fifo_gen/gconvfifo.rf/grf.rf/gntv_or_sync_fifo.mem/gdm.dm_gen.dm/RAM_reg_0_15_0_5/RAMA_D1/CLK
High Pulse Width  Slow    RAMD32/CLK          n/a            1.250         10.000      8.750      SLICE_X12Y35   u_sys_monitor/u_u2r_cmd_convert/U0/inst_fifo_gen/gconvfifo.rf/grf.rf/gntv_or_sync_fifo.mem/gdm.dm_gen.dm/RAM_reg_0_15_0_5/RAMA/CLK
High Pulse Width  Slow    RAMD32/CLK          n/a            1.250         10.000      8.750      SLICE_X12Y35   u_sys_monitor/u_u2r_cmd_convert/U0/inst_fifo_gen/gconvfifo.rf/grf.rf/gntv_or_sync_fifo.mem/gdm.dm_gen.dm/RAM_reg_0_15_0_5/RAMA_D1/CLK
High Pulse Width  Slow    RAMD32/CLK          n/a            1.250         10.000      8.750      SLICE_X12Y35   u_sys_monitor/u_u2r_cmd_convert/U0/inst_fifo_gen/gconvfifo.rf/grf.rf/gntv_or_sync_fifo.mem/gdm.dm_gen.dm/RAM_reg_0_15_0_5/RAMB/CLK
High Pulse Width  Slow    RAMD32/CLK          n/a            1.250         10.000      8.750      SLICE_X12Y35   u_sys_monitor/u_u2r_cmd_convert/U0/inst_fifo_gen/gconvfifo.rf/grf.rf/gntv_or_sync_fifo.mem/gdm.dm_gen.dm/RAM_reg_0_15_0_5/RAMB_D1/CLK
High Pulse Width  Slow    RAMD32/CLK          n/a            1.250         10.000      8.750      SLICE_X12Y35   u_sys_monitor/u_u2r_cmd_convert/U0/inst_fifo_gen/gconvfifo.rf/grf.rf/gntv_or_sync_fifo.mem/gdm.dm_gen.dm/RAM_reg_0_15_0_5/RAMC/CLK
High Pulse Width  Slow    RAMD32/CLK          n/a            1.250         10.000      8.750      SLICE_X12Y35   u_sys_monitor/u_u2r_cmd_convert/U0/inst_fifo_gen/gconvfifo.rf/grf.rf/gntv_or_sync_fifo.mem/gdm.dm_gen.dm/RAM_reg_0_15_0_5/RAMC_D1/CLK
High Pulse Width  Slow    RAMS32/CLK          n/a            1.250         10.000      8.750      SLICE_X12Y35   u_sys_monitor/u_u2r_cmd_convert/U0/inst_fifo_gen/gconvfifo.rf/grf.rf/gntv_or_sync_fifo.mem/gdm.dm_gen.dm/RAM_reg_0_15_0_5/RAMD/CLK
High Pulse Width  Slow    RAMS32/CLK          n/a            1.250         10.000      8.750      SLICE_X12Y35   u_sys_monitor/u_u2r_cmd_convert/U0/inst_fifo_gen/gconvfifo.rf/grf.rf/gntv_or_sync_fifo.mem/gdm.dm_gen.dm/RAM_reg_0_15_0_5/RAMD_D1/CLK
High Pulse Width  Fast    RAMD32/CLK          n/a            1.250         10.000      8.750      SLICE_X12Y35   u_sys_monitor/u_u2r_cmd_convert/U0/inst_fifo_gen/gconvfifo.rf/grf.rf/gntv_or_sync_fifo.mem/gdm.dm_gen.dm/RAM_reg_0_15_0_5/RAMA/CLK
High Pulse Width  Fast    RAMD32/CLK          n/a            1.250         10.000      8.750      SLICE_X12Y35   u_sys_monitor/u_u2r_cmd_convert/U0/inst_fifo_gen/gconvfifo.rf/grf.rf/gntv_or_sync_fifo.mem/gdm.dm_gen.dm/RAM_reg_0_15_0_5/RAMA_D1/CLK



---------------------------------------------------------------------------------------------------
From Clock:  
  To Clock:  clk_i

Setup :            0  Failing Endpoints,  Worst Slack      998.462ns,  Total Violation        0.000ns
Hold  :           NA  Failing Endpoints,  Worst Slack           NA  ,  Total Violation           NA
---------------------------------------------------------------------------------------------------


Max Delay Paths
--------------------------------------------------------------------------------------
Slack (MET) :             998.462ns  (required time - arrival time)
  Source:                 u_sys_monitor/u_run_2_uart_clock/U0/inst_fifo_gen/gconvfifo.rf/grf.rf/gntv_or_sync_fifo.gcx.clkx/wr_pntr_cdc_inst/src_gray_ff_reg[5]/C
                            (rising edge-triggered cell FDRE)
  Destination:            u_sys_monitor/u_run_2_uart_clock/U0/inst_fifo_gen/gconvfifo.rf/grf.rf/gntv_or_sync_fifo.gcx.clkx/wr_pntr_cdc_inst/dest_graysync_ff_reg[0][5]/D
                            (rising edge-triggered cell FDRE clocked by clk_i  {rise@0.000ns fall@10.000ns period=20.000ns})
  Path Group:             clk_i
  Path Type:              Setup (Max at Slow Process Corner)
  Requirement:            1000.000ns  (MaxDelay Path 1000.000ns)
  Data Path Delay:        1.321ns  (logic 0.478ns (36.192%)  route 0.843ns (63.808%))
  Logic Levels:           1  (FDRE=1)
  Timing Exception:       MaxDelay Path 1000.000ns -datapath_only

    Location             Delay type                Incr(ns)  Path(ns)    Netlist Resource(s)
  -------------------------------------------------------------------    -------------------
    SLICE_X4Y34          FDRE                         0.000     0.000 r  u_sys_monitor/u_run_2_uart_clock/U0/inst_fifo_gen/gconvfifo.rf/grf.rf/gntv_or_sync_fifo.gcx.clkx/wr_pntr_cdc_inst/src_gray_ff_reg[5]/C
    SLICE_X4Y34          FDRE (Prop_fdre_C_Q)         0.478     0.478 r  u_sys_monitor/u_run_2_uart_clock/U0/inst_fifo_gen/gconvfifo.rf/grf.rf/gntv_or_sync_fifo.gcx.clkx/wr_pntr_cdc_inst/src_gray_ff_reg[5]/Q
                         net (fo=1, routed)           0.843     1.321    u_sys_monitor/u_run_2_uart_clock/U0/inst_fifo_gen/gconvfifo.rf/grf.rf/gntv_or_sync_fifo.gcx.clkx/wr_pntr_cdc_inst/async_path[5]
    SLICE_X4Y35          FDRE                                         r  u_sys_monitor/u_run_2_uart_clock/U0/inst_fifo_gen/gconvfifo.rf/grf.rf/gntv_or_sync_fifo.gcx.clkx/wr_pntr_cdc_inst/dest_graysync_ff_reg[0][5]/D
  -------------------------------------------------------------------    -------------------

                         max delay                 1000.000  1000.000    
    SLICE_X4Y35          FDRE (Setup_fdre_C_D)       -0.217   999.783    u_sys_monitor/u_run_2_uart_clock/U0/inst_fifo_gen/gconvfifo.rf/grf.rf/gntv_or_sync_fifo.gcx.clkx/wr_pntr_cdc_inst/dest_graysync_ff_reg[0][5]
  -------------------------------------------------------------------
                         required time                        999.783    
                         arrival time                          -1.321    
  -------------------------------------------------------------------
                         slack                                998.462    

Slack (MET) :             998.805ns  (required time - arrival time)
  Source:                 u_sys_monitor/u_run_2_uart_clock/U0/inst_fifo_gen/gconvfifo.rf/grf.rf/gntv_or_sync_fifo.gcx.clkx/wr_pntr_cdc_inst/src_gray_ff_reg[3]/C
                            (rising edge-triggered cell FDRE)
  Destination:            u_sys_monitor/u_run_2_uart_clock/U0/inst_fifo_gen/gconvfifo.rf/grf.rf/gntv_or_sync_fifo.gcx.clkx/wr_pntr_cdc_inst/dest_graysync_ff_reg[0][3]/D
                            (rising edge-triggered cell FDRE clocked by clk_i  {rise@0.000ns fall@10.000ns period=20.000ns})
  Path Group:             clk_i
  Path Type:              Setup (Max at Slow Process Corner)
  Requirement:            1000.000ns  (MaxDelay Path 1000.000ns)
  Data Path Delay:        0.974ns  (logic 0.478ns (49.051%)  route 0.496ns (50.949%))
  Logic Levels:           1  (FDRE=1)
  Timing Exception:       MaxDelay Path 1000.000ns -datapath_only

    Location             Delay type                Incr(ns)  Path(ns)    Netlist Resource(s)
  -------------------------------------------------------------------    -------------------
    SLICE_X4Y34          FDRE                         0.000     0.000 r  u_sys_monitor/u_run_2_uart_clock/U0/inst_fifo_gen/gconvfifo.rf/grf.rf/gntv_or_sync_fifo.gcx.clkx/wr_pntr_cdc_inst/src_gray_ff_reg[3]/C
    SLICE_X4Y34          FDRE (Prop_fdre_C_Q)         0.478     0.478 r  u_sys_monitor/u_run_2_uart_clock/U0/inst_fifo_gen/gconvfifo.rf/grf.rf/gntv_or_sync_fifo.gcx.clkx/wr_pntr_cdc_inst/src_gray_ff_reg[3]/Q
                         net (fo=1, routed)           0.496     0.974    u_sys_monitor/u_run_2_uart_clock/U0/inst_fifo_gen/gconvfifo.rf/grf.rf/gntv_or_sync_fifo.gcx.clkx/wr_pntr_cdc_inst/async_path[3]
    SLICE_X4Y35          FDRE                                         r  u_sys_monitor/u_run_2_uart_clock/U0/inst_fifo_gen/gconvfifo.rf/grf.rf/gntv_or_sync_fifo.gcx.clkx/wr_pntr_cdc_inst/dest_graysync_ff_reg[0][3]/D
  -------------------------------------------------------------------    -------------------

                         max delay                 1000.000  1000.000    
    SLICE_X4Y35          FDRE (Setup_fdre_C_D)       -0.220   999.780    u_sys_monitor/u_run_2_uart_clock/U0/inst_fifo_gen/gconvfifo.rf/grf.rf/gntv_or_sync_fifo.gcx.clkx/wr_pntr_cdc_inst/dest_graysync_ff_reg[0][3]
  -------------------------------------------------------------------
                         required time                        999.780    
                         arrival time                          -0.974    
  -------------------------------------------------------------------
                         slack                                998.805    

Slack (MET) :             998.831ns  (required time - arrival time)
  Source:                 u_sys_monitor/u_run_2_uart_clock/U0/inst_fifo_gen/gconvfifo.rf/grf.rf/gntv_or_sync_fifo.gcx.clkx/wr_pntr_cdc_inst/src_gray_ff_reg[1]/C
                            (rising edge-triggered cell FDRE)
  Destination:            u_sys_monitor/u_run_2_uart_clock/U0/inst_fifo_gen/gconvfifo.rf/grf.rf/gntv_or_sync_fifo.gcx.clkx/wr_pntr_cdc_inst/dest_graysync_ff_reg[0][1]/D
                            (rising edge-triggered cell FDRE clocked by clk_i  {rise@0.000ns fall@10.000ns period=20.000ns})
  Path Group:             clk_i
  Path Type:              Setup (Max at Slow Process Corner)
  Requirement:            1000.000ns  (MaxDelay Path 1000.000ns)
  Data Path Delay:        0.905ns  (logic 0.478ns (52.789%)  route 0.427ns (47.211%))
  Logic Levels:           1  (FDRE=1)
  Timing Exception:       MaxDelay Path 1000.000ns -datapath_only

    Location             Delay type                Incr(ns)  Path(ns)    Netlist Resource(s)
  -------------------------------------------------------------------    -------------------
    SLICE_X4Y34          FDRE                         0.000     0.000 r  u_sys_monitor/u_run_2_uart_clock/U0/inst_fifo_gen/gconvfifo.rf/grf.rf/gntv_or_sync_fifo.gcx.clkx/wr_pntr_cdc_inst/src_gray_ff_reg[1]/C
    SLICE_X4Y34          FDRE (Prop_fdre_C_Q)         0.478     0.478 r  u_sys_monitor/u_run_2_uart_clock/U0/inst_fifo_gen/gconvfifo.rf/grf.rf/gntv_or_sync_fifo.gcx.clkx/wr_pntr_cdc_inst/src_gray_ff_reg[1]/Q
                         net (fo=1, routed)           0.427     0.905    u_sys_monitor/u_run_2_uart_clock/U0/inst_fifo_gen/gconvfifo.rf/grf.rf/gntv_or_sync_fifo.gcx.clkx/wr_pntr_cdc_inst/async_path[1]
    SLICE_X3Y35          FDRE                                         r  u_sys_monitor/u_run_2_uart_clock/U0/inst_fifo_gen/gconvfifo.rf/grf.rf/gntv_or_sync_fifo.gcx.clkx/wr_pntr_cdc_inst/dest_graysync_ff_reg[0][1]/D
  -------------------------------------------------------------------    -------------------

                         max delay                 1000.000  1000.000    
    SLICE_X3Y35          FDRE (Setup_fdre_C_D)       -0.264   999.736    u_sys_monitor/u_run_2_uart_clock/U0/inst_fifo_gen/gconvfifo.rf/grf.rf/gntv_or_sync_fifo.gcx.clkx/wr_pntr_cdc_inst/dest_graysync_ff_reg[0][1]
  -------------------------------------------------------------------
                         required time                        999.736    
                         arrival time                          -0.905    
  -------------------------------------------------------------------
                         slack                                998.831    

Slack (MET) :             998.938ns  (required time - arrival time)
  Source:                 u_sys_monitor/u_u2r_cmd_convert/U0/inst_fifo_gen/gconvfifo.rf/grf.rf/gntv_or_sync_fifo.gcx.clkx/rd_pntr_cdc_inst/src_gray_ff_reg[2]/C
                            (rising edge-triggered cell FDRE)
  Destination:            u_sys_monitor/u_u2r_cmd_convert/U0/inst_fifo_gen/gconvfifo.rf/grf.rf/gntv_or_sync_fifo.gcx.clkx/rd_pntr_cdc_inst/dest_graysync_ff_reg[0][2]/D
                            (rising edge-triggered cell FDRE clocked by clk_i  {rise@0.000ns fall@10.000ns period=20.000ns})
  Path Group:             clk_i
  Path Type:              Setup (Max at Slow Process Corner)
  Requirement:            1000.000ns  (MaxDelay Path 1000.000ns)
  Data Path Delay:        1.019ns  (logic 0.518ns (50.810%)  route 0.501ns (49.190%))
  Logic Levels:           1  (FDRE=1)
  Timing Exception:       MaxDelay Path 1000.000ns -datapath_only

    Location             Delay type                Incr(ns)  Path(ns)    Netlist Resource(s)
  -------------------------------------------------------------------    -------------------
    SLICE_X10Y35         FDRE                         0.000     0.000 r  u_sys_monitor/u_u2r_cmd_convert/U0/inst_fifo_gen/gconvfifo.rf/grf.rf/gntv_or_sync_fifo.gcx.clkx/rd_pntr_cdc_inst/src_gray_ff_reg[2]/C
    SLICE_X10Y35         FDRE (Prop_fdre_C_Q)         0.518     0.518 r  u_sys_monitor/u_u2r_cmd_convert/U0/inst_fifo_gen/gconvfifo.rf/grf.rf/gntv_or_sync_fifo.gcx.clkx/rd_pntr_cdc_inst/src_gray_ff_reg[2]/Q
                         net (fo=1, routed)           0.501     1.019    u_sys_monitor/u_u2r_cmd_convert/U0/inst_fifo_gen/gconvfifo.rf/grf.rf/gntv_or_sync_fifo.gcx.clkx/rd_pntr_cdc_inst/async_path[2]
    SLICE_X10Y34         FDRE                                         r  u_sys_monitor/u_u2r_cmd_convert/U0/inst_fifo_gen/gconvfifo.rf/grf.rf/gntv_or_sync_fifo.gcx.clkx/rd_pntr_cdc_inst/dest_graysync_ff_reg[0][2]/D
  -------------------------------------------------------------------    -------------------

                         max delay                 1000.000  1000.000    
    SLICE_X10Y34         FDRE (Setup_fdre_C_D)       -0.043   999.957    u_sys_monitor/u_u2r_cmd_convert/U0/inst_fifo_gen/gconvfifo.rf/grf.rf/gntv_or_sync_fifo.gcx.clkx/rd_pntr_cdc_inst/dest_graysync_ff_reg[0][2]
  -------------------------------------------------------------------
                         required time                        999.957    
                         arrival time                          -1.019    
  -------------------------------------------------------------------
                         slack                                998.938    

Slack (MET) :             998.942ns  (required time - arrival time)
  Source:                 u_sys_monitor/u_run_2_uart_clock/U0/inst_fifo_gen/gconvfifo.rf/grf.rf/gntv_or_sync_fifo.gcx.clkx/wr_pntr_cdc_inst/src_gray_ff_reg[0]/C
                            (rising edge-triggered cell FDRE)
  Destination:            u_sys_monitor/u_run_2_uart_clock/U0/inst_fifo_gen/gconvfifo.rf/grf.rf/gntv_or_sync_fifo.gcx.clkx/wr_pntr_cdc_inst/dest_graysync_ff_reg[0][0]/D
                            (rising edge-triggered cell FDRE clocked by clk_i  {rise@0.000ns fall@10.000ns period=20.000ns})
  Path Group:             clk_i
  Path Type:              Setup (Max at Slow Process Corner)
  Requirement:            1000.000ns  (MaxDelay Path 1000.000ns)
  Data Path Delay:        0.963ns  (logic 0.518ns (53.775%)  route 0.445ns (46.225%))
  Logic Levels:           1  (FDRE=1)
  Timing Exception:       MaxDelay Path 1000.000ns -datapath_only

    Location             Delay type                Incr(ns)  Path(ns)    Netlist Resource(s)
  -------------------------------------------------------------------    -------------------
    SLICE_X4Y34          FDRE                         0.000     0.000 r  u_sys_monitor/u_run_2_uart_clock/U0/inst_fifo_gen/gconvfifo.rf/grf.rf/gntv_or_sync_fifo.gcx.clkx/wr_pntr_cdc_inst/src_gray_ff_reg[0]/C
    SLICE_X4Y34          FDRE (Prop_fdre_C_Q)         0.518     0.518 r  u_sys_monitor/u_run_2_uart_clock/U0/inst_fifo_gen/gconvfifo.rf/grf.rf/gntv_or_sync_fifo.gcx.clkx/wr_pntr_cdc_inst/src_gray_ff_reg[0]/Q
                         net (fo=1, routed)           0.445     0.963    u_sys_monitor/u_run_2_uart_clock/U0/inst_fifo_gen/gconvfifo.rf/grf.rf/gntv_or_sync_fifo.gcx.clkx/wr_pntr_cdc_inst/async_path[0]
    SLICE_X3Y35          FDRE                                         r  u_sys_monitor/u_run_2_uart_clock/U0/inst_fifo_gen/gconvfifo.rf/grf.rf/gntv_or_sync_fifo.gcx.clkx/wr_pntr_cdc_inst/dest_graysync_ff_reg[0][0]/D
  -------------------------------------------------------------------    -------------------

                         max delay                 1000.000  1000.000    
    SLICE_X3Y35          FDRE (Setup_fdre_C_D)       -0.095   999.905    u_sys_monitor/u_run_2_uart_clock/U0/inst_fifo_gen/gconvfifo.rf/grf.rf/gntv_or_sync_fifo.gcx.clkx/wr_pntr_cdc_inst/dest_graysync_ff_reg[0][0]
  -------------------------------------------------------------------
                         required time                        999.905    
                         arrival time                          -0.963    
  -------------------------------------------------------------------
                         slack                                998.942    

Slack (MET) :             998.945ns  (required time - arrival time)
  Source:                 u_sys_monitor/u_run_2_uart_clock/U0/inst_fifo_gen/gconvfifo.rf/grf.rf/gntv_or_sync_fifo.gcx.clkx/wr_pntr_cdc_inst/src_gray_ff_reg[2]/C
                            (rising edge-triggered cell FDRE)
  Destination:            u_sys_monitor/u_run_2_uart_clock/U0/inst_fifo_gen/gconvfifo.rf/grf.rf/gntv_or_sync_fifo.gcx.clkx/wr_pntr_cdc_inst/dest_graysync_ff_reg[0][2]/D
                            (rising edge-triggered cell FDRE clocked by clk_i  {rise@0.000ns fall@10.000ns period=20.000ns})
  Path Group:             clk_i
  Path Type:              Setup (Max at Slow Process Corner)
  Requirement:            1000.000ns  (MaxDelay Path 1000.000ns)
  Data Path Delay:        1.008ns  (logic 0.518ns (51.405%)  route 0.490ns (48.595%))
  Logic Levels:           1  (FDRE=1)
  Timing Exception:       MaxDelay Path 1000.000ns -datapath_only

    Location             Delay type                Incr(ns)  Path(ns)    Netlist Resource(s)
  -------------------------------------------------------------------    -------------------
    SLICE_X4Y34          FDRE                         0.000     0.000 r  u_sys_monitor/u_run_2_uart_clock/U0/inst_fifo_gen/gconvfifo.rf/grf.rf/gntv_or_sync_fifo.gcx.clkx/wr_pntr_cdc_inst/src_gray_ff_reg[2]/C
    SLICE_X4Y34          FDRE (Prop_fdre_C_Q)         0.518     0.518 r  u_sys_monitor/u_run_2_uart_clock/U0/inst_fifo_gen/gconvfifo.rf/grf.rf/gntv_or_sync_fifo.gcx.clkx/wr_pntr_cdc_inst/src_gray_ff_reg[2]/Q
                         net (fo=1, routed)           0.490     1.008    u_sys_monitor/u_run_2_uart_clock/U0/inst_fifo_gen/gconvfifo.rf/grf.rf/gntv_or_sync_fifo.gcx.clkx/wr_pntr_cdc_inst/async_path[2]
    SLICE_X4Y35          FDRE                                         r  u_sys_monitor/u_run_2_uart_clock/U0/inst_fifo_gen/gconvfifo.rf/grf.rf/gntv_or_sync_fifo.gcx.clkx/wr_pntr_cdc_inst/dest_graysync_ff_reg[0][2]/D
  -------------------------------------------------------------------    -------------------

                         max delay                 1000.000  1000.000    
    SLICE_X4Y35          FDRE (Setup_fdre_C_D)       -0.047   999.953    u_sys_monitor/u_run_2_uart_clock/U0/inst_fifo_gen/gconvfifo.rf/grf.rf/gntv_or_sync_fifo.gcx.clkx/wr_pntr_cdc_inst/dest_graysync_ff_reg[0][2]
  -------------------------------------------------------------------
                         required time                        999.953    
                         arrival time                          -1.008    
  -------------------------------------------------------------------
                         slack                                998.945    

Slack (MET) :             998.945ns  (required time - arrival time)
  Source:                 u_sys_monitor/u_run_2_uart_clock/U0/inst_fifo_gen/gconvfifo.rf/grf.rf/gntv_or_sync_fifo.gcx.clkx/wr_pntr_cdc_inst/src_gray_ff_reg[4]/C
                            (rising edge-triggered cell FDRE)
  Destination:            u_sys_monitor/u_run_2_uart_clock/U0/inst_fifo_gen/gconvfifo.rf/grf.rf/gntv_or_sync_fifo.gcx.clkx/wr_pntr_cdc_inst/dest_graysync_ff_reg[0][4]/D
                            (rising edge-triggered cell FDRE clocked by clk_i  {rise@0.000ns fall@10.000ns period=20.000ns})
  Path Group:             clk_i
  Path Type:              Setup (Max at Slow Process Corner)
  Requirement:            1000.000ns  (MaxDelay Path 1000.000ns)
  Data Path Delay:        1.009ns  (logic 0.518ns (51.313%)  route 0.491ns (48.687%))
  Logic Levels:           1  (FDRE=1)
  Timing Exception:       MaxDelay Path 1000.000ns -datapath_only

    Location             Delay type                Incr(ns)  Path(ns)    Netlist Resource(s)
  -------------------------------------------------------------------    -------------------
    SLICE_X4Y34          FDRE                         0.000     0.000 r  u_sys_monitor/u_run_2_uart_clock/U0/inst_fifo_gen/gconvfifo.rf/grf.rf/gntv_or_sync_fifo.gcx.clkx/wr_pntr_cdc_inst/src_gray_ff_reg[4]/C
    SLICE_X4Y34          FDRE (Prop_fdre_C_Q)         0.518     0.518 r  u_sys_monitor/u_run_2_uart_clock/U0/inst_fifo_gen/gconvfifo.rf/grf.rf/gntv_or_sync_fifo.gcx.clkx/wr_pntr_cdc_inst/src_gray_ff_reg[4]/Q
                         net (fo=1, routed)           0.491     1.009    u_sys_monitor/u_run_2_uart_clock/U0/inst_fifo_gen/gconvfifo.rf/grf.rf/gntv_or_sync_fifo.gcx.clkx/wr_pntr_cdc_inst/async_path[4]
    SLICE_X4Y35          FDRE                                         r  u_sys_monitor/u_run_2_uart_clock/U0/inst_fifo_gen/gconvfifo.rf/grf.rf/gntv_or_sync_fifo.gcx.clkx/wr_pntr_cdc_inst/dest_graysync_ff_reg[0][4]/D
  -------------------------------------------------------------------    -------------------

                         max delay                 1000.000  1000.000    
    SLICE_X4Y35          FDRE (Setup_fdre_C_D)       -0.045   999.955    u_sys_monitor/u_run_2_uart_clock/U0/inst_fifo_gen/gconvfifo.rf/grf.rf/gntv_or_sync_fifo.gcx.clkx/wr_pntr_cdc_inst/dest_graysync_ff_reg[0][4]
  -------------------------------------------------------------------
                         required time                        999.955    
                         arrival time                          -1.009    
  -------------------------------------------------------------------
                         slack                                998.945    

Slack (MET) :             998.994ns  (required time - arrival time)
  Source:                 u_sys_monitor/u_u2r_cmd_convert/U0/inst_fifo_gen/gconvfifo.rf/grf.rf/gntv_or_sync_fifo.gcx.clkx/rd_pntr_cdc_inst/src_gray_ff_reg[1]/C
                            (rising edge-triggered cell FDRE)
  Destination:            u_sys_monitor/u_u2r_cmd_convert/U0/inst_fifo_gen/gconvfifo.rf/grf.rf/gntv_or_sync_fifo.gcx.clkx/rd_pntr_cdc_inst/dest_graysync_ff_reg[0][1]/D
                            (rising edge-triggered cell FDRE clocked by clk_i  {rise@0.000ns fall@10.000ns period=20.000ns})
  Path Group:             clk_i
  Path Type:              Setup (Max at Slow Process Corner)
  Requirement:            1000.000ns  (MaxDelay Path 1000.000ns)
  Data Path Delay:        0.788ns  (logic 0.478ns (60.689%)  route 0.310ns (39.311%))
  Logic Levels:           1  (FDRE=1)
  Timing Exception:       MaxDelay Path 1000.000ns -datapath_only

    Location             Delay type                Incr(ns)  Path(ns)    Netlist Resource(s)
  -------------------------------------------------------------------    -------------------
    SLICE_X10Y35         FDRE                         0.000     0.000 r  u_sys_monitor/u_u2r_cmd_convert/U0/inst_fifo_gen/gconvfifo.rf/grf.rf/gntv_or_sync_fifo.gcx.clkx/rd_pntr_cdc_inst/src_gray_ff_reg[1]/C
    SLICE_X10Y35         FDRE (Prop_fdre_C_Q)         0.478     0.478 r  u_sys_monitor/u_u2r_cmd_convert/U0/inst_fifo_gen/gconvfifo.rf/grf.rf/gntv_or_sync_fifo.gcx.clkx/rd_pntr_cdc_inst/src_gray_ff_reg[1]/Q
                         net (fo=1, routed)           0.310     0.788    u_sys_monitor/u_u2r_cmd_convert/U0/inst_fifo_gen/gconvfifo.rf/grf.rf/gntv_or_sync_fifo.gcx.clkx/rd_pntr_cdc_inst/async_path[1]
    SLICE_X10Y34         FDRE                                         r  u_sys_monitor/u_u2r_cmd_convert/U0/inst_fifo_gen/gconvfifo.rf/grf.rf/gntv_or_sync_fifo.gcx.clkx/rd_pntr_cdc_inst/dest_graysync_ff_reg[0][1]/D
  -------------------------------------------------------------------    -------------------

                         max delay                 1000.000  1000.000    
    SLICE_X10Y34         FDRE (Setup_fdre_C_D)       -0.218   999.782    u_sys_monitor/u_u2r_cmd_convert/U0/inst_fifo_gen/gconvfifo.rf/grf.rf/gntv_or_sync_fifo.gcx.clkx/rd_pntr_cdc_inst/dest_graysync_ff_reg[0][1]
  -------------------------------------------------------------------
                         required time                        999.782    
                         arrival time                          -0.788    
  -------------------------------------------------------------------
                         slack                                998.994    

Slack (MET) :             999.044ns  (required time - arrival time)
  Source:                 u_sys_monitor/u_u2r_cmd_convert/U0/inst_fifo_gen/gconvfifo.rf/grf.rf/gntv_or_sync_fifo.gcx.clkx/rd_pntr_cdc_inst/src_gray_ff_reg[0]/C
                            (rising edge-triggered cell FDRE)
  Destination:            u_sys_monitor/u_u2r_cmd_convert/U0/inst_fifo_gen/gconvfifo.rf/grf.rf/gntv_or_sync_fifo.gcx.clkx/rd_pntr_cdc_inst/dest_graysync_ff_reg[0][0]/D
                            (rising edge-triggered cell FDRE clocked by clk_i  {rise@0.000ns fall@10.000ns period=20.000ns})
  Path Group:             clk_i
  Path Type:              Setup (Max at Slow Process Corner)
  Requirement:            1000.000ns  (MaxDelay Path 1000.000ns)
  Data Path Delay:        0.861ns  (logic 0.518ns (60.136%)  route 0.343ns (39.864%))
  Logic Levels:           1  (FDRE=1)
  Timing Exception:       MaxDelay Path 1000.000ns -datapath_only

    Location             Delay type                Incr(ns)  Path(ns)    Netlist Resource(s)
  -------------------------------------------------------------------    -------------------
    SLICE_X10Y35         FDRE                         0.000     0.000 r  u_sys_monitor/u_u2r_cmd_convert/U0/inst_fifo_gen/gconvfifo.rf/grf.rf/gntv_or_sync_fifo.gcx.clkx/rd_pntr_cdc_inst/src_gray_ff_reg[0]/C
    SLICE_X10Y35         FDRE (Prop_fdre_C_Q)         0.518     0.518 r  u_sys_monitor/u_u2r_cmd_convert/U0/inst_fifo_gen/gconvfifo.rf/grf.rf/gntv_or_sync_fifo.gcx.clkx/rd_pntr_cdc_inst/src_gray_ff_reg[0]/Q
                         net (fo=1, routed)           0.343     0.861    u_sys_monitor/u_u2r_cmd_convert/U0/inst_fifo_gen/gconvfifo.rf/grf.rf/gntv_or_sync_fifo.gcx.clkx/rd_pntr_cdc_inst/async_path[0]
    SLICE_X11Y34         FDRE                                         r  u_sys_monitor/u_u2r_cmd_convert/U0/inst_fifo_gen/gconvfifo.rf/grf.rf/gntv_or_sync_fifo.gcx.clkx/rd_pntr_cdc_inst/dest_graysync_ff_reg[0][0]/D
  -------------------------------------------------------------------    -------------------

                         max delay                 1000.000  1000.000    
    SLICE_X11Y34         FDRE (Setup_fdre_C_D)       -0.095   999.905    u_sys_monitor/u_u2r_cmd_convert/U0/inst_fifo_gen/gconvfifo.rf/grf.rf/gntv_or_sync_fifo.gcx.clkx/rd_pntr_cdc_inst/dest_graysync_ff_reg[0][0]
  -------------------------------------------------------------------
                         required time                        999.905    
                         arrival time                          -0.861    
  -------------------------------------------------------------------
                         slack                                999.044    

Slack (MET) :             999.196ns  (required time - arrival time)
  Source:                 u_sys_monitor/u_u2r_cmd_convert/U0/inst_fifo_gen/gconvfifo.rf/grf.rf/gntv_or_sync_fifo.gcx.clkx/rd_pntr_cdc_inst/src_gray_ff_reg[3]/C
                            (rising edge-triggered cell FDRE)
  Destination:            u_sys_monitor/u_u2r_cmd_convert/U0/inst_fifo_gen/gconvfifo.rf/grf.rf/gntv_or_sync_fifo.gcx.clkx/rd_pntr_cdc_inst/dest_graysync_ff_reg[0][3]/D
                            (rising edge-triggered cell FDRE clocked by clk_i  {rise@0.000ns fall@10.000ns period=20.000ns})
  Path Group:             clk_i
  Path Type:              Setup (Max at Slow Process Corner)
  Requirement:            1000.000ns  (MaxDelay Path 1000.000ns)
  Data Path Delay:        0.759ns  (logic 0.456ns (60.065%)  route 0.303ns (39.935%))
  Logic Levels:           1  (FDRE=1)
  Timing Exception:       MaxDelay Path 1000.000ns -datapath_only

    Location             Delay type                Incr(ns)  Path(ns)    Netlist Resource(s)
  -------------------------------------------------------------------    -------------------
    SLICE_X11Y35         FDRE                         0.000     0.000 r  u_sys_monitor/u_u2r_cmd_convert/U0/inst_fifo_gen/gconvfifo.rf/grf.rf/gntv_or_sync_fifo.gcx.clkx/rd_pntr_cdc_inst/src_gray_ff_reg[3]/C
    SLICE_X11Y35         FDRE (Prop_fdre_C_Q)         0.456     0.456 r  u_sys_monitor/u_u2r_cmd_convert/U0/inst_fifo_gen/gconvfifo.rf/grf.rf/gntv_or_sync_fifo.gcx.clkx/rd_pntr_cdc_inst/src_gray_ff_reg[3]/Q
                         net (fo=1, routed)           0.303     0.759    u_sys_monitor/u_u2r_cmd_convert/U0/inst_fifo_gen/gconvfifo.rf/grf.rf/gntv_or_sync_fifo.gcx.clkx/rd_pntr_cdc_inst/async_path[3]
    SLICE_X10Y34         FDRE                                         r  u_sys_monitor/u_u2r_cmd_convert/U0/inst_fifo_gen/gconvfifo.rf/grf.rf/gntv_or_sync_fifo.gcx.clkx/rd_pntr_cdc_inst/dest_graysync_ff_reg[0][3]/D
  -------------------------------------------------------------------    -------------------

                         max delay                 1000.000  1000.000    
    SLICE_X10Y34         FDRE (Setup_fdre_C_D)       -0.045   999.955    u_sys_monitor/u_u2r_cmd_convert/U0/inst_fifo_gen/gconvfifo.rf/grf.rf/gntv_or_sync_fifo.gcx.clkx/rd_pntr_cdc_inst/dest_graysync_ff_reg[0][3]
  -------------------------------------------------------------------
                         required time                        999.955    
                         arrival time                          -0.759    
  -------------------------------------------------------------------
                         slack                                999.196    





---------------------------------------------------------------------------------------------------
Path Group:  **async_default**
From Clock:  clk_i
  To Clock:  clk_i

Setup :            0  Failing Endpoints,  Worst Slack       17.859ns,  Total Violation        0.000ns
Hold  :            0  Failing Endpoints,  Worst Slack        0.438ns,  Total Violation        0.000ns
---------------------------------------------------------------------------------------------------


Max Delay Paths
--------------------------------------------------------------------------------------
Slack (MET) :             17.859ns  (required time - arrival time)
  Source:                 u_sys_monitor/u_u2r_cmd_convert/U0/inst_fifo_gen/gconvfifo.rf/grf.rf/rstblk/ngwrdrst.grst.g7serrst.gnsckt_wrst.gic_rst.sckt_wr_rst_ic_reg/C
                            (rising edge-triggered cell FDPE clocked by clk_i  {rise@0.000ns fall@10.000ns period=20.000ns})
  Destination:            u_sys_monitor/u_u2r_cmd_convert/U0/inst_fifo_gen/gconvfifo.rf/grf.rf/gntv_or_sync_fifo.gl0.wr/wpntr/gic0.gc0.count_d1_reg[2]/CLR
                            (recovery check against rising-edge clock clk_i  {rise@0.000ns fall@10.000ns period=20.000ns})
  Path Group:             **async_default**
  Path Type:              Recovery (Max at Slow Process Corner)
  Requirement:            20.000ns  (clk_i rise@20.000ns - clk_i rise@0.000ns)
  Data Path Delay:        1.673ns  (logic 0.456ns (27.253%)  route 1.217ns (72.747%))
  Logic Levels:           0  
  Clock Path Skew:        -0.027ns (DCD - SCD + CPR)
    Destination Clock Delay (DCD):    4.931ns = ( 24.931 - 20.000 ) 
    Source Clock Delay      (SCD):    5.384ns
    Clock Pessimism Removal (CPR):    0.426ns
  Clock Uncertainty:      0.035ns  ((TSJ^2 + TIJ^2)^1/2 + DJ) / 2 + PE
    Total System Jitter     (TSJ):    0.071ns
    Total Input Jitter      (TIJ):    0.000ns
    Discrete Jitter          (DJ):    0.000ns
    Phase Error              (PE):    0.000ns

    Location             Delay type                Incr(ns)  Path(ns)    Netlist Resource(s)
  -------------------------------------------------------------------    -------------------
                         (clock clk_i rise edge)      0.000     0.000 r  
    U18                                               0.000     0.000 r  clk_i (IN)
                         net (fo=0)                   0.000     0.000    clk_i
    U18                  IBUF (Prop_ibuf_I_O)         1.530     1.530 r  clk_i_IBUF_inst/O
                         net (fo=1, routed)           2.076     3.606    clk_i_IBUF
    BUFGCTRL_X0Y0        BUFG (Prop_bufg_I_O)         0.101     3.707 r  clk_i_IBUF_BUFG_inst/O
                         net (fo=217, routed)         1.677     5.384    u_sys_monitor/u_u2r_cmd_convert/U0/inst_fifo_gen/gconvfifo.rf/grf.rf/rstblk/wr_clk
    SLICE_X13Y37         FDPE                                         r  u_sys_monitor/u_u2r_cmd_convert/U0/inst_fifo_gen/gconvfifo.rf/grf.rf/rstblk/ngwrdrst.grst.g7serrst.gnsckt_wrst.gic_rst.sckt_wr_rst_ic_reg/C
  -------------------------------------------------------------------    -------------------
    SLICE_X13Y37         FDPE (Prop_fdpe_C_Q)         0.456     5.840 f  u_sys_monitor/u_u2r_cmd_convert/U0/inst_fifo_gen/gconvfifo.rf/grf.rf/rstblk/ngwrdrst.grst.g7serrst.gnsckt_wrst.gic_rst.sckt_wr_rst_ic_reg/Q
                         net (fo=15, routed)          1.217     7.057    u_sys_monitor/u_u2r_cmd_convert/U0/inst_fifo_gen/gconvfifo.rf/grf.rf/gntv_or_sync_fifo.gl0.wr/wpntr/AR[0]
    SLICE_X13Y34         FDCE                                         f  u_sys_monitor/u_u2r_cmd_convert/U0/inst_fifo_gen/gconvfifo.rf/grf.rf/gntv_or_sync_fifo.gl0.wr/wpntr/gic0.gc0.count_d1_reg[2]/CLR
  -------------------------------------------------------------------    -------------------

                         (clock clk_i rise edge)     20.000    20.000 r  
    U18                                               0.000    20.000 r  clk_i (IN)
                         net (fo=0)                   0.000    20.000    clk_i
    U18                  IBUF (Prop_ibuf_I_O)         1.459    21.459 r  clk_i_IBUF_inst/O
                         net (fo=1, routed)           1.880    23.339    clk_i_IBUF
    BUFGCTRL_X0Y0        BUFG (Prop_bufg_I_O)         0.091    23.430 r  clk_i_IBUF_BUFG_inst/O
                         net (fo=217, routed)         1.501    24.931    u_sys_monitor/u_u2r_cmd_convert/U0/inst_fifo_gen/gconvfifo.rf/grf.rf/gntv_or_sync_fifo.gl0.wr/wpntr/wr_clk
    SLICE_X13Y34         FDCE                                         r  u_sys_monitor/u_u2r_cmd_convert/U0/inst_fifo_gen/gconvfifo.rf/grf.rf/gntv_or_sync_fifo.gl0.wr/wpntr/gic0.gc0.count_d1_reg[2]/C
                         clock pessimism              0.426    25.357    
                         clock uncertainty           -0.035    25.322    
    SLICE_X13Y34         FDCE (Recov_fdce_C_CLR)     -0.405    24.917    u_sys_monitor/u_u2r_cmd_convert/U0/inst_fifo_gen/gconvfifo.rf/grf.rf/gntv_or_sync_fifo.gl0.wr/wpntr/gic0.gc0.count_d1_reg[2]
  -------------------------------------------------------------------
                         required time                         24.917    
                         arrival time                          -7.057    
  -------------------------------------------------------------------
                         slack                                 17.859    

Slack (MET) :             17.859ns  (required time - arrival time)
  Source:                 u_sys_monitor/u_u2r_cmd_convert/U0/inst_fifo_gen/gconvfifo.rf/grf.rf/rstblk/ngwrdrst.grst.g7serrst.gnsckt_wrst.gic_rst.sckt_wr_rst_ic_reg/C
                            (rising edge-triggered cell FDPE clocked by clk_i  {rise@0.000ns fall@10.000ns period=20.000ns})
  Destination:            u_sys_monitor/u_u2r_cmd_convert/U0/inst_fifo_gen/gconvfifo.rf/grf.rf/gntv_or_sync_fifo.gl0.wr/wpntr/gic0.gc0.count_d1_reg[3]/CLR
                            (recovery check against rising-edge clock clk_i  {rise@0.000ns fall@10.000ns period=20.000ns})
  Path Group:             **async_default**
  Path Type:              Recovery (Max at Slow Process Corner)
  Requirement:            20.000ns  (clk_i rise@20.000ns - clk_i rise@0.000ns)
  Data Path Delay:        1.673ns  (logic 0.456ns (27.253%)  route 1.217ns (72.747%))
  Logic Levels:           0  
  Clock Path Skew:        -0.027ns (DCD - SCD + CPR)
    Destination Clock Delay (DCD):    4.931ns = ( 24.931 - 20.000 ) 
    Source Clock Delay      (SCD):    5.384ns
    Clock Pessimism Removal (CPR):    0.426ns
  Clock Uncertainty:      0.035ns  ((TSJ^2 + TIJ^2)^1/2 + DJ) / 2 + PE
    Total System Jitter     (TSJ):    0.071ns
    Total Input Jitter      (TIJ):    0.000ns
    Discrete Jitter          (DJ):    0.000ns
    Phase Error              (PE):    0.000ns

    Location             Delay type                Incr(ns)  Path(ns)    Netlist Resource(s)
  -------------------------------------------------------------------    -------------------
                         (clock clk_i rise edge)      0.000     0.000 r  
    U18                                               0.000     0.000 r  clk_i (IN)
                         net (fo=0)                   0.000     0.000    clk_i
    U18                  IBUF (Prop_ibuf_I_O)         1.530     1.530 r  clk_i_IBUF_inst/O
                         net (fo=1, routed)           2.076     3.606    clk_i_IBUF
    BUFGCTRL_X0Y0        BUFG (Prop_bufg_I_O)         0.101     3.707 r  clk_i_IBUF_BUFG_inst/O
                         net (fo=217, routed)         1.677     5.384    u_sys_monitor/u_u2r_cmd_convert/U0/inst_fifo_gen/gconvfifo.rf/grf.rf/rstblk/wr_clk
    SLICE_X13Y37         FDPE                                         r  u_sys_monitor/u_u2r_cmd_convert/U0/inst_fifo_gen/gconvfifo.rf/grf.rf/rstblk/ngwrdrst.grst.g7serrst.gnsckt_wrst.gic_rst.sckt_wr_rst_ic_reg/C
  -------------------------------------------------------------------    -------------------
    SLICE_X13Y37         FDPE (Prop_fdpe_C_Q)         0.456     5.840 f  u_sys_monitor/u_u2r_cmd_convert/U0/inst_fifo_gen/gconvfifo.rf/grf.rf/rstblk/ngwrdrst.grst.g7serrst.gnsckt_wrst.gic_rst.sckt_wr_rst_ic_reg/Q
                         net (fo=15, routed)          1.217     7.057    u_sys_monitor/u_u2r_cmd_convert/U0/inst_fifo_gen/gconvfifo.rf/grf.rf/gntv_or_sync_fifo.gl0.wr/wpntr/AR[0]
    SLICE_X13Y34         FDCE                                         f  u_sys_monitor/u_u2r_cmd_convert/U0/inst_fifo_gen/gconvfifo.rf/grf.rf/gntv_or_sync_fifo.gl0.wr/wpntr/gic0.gc0.count_d1_reg[3]/CLR
  -------------------------------------------------------------------    -------------------

                         (clock clk_i rise edge)     20.000    20.000 r  
    U18                                               0.000    20.000 r  clk_i (IN)
                         net (fo=0)                   0.000    20.000    clk_i
    U18                  IBUF (Prop_ibuf_I_O)         1.459    21.459 r  clk_i_IBUF_inst/O
                         net (fo=1, routed)           1.880    23.339    clk_i_IBUF
    BUFGCTRL_X0Y0        BUFG (Prop_bufg_I_O)         0.091    23.430 r  clk_i_IBUF_BUFG_inst/O
                         net (fo=217, routed)         1.501    24.931    u_sys_monitor/u_u2r_cmd_convert/U0/inst_fifo_gen/gconvfifo.rf/grf.rf/gntv_or_sync_fifo.gl0.wr/wpntr/wr_clk
    SLICE_X13Y34         FDCE                                         r  u_sys_monitor/u_u2r_cmd_convert/U0/inst_fifo_gen/gconvfifo.rf/grf.rf/gntv_or_sync_fifo.gl0.wr/wpntr/gic0.gc0.count_d1_reg[3]/C
                         clock pessimism              0.426    25.357    
                         clock uncertainty           -0.035    25.322    
    SLICE_X13Y34         FDCE (Recov_fdce_C_CLR)     -0.405    24.917    u_sys_monitor/u_u2r_cmd_convert/U0/inst_fifo_gen/gconvfifo.rf/grf.rf/gntv_or_sync_fifo.gl0.wr/wpntr/gic0.gc0.count_d1_reg[3]
  -------------------------------------------------------------------
                         required time                         24.917    
                         arrival time                          -7.057    
  -------------------------------------------------------------------
                         slack                                 17.859    

Slack (MET) :             17.859ns  (required time - arrival time)
  Source:                 u_sys_monitor/u_u2r_cmd_convert/U0/inst_fifo_gen/gconvfifo.rf/grf.rf/rstblk/ngwrdrst.grst.g7serrst.gnsckt_wrst.gic_rst.sckt_wr_rst_ic_reg/C
                            (rising edge-triggered cell FDPE clocked by clk_i  {rise@0.000ns fall@10.000ns period=20.000ns})
  Destination:            u_sys_monitor/u_u2r_cmd_convert/U0/inst_fifo_gen/gconvfifo.rf/grf.rf/gntv_or_sync_fifo.gl0.wr/wpntr/gic0.gc0.count_d2_reg[2]/CLR
                            (recovery check against rising-edge clock clk_i  {rise@0.000ns fall@10.000ns period=20.000ns})
  Path Group:             **async_default**
  Path Type:              Recovery (Max at Slow Process Corner)
  Requirement:            20.000ns  (clk_i rise@20.000ns - clk_i rise@0.000ns)
  Data Path Delay:        1.673ns  (logic 0.456ns (27.253%)  route 1.217ns (72.747%))
  Logic Levels:           0  
  Clock Path Skew:        -0.027ns (DCD - SCD + CPR)
    Destination Clock Delay (DCD):    4.931ns = ( 24.931 - 20.000 ) 
    Source Clock Delay      (SCD):    5.384ns
    Clock Pessimism Removal (CPR):    0.426ns
  Clock Uncertainty:      0.035ns  ((TSJ^2 + TIJ^2)^1/2 + DJ) / 2 + PE
    Total System Jitter     (TSJ):    0.071ns
    Total Input Jitter      (TIJ):    0.000ns
    Discrete Jitter          (DJ):    0.000ns
    Phase Error              (PE):    0.000ns

    Location             Delay type                Incr(ns)  Path(ns)    Netlist Resource(s)
  -------------------------------------------------------------------    -------------------
                         (clock clk_i rise edge)      0.000     0.000 r  
    U18                                               0.000     0.000 r  clk_i (IN)
                         net (fo=0)                   0.000     0.000    clk_i
    U18                  IBUF (Prop_ibuf_I_O)         1.530     1.530 r  clk_i_IBUF_inst/O
                         net (fo=1, routed)           2.076     3.606    clk_i_IBUF
    BUFGCTRL_X0Y0        BUFG (Prop_bufg_I_O)         0.101     3.707 r  clk_i_IBUF_BUFG_inst/O
                         net (fo=217, routed)         1.677     5.384    u_sys_monitor/u_u2r_cmd_convert/U0/inst_fifo_gen/gconvfifo.rf/grf.rf/rstblk/wr_clk
    SLICE_X13Y37         FDPE                                         r  u_sys_monitor/u_u2r_cmd_convert/U0/inst_fifo_gen/gconvfifo.rf/grf.rf/rstblk/ngwrdrst.grst.g7serrst.gnsckt_wrst.gic_rst.sckt_wr_rst_ic_reg/C
  -------------------------------------------------------------------    -------------------
    SLICE_X13Y37         FDPE (Prop_fdpe_C_Q)         0.456     5.840 f  u_sys_monitor/u_u2r_cmd_convert/U0/inst_fifo_gen/gconvfifo.rf/grf.rf/rstblk/ngwrdrst.grst.g7serrst.gnsckt_wrst.gic_rst.sckt_wr_rst_ic_reg/Q
                         net (fo=15, routed)          1.217     7.057    u_sys_monitor/u_u2r_cmd_convert/U0/inst_fifo_gen/gconvfifo.rf/grf.rf/gntv_or_sync_fifo.gl0.wr/wpntr/AR[0]
    SLICE_X13Y34         FDCE                                         f  u_sys_monitor/u_u2r_cmd_convert/U0/inst_fifo_gen/gconvfifo.rf/grf.rf/gntv_or_sync_fifo.gl0.wr/wpntr/gic0.gc0.count_d2_reg[2]/CLR
  -------------------------------------------------------------------    -------------------

                         (clock clk_i rise edge)     20.000    20.000 r  
    U18                                               0.000    20.000 r  clk_i (IN)
                         net (fo=0)                   0.000    20.000    clk_i
    U18                  IBUF (Prop_ibuf_I_O)         1.459    21.459 r  clk_i_IBUF_inst/O
                         net (fo=1, routed)           1.880    23.339    clk_i_IBUF
    BUFGCTRL_X0Y0        BUFG (Prop_bufg_I_O)         0.091    23.430 r  clk_i_IBUF_BUFG_inst/O
                         net (fo=217, routed)         1.501    24.931    u_sys_monitor/u_u2r_cmd_convert/U0/inst_fifo_gen/gconvfifo.rf/grf.rf/gntv_or_sync_fifo.gl0.wr/wpntr/wr_clk
    SLICE_X13Y34         FDCE                                         r  u_sys_monitor/u_u2r_cmd_convert/U0/inst_fifo_gen/gconvfifo.rf/grf.rf/gntv_or_sync_fifo.gl0.wr/wpntr/gic0.gc0.count_d2_reg[2]/C
                         clock pessimism              0.426    25.357    
                         clock uncertainty           -0.035    25.322    
    SLICE_X13Y34         FDCE (Recov_fdce_C_CLR)     -0.405    24.917    u_sys_monitor/u_u2r_cmd_convert/U0/inst_fifo_gen/gconvfifo.rf/grf.rf/gntv_or_sync_fifo.gl0.wr/wpntr/gic0.gc0.count_d2_reg[2]
  -------------------------------------------------------------------
                         required time                         24.917    
                         arrival time                          -7.057    
  -------------------------------------------------------------------
                         slack                                 17.859    

Slack (MET) :             17.859ns  (required time - arrival time)
  Source:                 u_sys_monitor/u_u2r_cmd_convert/U0/inst_fifo_gen/gconvfifo.rf/grf.rf/rstblk/ngwrdrst.grst.g7serrst.gnsckt_wrst.gic_rst.sckt_wr_rst_ic_reg/C
                            (rising edge-triggered cell FDPE clocked by clk_i  {rise@0.000ns fall@10.000ns period=20.000ns})
  Destination:            u_sys_monitor/u_u2r_cmd_convert/U0/inst_fifo_gen/gconvfifo.rf/grf.rf/gntv_or_sync_fifo.gl0.wr/wpntr/gic0.gc0.count_d2_reg[3]/CLR
                            (recovery check against rising-edge clock clk_i  {rise@0.000ns fall@10.000ns period=20.000ns})
  Path Group:             **async_default**
  Path Type:              Recovery (Max at Slow Process Corner)
  Requirement:            20.000ns  (clk_i rise@20.000ns - clk_i rise@0.000ns)
  Data Path Delay:        1.673ns  (logic 0.456ns (27.253%)  route 1.217ns (72.747%))
  Logic Levels:           0  
  Clock Path Skew:        -0.027ns (DCD - SCD + CPR)
    Destination Clock Delay (DCD):    4.931ns = ( 24.931 - 20.000 ) 
    Source Clock Delay      (SCD):    5.384ns
    Clock Pessimism Removal (CPR):    0.426ns
  Clock Uncertainty:      0.035ns  ((TSJ^2 + TIJ^2)^1/2 + DJ) / 2 + PE
    Total System Jitter     (TSJ):    0.071ns
    Total Input Jitter      (TIJ):    0.000ns
    Discrete Jitter          (DJ):    0.000ns
    Phase Error              (PE):    0.000ns

    Location             Delay type                Incr(ns)  Path(ns)    Netlist Resource(s)
  -------------------------------------------------------------------    -------------------
                         (clock clk_i rise edge)      0.000     0.000 r  
    U18                                               0.000     0.000 r  clk_i (IN)
                         net (fo=0)                   0.000     0.000    clk_i
    U18                  IBUF (Prop_ibuf_I_O)         1.530     1.530 r  clk_i_IBUF_inst/O
                         net (fo=1, routed)           2.076     3.606    clk_i_IBUF
    BUFGCTRL_X0Y0        BUFG (Prop_bufg_I_O)         0.101     3.707 r  clk_i_IBUF_BUFG_inst/O
                         net (fo=217, routed)         1.677     5.384    u_sys_monitor/u_u2r_cmd_convert/U0/inst_fifo_gen/gconvfifo.rf/grf.rf/rstblk/wr_clk
    SLICE_X13Y37         FDPE                                         r  u_sys_monitor/u_u2r_cmd_convert/U0/inst_fifo_gen/gconvfifo.rf/grf.rf/rstblk/ngwrdrst.grst.g7serrst.gnsckt_wrst.gic_rst.sckt_wr_rst_ic_reg/C
  -------------------------------------------------------------------    -------------------
    SLICE_X13Y37         FDPE (Prop_fdpe_C_Q)         0.456     5.840 f  u_sys_monitor/u_u2r_cmd_convert/U0/inst_fifo_gen/gconvfifo.rf/grf.rf/rstblk/ngwrdrst.grst.g7serrst.gnsckt_wrst.gic_rst.sckt_wr_rst_ic_reg/Q
                         net (fo=15, routed)          1.217     7.057    u_sys_monitor/u_u2r_cmd_convert/U0/inst_fifo_gen/gconvfifo.rf/grf.rf/gntv_or_sync_fifo.gl0.wr/wpntr/AR[0]
    SLICE_X13Y34         FDCE                                         f  u_sys_monitor/u_u2r_cmd_convert/U0/inst_fifo_gen/gconvfifo.rf/grf.rf/gntv_or_sync_fifo.gl0.wr/wpntr/gic0.gc0.count_d2_reg[3]/CLR
  -------------------------------------------------------------------    -------------------

                         (clock clk_i rise edge)     20.000    20.000 r  
    U18                                               0.000    20.000 r  clk_i (IN)
                         net (fo=0)                   0.000    20.000    clk_i
    U18                  IBUF (Prop_ibuf_I_O)         1.459    21.459 r  clk_i_IBUF_inst/O
                         net (fo=1, routed)           1.880    23.339    clk_i_IBUF
    BUFGCTRL_X0Y0        BUFG (Prop_bufg_I_O)         0.091    23.430 r  clk_i_IBUF_BUFG_inst/O
                         net (fo=217, routed)         1.501    24.931    u_sys_monitor/u_u2r_cmd_convert/U0/inst_fifo_gen/gconvfifo.rf/grf.rf/gntv_or_sync_fifo.gl0.wr/wpntr/wr_clk
    SLICE_X13Y34         FDCE                                         r  u_sys_monitor/u_u2r_cmd_convert/U0/inst_fifo_gen/gconvfifo.rf/grf.rf/gntv_or_sync_fifo.gl0.wr/wpntr/gic0.gc0.count_d2_reg[3]/C
                         clock pessimism              0.426    25.357    
                         clock uncertainty           -0.035    25.322    
    SLICE_X13Y34         FDCE (Recov_fdce_C_CLR)     -0.405    24.917    u_sys_monitor/u_u2r_cmd_convert/U0/inst_fifo_gen/gconvfifo.rf/grf.rf/gntv_or_sync_fifo.gl0.wr/wpntr/gic0.gc0.count_d2_reg[3]
  -------------------------------------------------------------------
                         required time                         24.917    
                         arrival time                          -7.057    
  -------------------------------------------------------------------
                         slack                                 17.859    

Slack (MET) :             17.859ns  (required time - arrival time)
  Source:                 u_sys_monitor/u_u2r_cmd_convert/U0/inst_fifo_gen/gconvfifo.rf/grf.rf/rstblk/ngwrdrst.grst.g7serrst.gnsckt_wrst.gic_rst.sckt_wr_rst_ic_reg/C
                            (rising edge-triggered cell FDPE clocked by clk_i  {rise@0.000ns fall@10.000ns period=20.000ns})
  Destination:            u_sys_monitor/u_u2r_cmd_convert/U0/inst_fifo_gen/gconvfifo.rf/grf.rf/gntv_or_sync_fifo.gl0.wr/wpntr/gic0.gc0.count_reg[2]/CLR
                            (recovery check against rising-edge clock clk_i  {rise@0.000ns fall@10.000ns period=20.000ns})
  Path Group:             **async_default**
  Path Type:              Recovery (Max at Slow Process Corner)
  Requirement:            20.000ns  (clk_i rise@20.000ns - clk_i rise@0.000ns)
  Data Path Delay:        1.673ns  (logic 0.456ns (27.253%)  route 1.217ns (72.747%))
  Logic Levels:           0  
  Clock Path Skew:        -0.027ns (DCD - SCD + CPR)
    Destination Clock Delay (DCD):    4.931ns = ( 24.931 - 20.000 ) 
    Source Clock Delay      (SCD):    5.384ns
    Clock Pessimism Removal (CPR):    0.426ns
  Clock Uncertainty:      0.035ns  ((TSJ^2 + TIJ^2)^1/2 + DJ) / 2 + PE
    Total System Jitter     (TSJ):    0.071ns
    Total Input Jitter      (TIJ):    0.000ns
    Discrete Jitter          (DJ):    0.000ns
    Phase Error              (PE):    0.000ns

    Location             Delay type                Incr(ns)  Path(ns)    Netlist Resource(s)
  -------------------------------------------------------------------    -------------------
                         (clock clk_i rise edge)      0.000     0.000 r  
    U18                                               0.000     0.000 r  clk_i (IN)
                         net (fo=0)                   0.000     0.000    clk_i
    U18                  IBUF (Prop_ibuf_I_O)         1.530     1.530 r  clk_i_IBUF_inst/O
                         net (fo=1, routed)           2.076     3.606    clk_i_IBUF
    BUFGCTRL_X0Y0        BUFG (Prop_bufg_I_O)         0.101     3.707 r  clk_i_IBUF_BUFG_inst/O
                         net (fo=217, routed)         1.677     5.384    u_sys_monitor/u_u2r_cmd_convert/U0/inst_fifo_gen/gconvfifo.rf/grf.rf/rstblk/wr_clk
    SLICE_X13Y37         FDPE                                         r  u_sys_monitor/u_u2r_cmd_convert/U0/inst_fifo_gen/gconvfifo.rf/grf.rf/rstblk/ngwrdrst.grst.g7serrst.gnsckt_wrst.gic_rst.sckt_wr_rst_ic_reg/C
  -------------------------------------------------------------------    -------------------
    SLICE_X13Y37         FDPE (Prop_fdpe_C_Q)         0.456     5.840 f  u_sys_monitor/u_u2r_cmd_convert/U0/inst_fifo_gen/gconvfifo.rf/grf.rf/rstblk/ngwrdrst.grst.g7serrst.gnsckt_wrst.gic_rst.sckt_wr_rst_ic_reg/Q
                         net (fo=15, routed)          1.217     7.057    u_sys_monitor/u_u2r_cmd_convert/U0/inst_fifo_gen/gconvfifo.rf/grf.rf/gntv_or_sync_fifo.gl0.wr/wpntr/AR[0]
    SLICE_X13Y34         FDCE                                         f  u_sys_monitor/u_u2r_cmd_convert/U0/inst_fifo_gen/gconvfifo.rf/grf.rf/gntv_or_sync_fifo.gl0.wr/wpntr/gic0.gc0.count_reg[2]/CLR
  -------------------------------------------------------------------    -------------------

                         (clock clk_i rise edge)     20.000    20.000 r  
    U18                                               0.000    20.000 r  clk_i (IN)
                         net (fo=0)                   0.000    20.000    clk_i
    U18                  IBUF (Prop_ibuf_I_O)         1.459    21.459 r  clk_i_IBUF_inst/O
                         net (fo=1, routed)           1.880    23.339    clk_i_IBUF
    BUFGCTRL_X0Y0        BUFG (Prop_bufg_I_O)         0.091    23.430 r  clk_i_IBUF_BUFG_inst/O
                         net (fo=217, routed)         1.501    24.931    u_sys_monitor/u_u2r_cmd_convert/U0/inst_fifo_gen/gconvfifo.rf/grf.rf/gntv_or_sync_fifo.gl0.wr/wpntr/wr_clk
    SLICE_X13Y34         FDCE                                         r  u_sys_monitor/u_u2r_cmd_convert/U0/inst_fifo_gen/gconvfifo.rf/grf.rf/gntv_or_sync_fifo.gl0.wr/wpntr/gic0.gc0.count_reg[2]/C
                         clock pessimism              0.426    25.357    
                         clock uncertainty           -0.035    25.322    
    SLICE_X13Y34         FDCE (Recov_fdce_C_CLR)     -0.405    24.917    u_sys_monitor/u_u2r_cmd_convert/U0/inst_fifo_gen/gconvfifo.rf/grf.rf/gntv_or_sync_fifo.gl0.wr/wpntr/gic0.gc0.count_reg[2]
  -------------------------------------------------------------------
                         required time                         24.917    
                         arrival time                          -7.057    
  -------------------------------------------------------------------
                         slack                                 17.859    

Slack (MET) :             17.859ns  (required time - arrival time)
  Source:                 u_sys_monitor/u_u2r_cmd_convert/U0/inst_fifo_gen/gconvfifo.rf/grf.rf/rstblk/ngwrdrst.grst.g7serrst.gnsckt_wrst.gic_rst.sckt_wr_rst_ic_reg/C
                            (rising edge-triggered cell FDPE clocked by clk_i  {rise@0.000ns fall@10.000ns period=20.000ns})
  Destination:            u_sys_monitor/u_u2r_cmd_convert/U0/inst_fifo_gen/gconvfifo.rf/grf.rf/gntv_or_sync_fifo.gl0.wr/wpntr/gic0.gc0.count_reg[3]/CLR
                            (recovery check against rising-edge clock clk_i  {rise@0.000ns fall@10.000ns period=20.000ns})
  Path Group:             **async_default**
  Path Type:              Recovery (Max at Slow Process Corner)
  Requirement:            20.000ns  (clk_i rise@20.000ns - clk_i rise@0.000ns)
  Data Path Delay:        1.673ns  (logic 0.456ns (27.253%)  route 1.217ns (72.747%))
  Logic Levels:           0  
  Clock Path Skew:        -0.027ns (DCD - SCD + CPR)
    Destination Clock Delay (DCD):    4.931ns = ( 24.931 - 20.000 ) 
    Source Clock Delay      (SCD):    5.384ns
    Clock Pessimism Removal (CPR):    0.426ns
  Clock Uncertainty:      0.035ns  ((TSJ^2 + TIJ^2)^1/2 + DJ) / 2 + PE
    Total System Jitter     (TSJ):    0.071ns
    Total Input Jitter      (TIJ):    0.000ns
    Discrete Jitter          (DJ):    0.000ns
    Phase Error              (PE):    0.000ns

    Location             Delay type                Incr(ns)  Path(ns)    Netlist Resource(s)
  -------------------------------------------------------------------    -------------------
                         (clock clk_i rise edge)      0.000     0.000 r  
    U18                                               0.000     0.000 r  clk_i (IN)
                         net (fo=0)                   0.000     0.000    clk_i
    U18                  IBUF (Prop_ibuf_I_O)         1.530     1.530 r  clk_i_IBUF_inst/O
                         net (fo=1, routed)           2.076     3.606    clk_i_IBUF
    BUFGCTRL_X0Y0        BUFG (Prop_bufg_I_O)         0.101     3.707 r  clk_i_IBUF_BUFG_inst/O
                         net (fo=217, routed)         1.677     5.384    u_sys_monitor/u_u2r_cmd_convert/U0/inst_fifo_gen/gconvfifo.rf/grf.rf/rstblk/wr_clk
    SLICE_X13Y37         FDPE                                         r  u_sys_monitor/u_u2r_cmd_convert/U0/inst_fifo_gen/gconvfifo.rf/grf.rf/rstblk/ngwrdrst.grst.g7serrst.gnsckt_wrst.gic_rst.sckt_wr_rst_ic_reg/C
  -------------------------------------------------------------------    -------------------
    SLICE_X13Y37         FDPE (Prop_fdpe_C_Q)         0.456     5.840 f  u_sys_monitor/u_u2r_cmd_convert/U0/inst_fifo_gen/gconvfifo.rf/grf.rf/rstblk/ngwrdrst.grst.g7serrst.gnsckt_wrst.gic_rst.sckt_wr_rst_ic_reg/Q
                         net (fo=15, routed)          1.217     7.057    u_sys_monitor/u_u2r_cmd_convert/U0/inst_fifo_gen/gconvfifo.rf/grf.rf/gntv_or_sync_fifo.gl0.wr/wpntr/AR[0]
    SLICE_X13Y34         FDCE                                         f  u_sys_monitor/u_u2r_cmd_convert/U0/inst_fifo_gen/gconvfifo.rf/grf.rf/gntv_or_sync_fifo.gl0.wr/wpntr/gic0.gc0.count_reg[3]/CLR
  -------------------------------------------------------------------    -------------------

                         (clock clk_i rise edge)     20.000    20.000 r  
    U18                                               0.000    20.000 r  clk_i (IN)
                         net (fo=0)                   0.000    20.000    clk_i
    U18                  IBUF (Prop_ibuf_I_O)         1.459    21.459 r  clk_i_IBUF_inst/O
                         net (fo=1, routed)           1.880    23.339    clk_i_IBUF
    BUFGCTRL_X0Y0        BUFG (Prop_bufg_I_O)         0.091    23.430 r  clk_i_IBUF_BUFG_inst/O
                         net (fo=217, routed)         1.501    24.931    u_sys_monitor/u_u2r_cmd_convert/U0/inst_fifo_gen/gconvfifo.rf/grf.rf/gntv_or_sync_fifo.gl0.wr/wpntr/wr_clk
    SLICE_X13Y34         FDCE                                         r  u_sys_monitor/u_u2r_cmd_convert/U0/inst_fifo_gen/gconvfifo.rf/grf.rf/gntv_or_sync_fifo.gl0.wr/wpntr/gic0.gc0.count_reg[3]/C
                         clock pessimism              0.426    25.357    
                         clock uncertainty           -0.035    25.322    
    SLICE_X13Y34         FDCE (Recov_fdce_C_CLR)     -0.405    24.917    u_sys_monitor/u_u2r_cmd_convert/U0/inst_fifo_gen/gconvfifo.rf/grf.rf/gntv_or_sync_fifo.gl0.wr/wpntr/gic0.gc0.count_reg[3]
  -------------------------------------------------------------------
                         required time                         24.917    
                         arrival time                          -7.057    
  -------------------------------------------------------------------
                         slack                                 17.859    

Slack (MET) :             17.903ns  (required time - arrival time)
  Source:                 u_sys_monitor/u_u2r_cmd_convert/U0/inst_fifo_gen/gconvfifo.rf/grf.rf/rstblk/ngwrdrst.grst.g7serrst.gnsckt_wrst.gic_rst.sckt_wr_rst_ic_reg/C
                            (rising edge-triggered cell FDPE clocked by clk_i  {rise@0.000ns fall@10.000ns period=20.000ns})
  Destination:            u_sys_monitor/u_u2r_cmd_convert/U0/inst_fifo_gen/gconvfifo.rf/grf.rf/gntv_or_sync_fifo.gl0.wr/wpntr/gic0.gc0.count_d1_reg[1]/CLR
                            (recovery check against rising-edge clock clk_i  {rise@0.000ns fall@10.000ns period=20.000ns})
  Path Group:             **async_default**
  Path Type:              Recovery (Max at Slow Process Corner)
  Requirement:            20.000ns  (clk_i rise@20.000ns - clk_i rise@0.000ns)
  Data Path Delay:        1.673ns  (logic 0.456ns (27.253%)  route 1.217ns (72.747%))
  Logic Levels:           0  
  Clock Path Skew:        -0.027ns (DCD - SCD + CPR)
    Destination Clock Delay (DCD):    4.931ns = ( 24.931 - 20.000 ) 
    Source Clock Delay      (SCD):    5.384ns
    Clock Pessimism Removal (CPR):    0.426ns
  Clock Uncertainty:      0.035ns  ((TSJ^2 + TIJ^2)^1/2 + DJ) / 2 + PE
    Total System Jitter     (TSJ):    0.071ns
    Total Input Jitter      (TIJ):    0.000ns
    Discrete Jitter          (DJ):    0.000ns
    Phase Error              (PE):    0.000ns

    Location             Delay type                Incr(ns)  Path(ns)    Netlist Resource(s)
  -------------------------------------------------------------------    -------------------
                         (clock clk_i rise edge)      0.000     0.000 r  
    U18                                               0.000     0.000 r  clk_i (IN)
                         net (fo=0)                   0.000     0.000    clk_i
    U18                  IBUF (Prop_ibuf_I_O)         1.530     1.530 r  clk_i_IBUF_inst/O
                         net (fo=1, routed)           2.076     3.606    clk_i_IBUF
    BUFGCTRL_X0Y0        BUFG (Prop_bufg_I_O)         0.101     3.707 r  clk_i_IBUF_BUFG_inst/O
                         net (fo=217, routed)         1.677     5.384    u_sys_monitor/u_u2r_cmd_convert/U0/inst_fifo_gen/gconvfifo.rf/grf.rf/rstblk/wr_clk
    SLICE_X13Y37         FDPE                                         r  u_sys_monitor/u_u2r_cmd_convert/U0/inst_fifo_gen/gconvfifo.rf/grf.rf/rstblk/ngwrdrst.grst.g7serrst.gnsckt_wrst.gic_rst.sckt_wr_rst_ic_reg/C
  -------------------------------------------------------------------    -------------------
    SLICE_X13Y37         FDPE (Prop_fdpe_C_Q)         0.456     5.840 f  u_sys_monitor/u_u2r_cmd_convert/U0/inst_fifo_gen/gconvfifo.rf/grf.rf/rstblk/ngwrdrst.grst.g7serrst.gnsckt_wrst.gic_rst.sckt_wr_rst_ic_reg/Q
                         net (fo=15, routed)          1.217     7.057    u_sys_monitor/u_u2r_cmd_convert/U0/inst_fifo_gen/gconvfifo.rf/grf.rf/gntv_or_sync_fifo.gl0.wr/wpntr/AR[0]
    SLICE_X12Y34         FDCE                                         f  u_sys_monitor/u_u2r_cmd_convert/U0/inst_fifo_gen/gconvfifo.rf/grf.rf/gntv_or_sync_fifo.gl0.wr/wpntr/gic0.gc0.count_d1_reg[1]/CLR
  -------------------------------------------------------------------    -------------------

                         (clock clk_i rise edge)     20.000    20.000 r  
    U18                                               0.000    20.000 r  clk_i (IN)
                         net (fo=0)                   0.000    20.000    clk_i
    U18                  IBUF (Prop_ibuf_I_O)         1.459    21.459 r  clk_i_IBUF_inst/O
                         net (fo=1, routed)           1.880    23.339    clk_i_IBUF
    BUFGCTRL_X0Y0        BUFG (Prop_bufg_I_O)         0.091    23.430 r  clk_i_IBUF_BUFG_inst/O
                         net (fo=217, routed)         1.501    24.931    u_sys_monitor/u_u2r_cmd_convert/U0/inst_fifo_gen/gconvfifo.rf/grf.rf/gntv_or_sync_fifo.gl0.wr/wpntr/wr_clk
    SLICE_X12Y34         FDCE                                         r  u_sys_monitor/u_u2r_cmd_convert/U0/inst_fifo_gen/gconvfifo.rf/grf.rf/gntv_or_sync_fifo.gl0.wr/wpntr/gic0.gc0.count_d1_reg[1]/C
                         clock pessimism              0.426    25.357    
                         clock uncertainty           -0.035    25.322    
    SLICE_X12Y34         FDCE (Recov_fdce_C_CLR)     -0.361    24.961    u_sys_monitor/u_u2r_cmd_convert/U0/inst_fifo_gen/gconvfifo.rf/grf.rf/gntv_or_sync_fifo.gl0.wr/wpntr/gic0.gc0.count_d1_reg[1]
  -------------------------------------------------------------------
                         required time                         24.961    
                         arrival time                          -7.057    
  -------------------------------------------------------------------
                         slack                                 17.903    

Slack (MET) :             17.903ns  (required time - arrival time)
  Source:                 u_sys_monitor/u_u2r_cmd_convert/U0/inst_fifo_gen/gconvfifo.rf/grf.rf/rstblk/ngwrdrst.grst.g7serrst.gnsckt_wrst.gic_rst.sckt_wr_rst_ic_reg/C
                            (rising edge-triggered cell FDPE clocked by clk_i  {rise@0.000ns fall@10.000ns period=20.000ns})
  Destination:            u_sys_monitor/u_u2r_cmd_convert/U0/inst_fifo_gen/gconvfifo.rf/grf.rf/gntv_or_sync_fifo.gl0.wr/wpntr/gic0.gc0.count_reg[1]/PRE
                            (recovery check against rising-edge clock clk_i  {rise@0.000ns fall@10.000ns period=20.000ns})
  Path Group:             **async_default**
  Path Type:              Recovery (Max at Slow Process Corner)
  Requirement:            20.000ns  (clk_i rise@20.000ns - clk_i rise@0.000ns)
  Data Path Delay:        1.673ns  (logic 0.456ns (27.253%)  route 1.217ns (72.747%))
  Logic Levels:           0  
  Clock Path Skew:        -0.027ns (DCD - SCD + CPR)
    Destination Clock Delay (DCD):    4.931ns = ( 24.931 - 20.000 ) 
    Source Clock Delay      (SCD):    5.384ns
    Clock Pessimism Removal (CPR):    0.426ns
  Clock Uncertainty:      0.035ns  ((TSJ^2 + TIJ^2)^1/2 + DJ) / 2 + PE
    Total System Jitter     (TSJ):    0.071ns
    Total Input Jitter      (TIJ):    0.000ns
    Discrete Jitter          (DJ):    0.000ns
    Phase Error              (PE):    0.000ns

    Location             Delay type                Incr(ns)  Path(ns)    Netlist Resource(s)
  -------------------------------------------------------------------    -------------------
                         (clock clk_i rise edge)      0.000     0.000 r  
    U18                                               0.000     0.000 r  clk_i (IN)
                         net (fo=0)                   0.000     0.000    clk_i
    U18                  IBUF (Prop_ibuf_I_O)         1.530     1.530 r  clk_i_IBUF_inst/O
                         net (fo=1, routed)           2.076     3.606    clk_i_IBUF
    BUFGCTRL_X0Y0        BUFG (Prop_bufg_I_O)         0.101     3.707 r  clk_i_IBUF_BUFG_inst/O
                         net (fo=217, routed)         1.677     5.384    u_sys_monitor/u_u2r_cmd_convert/U0/inst_fifo_gen/gconvfifo.rf/grf.rf/rstblk/wr_clk
    SLICE_X13Y37         FDPE                                         r  u_sys_monitor/u_u2r_cmd_convert/U0/inst_fifo_gen/gconvfifo.rf/grf.rf/rstblk/ngwrdrst.grst.g7serrst.gnsckt_wrst.gic_rst.sckt_wr_rst_ic_reg/C
  -------------------------------------------------------------------    -------------------
    SLICE_X13Y37         FDPE (Prop_fdpe_C_Q)         0.456     5.840 f  u_sys_monitor/u_u2r_cmd_convert/U0/inst_fifo_gen/gconvfifo.rf/grf.rf/rstblk/ngwrdrst.grst.g7serrst.gnsckt_wrst.gic_rst.sckt_wr_rst_ic_reg/Q
                         net (fo=15, routed)          1.217     7.057    u_sys_monitor/u_u2r_cmd_convert/U0/inst_fifo_gen/gconvfifo.rf/grf.rf/gntv_or_sync_fifo.gl0.wr/wpntr/AR[0]
    SLICE_X12Y34         FDPE                                         f  u_sys_monitor/u_u2r_cmd_convert/U0/inst_fifo_gen/gconvfifo.rf/grf.rf/gntv_or_sync_fifo.gl0.wr/wpntr/gic0.gc0.count_reg[1]/PRE
  -------------------------------------------------------------------    -------------------

                         (clock clk_i rise edge)     20.000    20.000 r  
    U18                                               0.000    20.000 r  clk_i (IN)
                         net (fo=0)                   0.000    20.000    clk_i
    U18                  IBUF (Prop_ibuf_I_O)         1.459    21.459 r  clk_i_IBUF_inst/O
                         net (fo=1, routed)           1.880    23.339    clk_i_IBUF
    BUFGCTRL_X0Y0        BUFG (Prop_bufg_I_O)         0.091    23.430 r  clk_i_IBUF_BUFG_inst/O
                         net (fo=217, routed)         1.501    24.931    u_sys_monitor/u_u2r_cmd_convert/U0/inst_fifo_gen/gconvfifo.rf/grf.rf/gntv_or_sync_fifo.gl0.wr/wpntr/wr_clk
    SLICE_X12Y34         FDPE                                         r  u_sys_monitor/u_u2r_cmd_convert/U0/inst_fifo_gen/gconvfifo.rf/grf.rf/gntv_or_sync_fifo.gl0.wr/wpntr/gic0.gc0.count_reg[1]/C
                         clock pessimism              0.426    25.357    
                         clock uncertainty           -0.035    25.322    
    SLICE_X12Y34         FDPE (Recov_fdpe_C_PRE)     -0.361    24.961    u_sys_monitor/u_u2r_cmd_convert/U0/inst_fifo_gen/gconvfifo.rf/grf.rf/gntv_or_sync_fifo.gl0.wr/wpntr/gic0.gc0.count_reg[1]
  -------------------------------------------------------------------
                         required time                         24.961    
                         arrival time                          -7.057    
  -------------------------------------------------------------------
                         slack                                 17.903    

Slack (MET) :             17.945ns  (required time - arrival time)
  Source:                 u_sys_monitor/u_u2r_cmd_convert/U0/inst_fifo_gen/gconvfifo.rf/grf.rf/rstblk/ngwrdrst.grst.g7serrst.gnsckt_wrst.gic_rst.sckt_wr_rst_ic_reg/C
                            (rising edge-triggered cell FDPE clocked by clk_i  {rise@0.000ns fall@10.000ns period=20.000ns})
  Destination:            u_sys_monitor/u_u2r_cmd_convert/U0/inst_fifo_gen/gconvfifo.rf/grf.rf/gntv_or_sync_fifo.gl0.wr/wpntr/gic0.gc0.count_d1_reg[0]/PRE
                            (recovery check against rising-edge clock clk_i  {rise@0.000ns fall@10.000ns period=20.000ns})
  Path Group:             **async_default**
  Path Type:              Recovery (Max at Slow Process Corner)
  Requirement:            20.000ns  (clk_i rise@20.000ns - clk_i rise@0.000ns)
  Data Path Delay:        1.673ns  (logic 0.456ns (27.253%)  route 1.217ns (72.747%))
  Logic Levels:           0  
  Clock Path Skew:        -0.027ns (DCD - SCD + CPR)
    Destination Clock Delay (DCD):    4.931ns = ( 24.931 - 20.000 ) 
    Source Clock Delay      (SCD):    5.384ns
    Clock Pessimism Removal (CPR):    0.426ns
  Clock Uncertainty:      0.035ns  ((TSJ^2 + TIJ^2)^1/2 + DJ) / 2 + PE
    Total System Jitter     (TSJ):    0.071ns
    Total Input Jitter      (TIJ):    0.000ns
    Discrete Jitter          (DJ):    0.000ns
    Phase Error              (PE):    0.000ns

    Location             Delay type                Incr(ns)  Path(ns)    Netlist Resource(s)
  -------------------------------------------------------------------    -------------------
                         (clock clk_i rise edge)      0.000     0.000 r  
    U18                                               0.000     0.000 r  clk_i (IN)
                         net (fo=0)                   0.000     0.000    clk_i
    U18                  IBUF (Prop_ibuf_I_O)         1.530     1.530 r  clk_i_IBUF_inst/O
                         net (fo=1, routed)           2.076     3.606    clk_i_IBUF
    BUFGCTRL_X0Y0        BUFG (Prop_bufg_I_O)         0.101     3.707 r  clk_i_IBUF_BUFG_inst/O
                         net (fo=217, routed)         1.677     5.384    u_sys_monitor/u_u2r_cmd_convert/U0/inst_fifo_gen/gconvfifo.rf/grf.rf/rstblk/wr_clk
    SLICE_X13Y37         FDPE                                         r  u_sys_monitor/u_u2r_cmd_convert/U0/inst_fifo_gen/gconvfifo.rf/grf.rf/rstblk/ngwrdrst.grst.g7serrst.gnsckt_wrst.gic_rst.sckt_wr_rst_ic_reg/C
  -------------------------------------------------------------------    -------------------
    SLICE_X13Y37         FDPE (Prop_fdpe_C_Q)         0.456     5.840 f  u_sys_monitor/u_u2r_cmd_convert/U0/inst_fifo_gen/gconvfifo.rf/grf.rf/rstblk/ngwrdrst.grst.g7serrst.gnsckt_wrst.gic_rst.sckt_wr_rst_ic_reg/Q
                         net (fo=15, routed)          1.217     7.057    u_sys_monitor/u_u2r_cmd_convert/U0/inst_fifo_gen/gconvfifo.rf/grf.rf/gntv_or_sync_fifo.gl0.wr/wpntr/AR[0]
    SLICE_X12Y34         FDPE                                         f  u_sys_monitor/u_u2r_cmd_convert/U0/inst_fifo_gen/gconvfifo.rf/grf.rf/gntv_or_sync_fifo.gl0.wr/wpntr/gic0.gc0.count_d1_reg[0]/PRE
  -------------------------------------------------------------------    -------------------

                         (clock clk_i rise edge)     20.000    20.000 r  
    U18                                               0.000    20.000 r  clk_i (IN)
                         net (fo=0)                   0.000    20.000    clk_i
    U18                  IBUF (Prop_ibuf_I_O)         1.459    21.459 r  clk_i_IBUF_inst/O
                         net (fo=1, routed)           1.880    23.339    clk_i_IBUF
    BUFGCTRL_X0Y0        BUFG (Prop_bufg_I_O)         0.091    23.430 r  clk_i_IBUF_BUFG_inst/O
                         net (fo=217, routed)         1.501    24.931    u_sys_monitor/u_u2r_cmd_convert/U0/inst_fifo_gen/gconvfifo.rf/grf.rf/gntv_or_sync_fifo.gl0.wr/wpntr/wr_clk
    SLICE_X12Y34         FDPE                                         r  u_sys_monitor/u_u2r_cmd_convert/U0/inst_fifo_gen/gconvfifo.rf/grf.rf/gntv_or_sync_fifo.gl0.wr/wpntr/gic0.gc0.count_d1_reg[0]/C
                         clock pessimism              0.426    25.357    
                         clock uncertainty           -0.035    25.322    
    SLICE_X12Y34         FDPE (Recov_fdpe_C_PRE)     -0.319    25.003    u_sys_monitor/u_u2r_cmd_convert/U0/inst_fifo_gen/gconvfifo.rf/grf.rf/gntv_or_sync_fifo.gl0.wr/wpntr/gic0.gc0.count_d1_reg[0]
  -------------------------------------------------------------------
                         required time                         25.003    
                         arrival time                          -7.057    
  -------------------------------------------------------------------
                         slack                                 17.945    

Slack (MET) :             17.945ns  (required time - arrival time)
  Source:                 u_sys_monitor/u_u2r_cmd_convert/U0/inst_fifo_gen/gconvfifo.rf/grf.rf/rstblk/ngwrdrst.grst.g7serrst.gnsckt_wrst.gic_rst.sckt_wr_rst_ic_reg/C
                            (rising edge-triggered cell FDPE clocked by clk_i  {rise@0.000ns fall@10.000ns period=20.000ns})
  Destination:            u_sys_monitor/u_u2r_cmd_convert/U0/inst_fifo_gen/gconvfifo.rf/grf.rf/gntv_or_sync_fifo.gl0.wr/wpntr/gic0.gc0.count_d2_reg[0]/CLR
                            (recovery check against rising-edge clock clk_i  {rise@0.000ns fall@10.000ns period=20.000ns})
  Path Group:             **async_default**
  Path Type:              Recovery (Max at Slow Process Corner)
  Requirement:            20.000ns  (clk_i rise@20.000ns - clk_i rise@0.000ns)
  Data Path Delay:        1.673ns  (logic 0.456ns (27.253%)  route 1.217ns (72.747%))
  Logic Levels:           0  
  Clock Path Skew:        -0.027ns (DCD - SCD + CPR)
    Destination Clock Delay (DCD):    4.931ns = ( 24.931 - 20.000 ) 
    Source Clock Delay      (SCD):    5.384ns
    Clock Pessimism Removal (CPR):    0.426ns
  Clock Uncertainty:      0.035ns  ((TSJ^2 + TIJ^2)^1/2 + DJ) / 2 + PE
    Total System Jitter     (TSJ):    0.071ns
    Total Input Jitter      (TIJ):    0.000ns
    Discrete Jitter          (DJ):    0.000ns
    Phase Error              (PE):    0.000ns

    Location             Delay type                Incr(ns)  Path(ns)    Netlist Resource(s)
  -------------------------------------------------------------------    -------------------
                         (clock clk_i rise edge)      0.000     0.000 r  
    U18                                               0.000     0.000 r  clk_i (IN)
                         net (fo=0)                   0.000     0.000    clk_i
    U18                  IBUF (Prop_ibuf_I_O)         1.530     1.530 r  clk_i_IBUF_inst/O
                         net (fo=1, routed)           2.076     3.606    clk_i_IBUF
    BUFGCTRL_X0Y0        BUFG (Prop_bufg_I_O)         0.101     3.707 r  clk_i_IBUF_BUFG_inst/O
                         net (fo=217, routed)         1.677     5.384    u_sys_monitor/u_u2r_cmd_convert/U0/inst_fifo_gen/gconvfifo.rf/grf.rf/rstblk/wr_clk
    SLICE_X13Y37         FDPE                                         r  u_sys_monitor/u_u2r_cmd_convert/U0/inst_fifo_gen/gconvfifo.rf/grf.rf/rstblk/ngwrdrst.grst.g7serrst.gnsckt_wrst.gic_rst.sckt_wr_rst_ic_reg/C
  -------------------------------------------------------------------    -------------------
    SLICE_X13Y37         FDPE (Prop_fdpe_C_Q)         0.456     5.840 f  u_sys_monitor/u_u2r_cmd_convert/U0/inst_fifo_gen/gconvfifo.rf/grf.rf/rstblk/ngwrdrst.grst.g7serrst.gnsckt_wrst.gic_rst.sckt_wr_rst_ic_reg/Q
                         net (fo=15, routed)          1.217     7.057    u_sys_monitor/u_u2r_cmd_convert/U0/inst_fifo_gen/gconvfifo.rf/grf.rf/gntv_or_sync_fifo.gl0.wr/wpntr/AR[0]
    SLICE_X12Y34         FDCE                                         f  u_sys_monitor/u_u2r_cmd_convert/U0/inst_fifo_gen/gconvfifo.rf/grf.rf/gntv_or_sync_fifo.gl0.wr/wpntr/gic0.gc0.count_d2_reg[0]/CLR
  -------------------------------------------------------------------    -------------------

                         (clock clk_i rise edge)     20.000    20.000 r  
    U18                                               0.000    20.000 r  clk_i (IN)
                         net (fo=0)                   0.000    20.000    clk_i
    U18                  IBUF (Prop_ibuf_I_O)         1.459    21.459 r  clk_i_IBUF_inst/O
                         net (fo=1, routed)           1.880    23.339    clk_i_IBUF
    BUFGCTRL_X0Y0        BUFG (Prop_bufg_I_O)         0.091    23.430 r  clk_i_IBUF_BUFG_inst/O
                         net (fo=217, routed)         1.501    24.931    u_sys_monitor/u_u2r_cmd_convert/U0/inst_fifo_gen/gconvfifo.rf/grf.rf/gntv_or_sync_fifo.gl0.wr/wpntr/wr_clk
    SLICE_X12Y34         FDCE                                         r  u_sys_monitor/u_u2r_cmd_convert/U0/inst_fifo_gen/gconvfifo.rf/grf.rf/gntv_or_sync_fifo.gl0.wr/wpntr/gic0.gc0.count_d2_reg[0]/C
                         clock pessimism              0.426    25.357    
                         clock uncertainty           -0.035    25.322    
    SLICE_X12Y34         FDCE (Recov_fdce_C_CLR)     -0.319    25.003    u_sys_monitor/u_u2r_cmd_convert/U0/inst_fifo_gen/gconvfifo.rf/grf.rf/gntv_or_sync_fifo.gl0.wr/wpntr/gic0.gc0.count_d2_reg[0]
  -------------------------------------------------------------------
                         required time                         25.003    
                         arrival time                          -7.057    
  -------------------------------------------------------------------
                         slack                                 17.945    





Min Delay Paths
--------------------------------------------------------------------------------------
Slack (MET) :             0.438ns  (arrival time - required time)
  Source:                 u_sys_monitor/u_run_2_uart_clock/U0/inst_fifo_gen/gconvfifo.rf/grf.rf/rstblk/ngwrdrst.grst.g7serrst.gnsckt_wrst.gic_rst.rst_rd_reg2_inst/arststages_ff_reg[1]/C
                            (rising edge-triggered cell FDPE clocked by clk_i  {rise@0.000ns fall@10.000ns period=20.000ns})
  Destination:            u_sys_monitor/u_run_2_uart_clock/U0/inst_fifo_gen/gconvfifo.rf/grf.rf/rstblk/ngwrdrst.grst.g7serrst.gnsckt_wrst.gic_rst.wr_rst_rd_ext_reg[0]/CLR
                            (removal check against rising-edge clock clk_i  {rise@0.000ns fall@10.000ns period=20.000ns})
  Path Group:             **async_default**
  Path Type:              Removal (Min at Fast Process Corner)
  Requirement:            0.000ns  (clk_i rise@0.000ns - clk_i rise@0.000ns)
  Data Path Delay:        0.306ns  (logic 0.128ns (41.788%)  route 0.178ns (58.212%))
  Logic Levels:           0  
  Clock Path Skew:        0.014ns (DCD - SCD - CPR)
    Destination Clock Delay (DCD):    2.045ns
    Source Clock Delay      (SCD):    1.531ns
    Clock Pessimism Removal (CPR):    0.500ns

    Location             Delay type                Incr(ns)  Path(ns)    Netlist Resource(s)
  -------------------------------------------------------------------    -------------------
                         (clock clk_i rise edge)      0.000     0.000 r  
    U18                                               0.000     0.000 r  clk_i (IN)
                         net (fo=0)                   0.000     0.000    clk_i
    U18                  IBUF (Prop_ibuf_I_O)         0.297     0.297 r  clk_i_IBUF_inst/O
                         net (fo=1, routed)           0.627     0.925    clk_i_IBUF
    BUFGCTRL_X0Y0        BUFG (Prop_bufg_I_O)         0.026     0.951 r  clk_i_IBUF_BUFG_inst/O
                         net (fo=217, routed)         0.581     1.531    u_sys_monitor/u_run_2_uart_clock/U0/inst_fifo_gen/gconvfifo.rf/grf.rf/rstblk/ngwrdrst.grst.g7serrst.gnsckt_wrst.gic_rst.rst_rd_reg2_inst/dest_clk
    SLICE_X5Y35          FDPE                                         r  u_sys_monitor/u_run_2_uart_clock/U0/inst_fifo_gen/gconvfifo.rf/grf.rf/rstblk/ngwrdrst.grst.g7serrst.gnsckt_wrst.gic_rst.rst_rd_reg2_inst/arststages_ff_reg[1]/C
  -------------------------------------------------------------------    -------------------
    SLICE_X5Y35          FDPE (Prop_fdpe_C_Q)         0.128     1.659 f  u_sys_monitor/u_run_2_uart_clock/U0/inst_fifo_gen/gconvfifo.rf/grf.rf/rstblk/ngwrdrst.grst.g7serrst.gnsckt_wrst.gic_rst.rst_rd_reg2_inst/arststages_ff_reg[1]/Q
                         net (fo=3, routed)           0.178     1.837    u_sys_monitor/u_run_2_uart_clock/U0/inst_fifo_gen/gconvfifo.rf/grf.rf/rstblk/rst_rd_reg2
    SLICE_X5Y34          FDCE                                         f  u_sys_monitor/u_run_2_uart_clock/U0/inst_fifo_gen/gconvfifo.rf/grf.rf/rstblk/ngwrdrst.grst.g7serrst.gnsckt_wrst.gic_rst.wr_rst_rd_ext_reg[0]/CLR
  -------------------------------------------------------------------    -------------------

                         (clock clk_i rise edge)      0.000     0.000 r  
    U18                                               0.000     0.000 r  clk_i (IN)
                         net (fo=0)                   0.000     0.000    clk_i
    U18                  IBUF (Prop_ibuf_I_O)         0.486     0.486 r  clk_i_IBUF_inst/O
                         net (fo=1, routed)           0.683     1.169    clk_i_IBUF
    BUFGCTRL_X0Y0        BUFG (Prop_bufg_I_O)         0.029     1.198 r  clk_i_IBUF_BUFG_inst/O
                         net (fo=217, routed)         0.847     2.045    u_sys_monitor/u_run_2_uart_clock/U0/inst_fifo_gen/gconvfifo.rf/grf.rf/rstblk/rd_clk
    SLICE_X5Y34          FDCE                                         r  u_sys_monitor/u_run_2_uart_clock/U0/inst_fifo_gen/gconvfifo.rf/grf.rf/rstblk/ngwrdrst.grst.g7serrst.gnsckt_wrst.gic_rst.wr_rst_rd_ext_reg[0]/C
                         clock pessimism             -0.500     1.545    
    SLICE_X5Y34          FDCE (Remov_fdce_C_CLR)     -0.146     1.399    u_sys_monitor/u_run_2_uart_clock/U0/inst_fifo_gen/gconvfifo.rf/grf.rf/rstblk/ngwrdrst.grst.g7serrst.gnsckt_wrst.gic_rst.wr_rst_rd_ext_reg[0]
  -------------------------------------------------------------------
                         required time                         -1.399    
                         arrival time                           1.837    
  -------------------------------------------------------------------
                         slack                                  0.438    

Slack (MET) :             0.438ns  (arrival time - required time)
  Source:                 u_sys_monitor/u_run_2_uart_clock/U0/inst_fifo_gen/gconvfifo.rf/grf.rf/rstblk/ngwrdrst.grst.g7serrst.gnsckt_wrst.gic_rst.rst_rd_reg2_inst/arststages_ff_reg[1]/C
                            (rising edge-triggered cell FDPE clocked by clk_i  {rise@0.000ns fall@10.000ns period=20.000ns})
  Destination:            u_sys_monitor/u_run_2_uart_clock/U0/inst_fifo_gen/gconvfifo.rf/grf.rf/rstblk/ngwrdrst.grst.g7serrst.gnsckt_wrst.gic_rst.wr_rst_rd_ext_reg[1]/CLR
                            (removal check against rising-edge clock clk_i  {rise@0.000ns fall@10.000ns period=20.000ns})
  Path Group:             **async_default**
  Path Type:              Removal (Min at Fast Process Corner)
  Requirement:            0.000ns  (clk_i rise@0.000ns - clk_i rise@0.000ns)
  Data Path Delay:        0.306ns  (logic 0.128ns (41.788%)  route 0.178ns (58.212%))
  Logic Levels:           0  
  Clock Path Skew:        0.014ns (DCD - SCD - CPR)
    Destination Clock Delay (DCD):    2.045ns
    Source Clock Delay      (SCD):    1.531ns
    Clock Pessimism Removal (CPR):    0.500ns

    Location             Delay type                Incr(ns)  Path(ns)    Netlist Resource(s)
  -------------------------------------------------------------------    -------------------
                         (clock clk_i rise edge)      0.000     0.000 r  
    U18                                               0.000     0.000 r  clk_i (IN)
                         net (fo=0)                   0.000     0.000    clk_i
    U18                  IBUF (Prop_ibuf_I_O)         0.297     0.297 r  clk_i_IBUF_inst/O
                         net (fo=1, routed)           0.627     0.925    clk_i_IBUF
    BUFGCTRL_X0Y0        BUFG (Prop_bufg_I_O)         0.026     0.951 r  clk_i_IBUF_BUFG_inst/O
                         net (fo=217, routed)         0.581     1.531    u_sys_monitor/u_run_2_uart_clock/U0/inst_fifo_gen/gconvfifo.rf/grf.rf/rstblk/ngwrdrst.grst.g7serrst.gnsckt_wrst.gic_rst.rst_rd_reg2_inst/dest_clk
    SLICE_X5Y35          FDPE                                         r  u_sys_monitor/u_run_2_uart_clock/U0/inst_fifo_gen/gconvfifo.rf/grf.rf/rstblk/ngwrdrst.grst.g7serrst.gnsckt_wrst.gic_rst.rst_rd_reg2_inst/arststages_ff_reg[1]/C
  -------------------------------------------------------------------    -------------------
    SLICE_X5Y35          FDPE (Prop_fdpe_C_Q)         0.128     1.659 f  u_sys_monitor/u_run_2_uart_clock/U0/inst_fifo_gen/gconvfifo.rf/grf.rf/rstblk/ngwrdrst.grst.g7serrst.gnsckt_wrst.gic_rst.rst_rd_reg2_inst/arststages_ff_reg[1]/Q
                         net (fo=3, routed)           0.178     1.837    u_sys_monitor/u_run_2_uart_clock/U0/inst_fifo_gen/gconvfifo.rf/grf.rf/rstblk/rst_rd_reg2
    SLICE_X5Y34          FDCE                                         f  u_sys_monitor/u_run_2_uart_clock/U0/inst_fifo_gen/gconvfifo.rf/grf.rf/rstblk/ngwrdrst.grst.g7serrst.gnsckt_wrst.gic_rst.wr_rst_rd_ext_reg[1]/CLR
  -------------------------------------------------------------------    -------------------

                         (clock clk_i rise edge)      0.000     0.000 r  
    U18                                               0.000     0.000 r  clk_i (IN)
                         net (fo=0)                   0.000     0.000    clk_i
    U18                  IBUF (Prop_ibuf_I_O)         0.486     0.486 r  clk_i_IBUF_inst/O
                         net (fo=1, routed)           0.683     1.169    clk_i_IBUF
    BUFGCTRL_X0Y0        BUFG (Prop_bufg_I_O)         0.029     1.198 r  clk_i_IBUF_BUFG_inst/O
                         net (fo=217, routed)         0.847     2.045    u_sys_monitor/u_run_2_uart_clock/U0/inst_fifo_gen/gconvfifo.rf/grf.rf/rstblk/rd_clk
    SLICE_X5Y34          FDCE                                         r  u_sys_monitor/u_run_2_uart_clock/U0/inst_fifo_gen/gconvfifo.rf/grf.rf/rstblk/ngwrdrst.grst.g7serrst.gnsckt_wrst.gic_rst.wr_rst_rd_ext_reg[1]/C
                         clock pessimism             -0.500     1.545    
    SLICE_X5Y34          FDCE (Remov_fdce_C_CLR)     -0.146     1.399    u_sys_monitor/u_run_2_uart_clock/U0/inst_fifo_gen/gconvfifo.rf/grf.rf/rstblk/ngwrdrst.grst.g7serrst.gnsckt_wrst.gic_rst.wr_rst_rd_ext_reg[1]
  -------------------------------------------------------------------
                         required time                         -1.399    
                         arrival time                           1.837    
  -------------------------------------------------------------------
                         slack                                  0.438    

Slack (MET) :             0.441ns  (arrival time - required time)
  Source:                 u_sys_monitor/u_run_2_uart_clock/U0/inst_fifo_gen/gconvfifo.rf/grf.rf/rstblk/ngwrdrst.grst.g7serrst.gnsckt_wrst.gic_rst.rst_rd_reg2_inst/arststages_ff_reg[1]/C
                            (rising edge-triggered cell FDPE clocked by clk_i  {rise@0.000ns fall@10.000ns period=20.000ns})
  Destination:            u_sys_monitor/u_run_2_uart_clock/U0/inst_fifo_gen/gconvfifo.rf/grf.rf/rstblk/ngwrdrst.grst.g7serrst.gnsckt_wrst.gic_rst.sckt_rd_rst_ic_reg/PRE
                            (removal check against rising-edge clock clk_i  {rise@0.000ns fall@10.000ns period=20.000ns})
  Path Group:             **async_default**
  Path Type:              Removal (Min at Fast Process Corner)
  Requirement:            0.000ns  (clk_i rise@0.000ns - clk_i rise@0.000ns)
  Data Path Delay:        0.306ns  (logic 0.128ns (41.788%)  route 0.178ns (58.212%))
  Logic Levels:           0  
  Clock Path Skew:        0.014ns (DCD - SCD - CPR)
    Destination Clock Delay (DCD):    2.045ns
    Source Clock Delay      (SCD):    1.531ns
    Clock Pessimism Removal (CPR):    0.500ns

    Location             Delay type                Incr(ns)  Path(ns)    Netlist Resource(s)
  -------------------------------------------------------------------    -------------------
                         (clock clk_i rise edge)      0.000     0.000 r  
    U18                                               0.000     0.000 r  clk_i (IN)
                         net (fo=0)                   0.000     0.000    clk_i
    U18                  IBUF (Prop_ibuf_I_O)         0.297     0.297 r  clk_i_IBUF_inst/O
                         net (fo=1, routed)           0.627     0.925    clk_i_IBUF
    BUFGCTRL_X0Y0        BUFG (Prop_bufg_I_O)         0.026     0.951 r  clk_i_IBUF_BUFG_inst/O
                         net (fo=217, routed)         0.581     1.531    u_sys_monitor/u_run_2_uart_clock/U0/inst_fifo_gen/gconvfifo.rf/grf.rf/rstblk/ngwrdrst.grst.g7serrst.gnsckt_wrst.gic_rst.rst_rd_reg2_inst/dest_clk
    SLICE_X5Y35          FDPE                                         r  u_sys_monitor/u_run_2_uart_clock/U0/inst_fifo_gen/gconvfifo.rf/grf.rf/rstblk/ngwrdrst.grst.g7serrst.gnsckt_wrst.gic_rst.rst_rd_reg2_inst/arststages_ff_reg[1]/C
  -------------------------------------------------------------------    -------------------
    SLICE_X5Y35          FDPE (Prop_fdpe_C_Q)         0.128     1.659 f  u_sys_monitor/u_run_2_uart_clock/U0/inst_fifo_gen/gconvfifo.rf/grf.rf/rstblk/ngwrdrst.grst.g7serrst.gnsckt_wrst.gic_rst.rst_rd_reg2_inst/arststages_ff_reg[1]/Q
                         net (fo=3, routed)           0.178     1.837    u_sys_monitor/u_run_2_uart_clock/U0/inst_fifo_gen/gconvfifo.rf/grf.rf/rstblk/rst_rd_reg2
    SLICE_X5Y34          FDPE                                         f  u_sys_monitor/u_run_2_uart_clock/U0/inst_fifo_gen/gconvfifo.rf/grf.rf/rstblk/ngwrdrst.grst.g7serrst.gnsckt_wrst.gic_rst.sckt_rd_rst_ic_reg/PRE
  -------------------------------------------------------------------    -------------------

                         (clock clk_i rise edge)      0.000     0.000 r  
    U18                                               0.000     0.000 r  clk_i (IN)
                         net (fo=0)                   0.000     0.000    clk_i
    U18                  IBUF (Prop_ibuf_I_O)         0.486     0.486 r  clk_i_IBUF_inst/O
                         net (fo=1, routed)           0.683     1.169    clk_i_IBUF
    BUFGCTRL_X0Y0        BUFG (Prop_bufg_I_O)         0.029     1.198 r  clk_i_IBUF_BUFG_inst/O
                         net (fo=217, routed)         0.847     2.045    u_sys_monitor/u_run_2_uart_clock/U0/inst_fifo_gen/gconvfifo.rf/grf.rf/rstblk/rd_clk
    SLICE_X5Y34          FDPE                                         r  u_sys_monitor/u_run_2_uart_clock/U0/inst_fifo_gen/gconvfifo.rf/grf.rf/rstblk/ngwrdrst.grst.g7serrst.gnsckt_wrst.gic_rst.sckt_rd_rst_ic_reg/C
                         clock pessimism             -0.500     1.545    
    SLICE_X5Y34          FDPE (Remov_fdpe_C_PRE)     -0.149     1.396    u_sys_monitor/u_run_2_uart_clock/U0/inst_fifo_gen/gconvfifo.rf/grf.rf/rstblk/ngwrdrst.grst.g7serrst.gnsckt_wrst.gic_rst.sckt_rd_rst_ic_reg
  -------------------------------------------------------------------
                         required time                         -1.396    
                         arrival time                           1.837    
  -------------------------------------------------------------------
                         slack                                  0.441    

Slack (MET) :             0.455ns  (arrival time - required time)
  Source:                 u_sys_monitor/u_u2r_cmd_convert/U0/inst_fifo_gen/gconvfifo.rf/grf.rf/rstblk/grstd1.grst_full.grst_f.rst_d2_reg/C
                            (rising edge-triggered cell FDPE clocked by clk_i  {rise@0.000ns fall@10.000ns period=20.000ns})
  Destination:            u_sys_monitor/u_u2r_cmd_convert/U0/inst_fifo_gen/gconvfifo.rf/grf.rf/gntv_or_sync_fifo.gl0.wr/gwas.wsts/ram_full_fb_i_reg/PRE
                            (removal check against rising-edge clock clk_i  {rise@0.000ns fall@10.000ns period=20.000ns})
  Path Group:             **async_default**
  Path Type:              Removal (Min at Fast Process Corner)
  Requirement:            0.000ns  (clk_i rise@0.000ns - clk_i rise@0.000ns)
  Data Path Delay:        0.320ns  (logic 0.128ns (39.948%)  route 0.192ns (60.052%))
  Logic Levels:           0  
  Clock Path Skew:        0.014ns (DCD - SCD - CPR)
    Destination Clock Delay (DCD):    2.027ns
    Source Clock Delay      (SCD):    1.513ns
    Clock Pessimism Removal (CPR):    0.500ns

    Location             Delay type                Incr(ns)  Path(ns)    Netlist Resource(s)
  -------------------------------------------------------------------    -------------------
                         (clock clk_i rise edge)      0.000     0.000 r  
    U18                                               0.000     0.000 r  clk_i (IN)
                         net (fo=0)                   0.000     0.000    clk_i
    U18                  IBUF (Prop_ibuf_I_O)         0.297     0.297 r  clk_i_IBUF_inst/O
                         net (fo=1, routed)           0.627     0.925    clk_i_IBUF
    BUFGCTRL_X0Y0        BUFG (Prop_bufg_I_O)         0.026     0.951 r  clk_i_IBUF_BUFG_inst/O
                         net (fo=217, routed)         0.563     1.513    u_sys_monitor/u_u2r_cmd_convert/U0/inst_fifo_gen/gconvfifo.rf/grf.rf/rstblk/wr_clk
    SLICE_X13Y37         FDPE                                         r  u_sys_monitor/u_u2r_cmd_convert/U0/inst_fifo_gen/gconvfifo.rf/grf.rf/rstblk/grstd1.grst_full.grst_f.rst_d2_reg/C
  -------------------------------------------------------------------    -------------------
    SLICE_X13Y37         FDPE (Prop_fdpe_C_Q)         0.128     1.641 f  u_sys_monitor/u_u2r_cmd_convert/U0/inst_fifo_gen/gconvfifo.rf/grf.rf/rstblk/grstd1.grst_full.grst_f.rst_d2_reg/Q
                         net (fo=3, routed)           0.192     1.834    u_sys_monitor/u_u2r_cmd_convert/U0/inst_fifo_gen/gconvfifo.rf/grf.rf/gntv_or_sync_fifo.gl0.wr/gwas.wsts/out
    SLICE_X13Y35         FDPE                                         f  u_sys_monitor/u_u2r_cmd_convert/U0/inst_fifo_gen/gconvfifo.rf/grf.rf/gntv_or_sync_fifo.gl0.wr/gwas.wsts/ram_full_fb_i_reg/PRE
  -------------------------------------------------------------------    -------------------

                         (clock clk_i rise edge)      0.000     0.000 r  
    U18                                               0.000     0.000 r  clk_i (IN)
                         net (fo=0)                   0.000     0.000    clk_i
    U18                  IBUF (Prop_ibuf_I_O)         0.486     0.486 r  clk_i_IBUF_inst/O
                         net (fo=1, routed)           0.683     1.169    clk_i_IBUF
    BUFGCTRL_X0Y0        BUFG (Prop_bufg_I_O)         0.029     1.198 r  clk_i_IBUF_BUFG_inst/O
                         net (fo=217, routed)         0.829     2.027    u_sys_monitor/u_u2r_cmd_convert/U0/inst_fifo_gen/gconvfifo.rf/grf.rf/gntv_or_sync_fifo.gl0.wr/gwas.wsts/wr_clk
    SLICE_X13Y35         FDPE                                         r  u_sys_monitor/u_u2r_cmd_convert/U0/inst_fifo_gen/gconvfifo.rf/grf.rf/gntv_or_sync_fifo.gl0.wr/gwas.wsts/ram_full_fb_i_reg/C
                         clock pessimism             -0.500     1.527    
    SLICE_X13Y35         FDPE (Remov_fdpe_C_PRE)     -0.149     1.378    u_sys_monitor/u_u2r_cmd_convert/U0/inst_fifo_gen/gconvfifo.rf/grf.rf/gntv_or_sync_fifo.gl0.wr/gwas.wsts/ram_full_fb_i_reg
  -------------------------------------------------------------------
                         required time                         -1.378    
                         arrival time                           1.834    
  -------------------------------------------------------------------
                         slack                                  0.455    

Slack (MET) :             0.455ns  (arrival time - required time)
  Source:                 u_sys_monitor/u_u2r_cmd_convert/U0/inst_fifo_gen/gconvfifo.rf/grf.rf/rstblk/grstd1.grst_full.grst_f.rst_d2_reg/C
                            (rising edge-triggered cell FDPE clocked by clk_i  {rise@0.000ns fall@10.000ns period=20.000ns})
  Destination:            u_sys_monitor/u_u2r_cmd_convert/U0/inst_fifo_gen/gconvfifo.rf/grf.rf/gntv_or_sync_fifo.gl0.wr/gwas.wsts/ram_full_i_reg/PRE
                            (removal check against rising-edge clock clk_i  {rise@0.000ns fall@10.000ns period=20.000ns})
  Path Group:             **async_default**
  Path Type:              Removal (Min at Fast Process Corner)
  Requirement:            0.000ns  (clk_i rise@0.000ns - clk_i rise@0.000ns)
  Data Path Delay:        0.320ns  (logic 0.128ns (39.948%)  route 0.192ns (60.052%))
  Logic Levels:           0  
  Clock Path Skew:        0.014ns (DCD - SCD - CPR)
    Destination Clock Delay (DCD):    2.027ns
    Source Clock Delay      (SCD):    1.513ns
    Clock Pessimism Removal (CPR):    0.500ns

    Location             Delay type                Incr(ns)  Path(ns)    Netlist Resource(s)
  -------------------------------------------------------------------    -------------------
                         (clock clk_i rise edge)      0.000     0.000 r  
    U18                                               0.000     0.000 r  clk_i (IN)
                         net (fo=0)                   0.000     0.000    clk_i
    U18                  IBUF (Prop_ibuf_I_O)         0.297     0.297 r  clk_i_IBUF_inst/O
                         net (fo=1, routed)           0.627     0.925    clk_i_IBUF
    BUFGCTRL_X0Y0        BUFG (Prop_bufg_I_O)         0.026     0.951 r  clk_i_IBUF_BUFG_inst/O
                         net (fo=217, routed)         0.563     1.513    u_sys_monitor/u_u2r_cmd_convert/U0/inst_fifo_gen/gconvfifo.rf/grf.rf/rstblk/wr_clk
    SLICE_X13Y37         FDPE                                         r  u_sys_monitor/u_u2r_cmd_convert/U0/inst_fifo_gen/gconvfifo.rf/grf.rf/rstblk/grstd1.grst_full.grst_f.rst_d2_reg/C
  -------------------------------------------------------------------    -------------------
    SLICE_X13Y37         FDPE (Prop_fdpe_C_Q)         0.128     1.641 f  u_sys_monitor/u_u2r_cmd_convert/U0/inst_fifo_gen/gconvfifo.rf/grf.rf/rstblk/grstd1.grst_full.grst_f.rst_d2_reg/Q
                         net (fo=3, routed)           0.192     1.834    u_sys_monitor/u_u2r_cmd_convert/U0/inst_fifo_gen/gconvfifo.rf/grf.rf/gntv_or_sync_fifo.gl0.wr/gwas.wsts/out
    SLICE_X13Y35         FDPE                                         f  u_sys_monitor/u_u2r_cmd_convert/U0/inst_fifo_gen/gconvfifo.rf/grf.rf/gntv_or_sync_fifo.gl0.wr/gwas.wsts/ram_full_i_reg/PRE
  -------------------------------------------------------------------    -------------------

                         (clock clk_i rise edge)      0.000     0.000 r  
    U18                                               0.000     0.000 r  clk_i (IN)
                         net (fo=0)                   0.000     0.000    clk_i
    U18                  IBUF (Prop_ibuf_I_O)         0.486     0.486 r  clk_i_IBUF_inst/O
                         net (fo=1, routed)           0.683     1.169    clk_i_IBUF
    BUFGCTRL_X0Y0        BUFG (Prop_bufg_I_O)         0.029     1.198 r  clk_i_IBUF_BUFG_inst/O
                         net (fo=217, routed)         0.829     2.027    u_sys_monitor/u_u2r_cmd_convert/U0/inst_fifo_gen/gconvfifo.rf/grf.rf/gntv_or_sync_fifo.gl0.wr/gwas.wsts/wr_clk
    SLICE_X13Y35         FDPE                                         r  u_sys_monitor/u_u2r_cmd_convert/U0/inst_fifo_gen/gconvfifo.rf/grf.rf/gntv_or_sync_fifo.gl0.wr/gwas.wsts/ram_full_i_reg/C
                         clock pessimism             -0.500     1.527    
    SLICE_X13Y35         FDPE (Remov_fdpe_C_PRE)     -0.149     1.378    u_sys_monitor/u_u2r_cmd_convert/U0/inst_fifo_gen/gconvfifo.rf/grf.rf/gntv_or_sync_fifo.gl0.wr/gwas.wsts/ram_full_i_reg
  -------------------------------------------------------------------
                         required time                         -1.378    
                         arrival time                           1.834    
  -------------------------------------------------------------------
                         slack                                  0.455    

Slack (MET) :             0.481ns  (arrival time - required time)
  Source:                 u_sys_monitor/u_u2r_cmd_convert/U0/inst_fifo_gen/gconvfifo.rf/grf.rf/rstblk/ngwrdrst.grst.g7serrst.gnsckt_wrst.rst_wr_reg2_inst/arststages_ff_reg[1]/C
                            (rising edge-triggered cell FDPE clocked by clk_i  {rise@0.000ns fall@10.000ns period=20.000ns})
  Destination:            u_sys_monitor/u_u2r_cmd_convert/U0/inst_fifo_gen/gconvfifo.rf/grf.rf/rstblk/ngwrdrst.grst.g7serrst.gnsckt_wrst.gic_rst.rd_rst_wr_ext_reg[0]/CLR
                            (removal check against rising-edge clock clk_i  {rise@0.000ns fall@10.000ns period=20.000ns})
  Path Group:             **async_default**
  Path Type:              Removal (Min at Fast Process Corner)
  Requirement:            0.000ns  (clk_i rise@0.000ns - clk_i rise@0.000ns)
  Data Path Delay:        0.349ns  (logic 0.148ns (42.392%)  route 0.201ns (57.608%))
  Logic Levels:           0  
  Clock Path Skew:        0.013ns (DCD - SCD - CPR)
    Destination Clock Delay (DCD):    2.028ns
    Source Clock Delay      (SCD):    1.513ns
    Clock Pessimism Removal (CPR):    0.502ns

    Location             Delay type                Incr(ns)  Path(ns)    Netlist Resource(s)
  -------------------------------------------------------------------    -------------------
                         (clock clk_i rise edge)      0.000     0.000 r  
    U18                                               0.000     0.000 r  clk_i (IN)
                         net (fo=0)                   0.000     0.000    clk_i
    U18                  IBUF (Prop_ibuf_I_O)         0.297     0.297 r  clk_i_IBUF_inst/O
                         net (fo=1, routed)           0.627     0.925    clk_i_IBUF
    BUFGCTRL_X0Y0        BUFG (Prop_bufg_I_O)         0.026     0.951 r  clk_i_IBUF_BUFG_inst/O
                         net (fo=217, routed)         0.563     1.513    u_sys_monitor/u_u2r_cmd_convert/U0/inst_fifo_gen/gconvfifo.rf/grf.rf/rstblk/ngwrdrst.grst.g7serrst.gnsckt_wrst.rst_wr_reg2_inst/dest_clk
    SLICE_X12Y37         FDPE                                         r  u_sys_monitor/u_u2r_cmd_convert/U0/inst_fifo_gen/gconvfifo.rf/grf.rf/rstblk/ngwrdrst.grst.g7serrst.gnsckt_wrst.rst_wr_reg2_inst/arststages_ff_reg[1]/C
  -------------------------------------------------------------------    -------------------
    SLICE_X12Y37         FDPE (Prop_fdpe_C_Q)         0.148     1.661 f  u_sys_monitor/u_u2r_cmd_convert/U0/inst_fifo_gen/gconvfifo.rf/grf.rf/rstblk/ngwrdrst.grst.g7serrst.gnsckt_wrst.rst_wr_reg2_inst/arststages_ff_reg[1]/Q
                         net (fo=9, routed)           0.201     1.862    u_sys_monitor/u_u2r_cmd_convert/U0/inst_fifo_gen/gconvfifo.rf/grf.rf/rstblk/rst_wr_reg2
    SLICE_X13Y37         FDCE                                         f  u_sys_monitor/u_u2r_cmd_convert/U0/inst_fifo_gen/gconvfifo.rf/grf.rf/rstblk/ngwrdrst.grst.g7serrst.gnsckt_wrst.gic_rst.rd_rst_wr_ext_reg[0]/CLR
  -------------------------------------------------------------------    -------------------

                         (clock clk_i rise edge)      0.000     0.000 r  
    U18                                               0.000     0.000 r  clk_i (IN)
                         net (fo=0)                   0.000     0.000    clk_i
    U18                  IBUF (Prop_ibuf_I_O)         0.486     0.486 r  clk_i_IBUF_inst/O
                         net (fo=1, routed)           0.683     1.169    clk_i_IBUF
    BUFGCTRL_X0Y0        BUFG (Prop_bufg_I_O)         0.029     1.198 r  clk_i_IBUF_BUFG_inst/O
                         net (fo=217, routed)         0.830     2.028    u_sys_monitor/u_u2r_cmd_convert/U0/inst_fifo_gen/gconvfifo.rf/grf.rf/rstblk/wr_clk
    SLICE_X13Y37         FDCE                                         r  u_sys_monitor/u_u2r_cmd_convert/U0/inst_fifo_gen/gconvfifo.rf/grf.rf/rstblk/ngwrdrst.grst.g7serrst.gnsckt_wrst.gic_rst.rd_rst_wr_ext_reg[0]/C
                         clock pessimism             -0.502     1.526    
    SLICE_X13Y37         FDCE (Remov_fdce_C_CLR)     -0.145     1.381    u_sys_monitor/u_u2r_cmd_convert/U0/inst_fifo_gen/gconvfifo.rf/grf.rf/rstblk/ngwrdrst.grst.g7serrst.gnsckt_wrst.gic_rst.rd_rst_wr_ext_reg[0]
  -------------------------------------------------------------------
                         required time                         -1.381    
                         arrival time                           1.862    
  -------------------------------------------------------------------
                         slack                                  0.481    

Slack (MET) :             0.481ns  (arrival time - required time)
  Source:                 u_sys_monitor/u_u2r_cmd_convert/U0/inst_fifo_gen/gconvfifo.rf/grf.rf/rstblk/ngwrdrst.grst.g7serrst.gnsckt_wrst.rst_wr_reg2_inst/arststages_ff_reg[1]/C
                            (rising edge-triggered cell FDPE clocked by clk_i  {rise@0.000ns fall@10.000ns period=20.000ns})
  Destination:            u_sys_monitor/u_u2r_cmd_convert/U0/inst_fifo_gen/gconvfifo.rf/grf.rf/rstblk/ngwrdrst.grst.g7serrst.gnsckt_wrst.gic_rst.rd_rst_wr_ext_reg[1]/CLR
                            (removal check against rising-edge clock clk_i  {rise@0.000ns fall@10.000ns period=20.000ns})
  Path Group:             **async_default**
  Path Type:              Removal (Min at Fast Process Corner)
  Requirement:            0.000ns  (clk_i rise@0.000ns - clk_i rise@0.000ns)
  Data Path Delay:        0.349ns  (logic 0.148ns (42.392%)  route 0.201ns (57.608%))
  Logic Levels:           0  
  Clock Path Skew:        0.013ns (DCD - SCD - CPR)
    Destination Clock Delay (DCD):    2.028ns
    Source Clock Delay      (SCD):    1.513ns
    Clock Pessimism Removal (CPR):    0.502ns

    Location             Delay type                Incr(ns)  Path(ns)    Netlist Resource(s)
  -------------------------------------------------------------------    -------------------
                         (clock clk_i rise edge)      0.000     0.000 r  
    U18                                               0.000     0.000 r  clk_i (IN)
                         net (fo=0)                   0.000     0.000    clk_i
    U18                  IBUF (Prop_ibuf_I_O)         0.297     0.297 r  clk_i_IBUF_inst/O
                         net (fo=1, routed)           0.627     0.925    clk_i_IBUF
    BUFGCTRL_X0Y0        BUFG (Prop_bufg_I_O)         0.026     0.951 r  clk_i_IBUF_BUFG_inst/O
                         net (fo=217, routed)         0.563     1.513    u_sys_monitor/u_u2r_cmd_convert/U0/inst_fifo_gen/gconvfifo.rf/grf.rf/rstblk/ngwrdrst.grst.g7serrst.gnsckt_wrst.rst_wr_reg2_inst/dest_clk
    SLICE_X12Y37         FDPE                                         r  u_sys_monitor/u_u2r_cmd_convert/U0/inst_fifo_gen/gconvfifo.rf/grf.rf/rstblk/ngwrdrst.grst.g7serrst.gnsckt_wrst.rst_wr_reg2_inst/arststages_ff_reg[1]/C
  -------------------------------------------------------------------    -------------------
    SLICE_X12Y37         FDPE (Prop_fdpe_C_Q)         0.148     1.661 f  u_sys_monitor/u_u2r_cmd_convert/U0/inst_fifo_gen/gconvfifo.rf/grf.rf/rstblk/ngwrdrst.grst.g7serrst.gnsckt_wrst.rst_wr_reg2_inst/arststages_ff_reg[1]/Q
                         net (fo=9, routed)           0.201     1.862    u_sys_monitor/u_u2r_cmd_convert/U0/inst_fifo_gen/gconvfifo.rf/grf.rf/rstblk/rst_wr_reg2
    SLICE_X13Y37         FDCE                                         f  u_sys_monitor/u_u2r_cmd_convert/U0/inst_fifo_gen/gconvfifo.rf/grf.rf/rstblk/ngwrdrst.grst.g7serrst.gnsckt_wrst.gic_rst.rd_rst_wr_ext_reg[1]/CLR
  -------------------------------------------------------------------    -------------------

                         (clock clk_i rise edge)      0.000     0.000 r  
    U18                                               0.000     0.000 r  clk_i (IN)
                         net (fo=0)                   0.000     0.000    clk_i
    U18                  IBUF (Prop_ibuf_I_O)         0.486     0.486 r  clk_i_IBUF_inst/O
                         net (fo=1, routed)           0.683     1.169    clk_i_IBUF
    BUFGCTRL_X0Y0        BUFG (Prop_bufg_I_O)         0.029     1.198 r  clk_i_IBUF_BUFG_inst/O
                         net (fo=217, routed)         0.830     2.028    u_sys_monitor/u_u2r_cmd_convert/U0/inst_fifo_gen/gconvfifo.rf/grf.rf/rstblk/wr_clk
    SLICE_X13Y37         FDCE                                         r  u_sys_monitor/u_u2r_cmd_convert/U0/inst_fifo_gen/gconvfifo.rf/grf.rf/rstblk/ngwrdrst.grst.g7serrst.gnsckt_wrst.gic_rst.rd_rst_wr_ext_reg[1]/C
                         clock pessimism             -0.502     1.526    
    SLICE_X13Y37         FDCE (Remov_fdce_C_CLR)     -0.145     1.381    u_sys_monitor/u_u2r_cmd_convert/U0/inst_fifo_gen/gconvfifo.rf/grf.rf/rstblk/ngwrdrst.grst.g7serrst.gnsckt_wrst.gic_rst.rd_rst_wr_ext_reg[1]
  -------------------------------------------------------------------
                         required time                         -1.381    
                         arrival time                           1.862    
  -------------------------------------------------------------------
                         slack                                  0.481    

Slack (MET) :             0.481ns  (arrival time - required time)
  Source:                 u_sys_monitor/u_u2r_cmd_convert/U0/inst_fifo_gen/gconvfifo.rf/grf.rf/rstblk/ngwrdrst.grst.g7serrst.gnsckt_wrst.rst_wr_reg2_inst/arststages_ff_reg[1]/C
                            (rising edge-triggered cell FDPE clocked by clk_i  {rise@0.000ns fall@10.000ns period=20.000ns})
  Destination:            u_sys_monitor/u_u2r_cmd_convert/U0/inst_fifo_gen/gconvfifo.rf/grf.rf/rstblk/ngwrdrst.grst.g7serrst.gnsckt_wrst.gic_rst.rd_rst_wr_ext_reg[2]/CLR
                            (removal check against rising-edge clock clk_i  {rise@0.000ns fall@10.000ns period=20.000ns})
  Path Group:             **async_default**
  Path Type:              Removal (Min at Fast Process Corner)
  Requirement:            0.000ns  (clk_i rise@0.000ns - clk_i rise@0.000ns)
  Data Path Delay:        0.349ns  (logic 0.148ns (42.392%)  route 0.201ns (57.608%))
  Logic Levels:           0  
  Clock Path Skew:        0.013ns (DCD - SCD - CPR)
    Destination Clock Delay (DCD):    2.028ns
    Source Clock Delay      (SCD):    1.513ns
    Clock Pessimism Removal (CPR):    0.502ns

    Location             Delay type                Incr(ns)  Path(ns)    Netlist Resource(s)
  -------------------------------------------------------------------    -------------------
                         (clock clk_i rise edge)      0.000     0.000 r  
    U18                                               0.000     0.000 r  clk_i (IN)
                         net (fo=0)                   0.000     0.000    clk_i
    U18                  IBUF (Prop_ibuf_I_O)         0.297     0.297 r  clk_i_IBUF_inst/O
                         net (fo=1, routed)           0.627     0.925    clk_i_IBUF
    BUFGCTRL_X0Y0        BUFG (Prop_bufg_I_O)         0.026     0.951 r  clk_i_IBUF_BUFG_inst/O
                         net (fo=217, routed)         0.563     1.513    u_sys_monitor/u_u2r_cmd_convert/U0/inst_fifo_gen/gconvfifo.rf/grf.rf/rstblk/ngwrdrst.grst.g7serrst.gnsckt_wrst.rst_wr_reg2_inst/dest_clk
    SLICE_X12Y37         FDPE                                         r  u_sys_monitor/u_u2r_cmd_convert/U0/inst_fifo_gen/gconvfifo.rf/grf.rf/rstblk/ngwrdrst.grst.g7serrst.gnsckt_wrst.rst_wr_reg2_inst/arststages_ff_reg[1]/C
  -------------------------------------------------------------------    -------------------
    SLICE_X12Y37         FDPE (Prop_fdpe_C_Q)         0.148     1.661 f  u_sys_monitor/u_u2r_cmd_convert/U0/inst_fifo_gen/gconvfifo.rf/grf.rf/rstblk/ngwrdrst.grst.g7serrst.gnsckt_wrst.rst_wr_reg2_inst/arststages_ff_reg[1]/Q
                         net (fo=9, routed)           0.201     1.862    u_sys_monitor/u_u2r_cmd_convert/U0/inst_fifo_gen/gconvfifo.rf/grf.rf/rstblk/rst_wr_reg2
    SLICE_X13Y37         FDCE                                         f  u_sys_monitor/u_u2r_cmd_convert/U0/inst_fifo_gen/gconvfifo.rf/grf.rf/rstblk/ngwrdrst.grst.g7serrst.gnsckt_wrst.gic_rst.rd_rst_wr_ext_reg[2]/CLR
  -------------------------------------------------------------------    -------------------

                         (clock clk_i rise edge)      0.000     0.000 r  
    U18                                               0.000     0.000 r  clk_i (IN)
                         net (fo=0)                   0.000     0.000    clk_i
    U18                  IBUF (Prop_ibuf_I_O)         0.486     0.486 r  clk_i_IBUF_inst/O
                         net (fo=1, routed)           0.683     1.169    clk_i_IBUF
    BUFGCTRL_X0Y0        BUFG (Prop_bufg_I_O)         0.029     1.198 r  clk_i_IBUF_BUFG_inst/O
                         net (fo=217, routed)         0.830     2.028    u_sys_monitor/u_u2r_cmd_convert/U0/inst_fifo_gen/gconvfifo.rf/grf.rf/rstblk/wr_clk
    SLICE_X13Y37         FDCE                                         r  u_sys_monitor/u_u2r_cmd_convert/U0/inst_fifo_gen/gconvfifo.rf/grf.rf/rstblk/ngwrdrst.grst.g7serrst.gnsckt_wrst.gic_rst.rd_rst_wr_ext_reg[2]/C
                         clock pessimism             -0.502     1.526    
    SLICE_X13Y37         FDCE (Remov_fdce_C_CLR)     -0.145     1.381    u_sys_monitor/u_u2r_cmd_convert/U0/inst_fifo_gen/gconvfifo.rf/grf.rf/rstblk/ngwrdrst.grst.g7serrst.gnsckt_wrst.gic_rst.rd_rst_wr_ext_reg[2]
  -------------------------------------------------------------------
                         required time                         -1.381    
                         arrival time                           1.862    
  -------------------------------------------------------------------
                         slack                                  0.481    

Slack (MET) :             0.481ns  (arrival time - required time)
  Source:                 u_sys_monitor/u_u2r_cmd_convert/U0/inst_fifo_gen/gconvfifo.rf/grf.rf/rstblk/ngwrdrst.grst.g7serrst.gnsckt_wrst.rst_wr_reg2_inst/arststages_ff_reg[1]/C
                            (rising edge-triggered cell FDPE clocked by clk_i  {rise@0.000ns fall@10.000ns period=20.000ns})
  Destination:            u_sys_monitor/u_u2r_cmd_convert/U0/inst_fifo_gen/gconvfifo.rf/grf.rf/rstblk/ngwrdrst.grst.g7serrst.gnsckt_wrst.gic_rst.rd_rst_wr_ext_reg[3]/CLR
                            (removal check against rising-edge clock clk_i  {rise@0.000ns fall@10.000ns period=20.000ns})
  Path Group:             **async_default**
  Path Type:              Removal (Min at Fast Process Corner)
  Requirement:            0.000ns  (clk_i rise@0.000ns - clk_i rise@0.000ns)
  Data Path Delay:        0.349ns  (logic 0.148ns (42.392%)  route 0.201ns (57.608%))
  Logic Levels:           0  
  Clock Path Skew:        0.013ns (DCD - SCD - CPR)
    Destination Clock Delay (DCD):    2.028ns
    Source Clock Delay      (SCD):    1.513ns
    Clock Pessimism Removal (CPR):    0.502ns

    Location             Delay type                Incr(ns)  Path(ns)    Netlist Resource(s)
  -------------------------------------------------------------------    -------------------
                         (clock clk_i rise edge)      0.000     0.000 r  
    U18                                               0.000     0.000 r  clk_i (IN)
                         net (fo=0)                   0.000     0.000    clk_i
    U18                  IBUF (Prop_ibuf_I_O)         0.297     0.297 r  clk_i_IBUF_inst/O
                         net (fo=1, routed)           0.627     0.925    clk_i_IBUF
    BUFGCTRL_X0Y0        BUFG (Prop_bufg_I_O)         0.026     0.951 r  clk_i_IBUF_BUFG_inst/O
                         net (fo=217, routed)         0.563     1.513    u_sys_monitor/u_u2r_cmd_convert/U0/inst_fifo_gen/gconvfifo.rf/grf.rf/rstblk/ngwrdrst.grst.g7serrst.gnsckt_wrst.rst_wr_reg2_inst/dest_clk
    SLICE_X12Y37         FDPE                                         r  u_sys_monitor/u_u2r_cmd_convert/U0/inst_fifo_gen/gconvfifo.rf/grf.rf/rstblk/ngwrdrst.grst.g7serrst.gnsckt_wrst.rst_wr_reg2_inst/arststages_ff_reg[1]/C
  -------------------------------------------------------------------    -------------------
    SLICE_X12Y37         FDPE (Prop_fdpe_C_Q)         0.148     1.661 f  u_sys_monitor/u_u2r_cmd_convert/U0/inst_fifo_gen/gconvfifo.rf/grf.rf/rstblk/ngwrdrst.grst.g7serrst.gnsckt_wrst.rst_wr_reg2_inst/arststages_ff_reg[1]/Q
                         net (fo=9, routed)           0.201     1.862    u_sys_monitor/u_u2r_cmd_convert/U0/inst_fifo_gen/gconvfifo.rf/grf.rf/rstblk/rst_wr_reg2
    SLICE_X13Y37         FDCE                                         f  u_sys_monitor/u_u2r_cmd_convert/U0/inst_fifo_gen/gconvfifo.rf/grf.rf/rstblk/ngwrdrst.grst.g7serrst.gnsckt_wrst.gic_rst.rd_rst_wr_ext_reg[3]/CLR
  -------------------------------------------------------------------    -------------------

                         (clock clk_i rise edge)      0.000     0.000 r  
    U18                                               0.000     0.000 r  clk_i (IN)
                         net (fo=0)                   0.000     0.000    clk_i
    U18                  IBUF (Prop_ibuf_I_O)         0.486     0.486 r  clk_i_IBUF_inst/O
                         net (fo=1, routed)           0.683     1.169    clk_i_IBUF
    BUFGCTRL_X0Y0        BUFG (Prop_bufg_I_O)         0.029     1.198 r  clk_i_IBUF_BUFG_inst/O
                         net (fo=217, routed)         0.830     2.028    u_sys_monitor/u_u2r_cmd_convert/U0/inst_fifo_gen/gconvfifo.rf/grf.rf/rstblk/wr_clk
    SLICE_X13Y37         FDCE                                         r  u_sys_monitor/u_u2r_cmd_convert/U0/inst_fifo_gen/gconvfifo.rf/grf.rf/rstblk/ngwrdrst.grst.g7serrst.gnsckt_wrst.gic_rst.rd_rst_wr_ext_reg[3]/C
                         clock pessimism             -0.502     1.526    
    SLICE_X13Y37         FDCE (Remov_fdce_C_CLR)     -0.145     1.381    u_sys_monitor/u_u2r_cmd_convert/U0/inst_fifo_gen/gconvfifo.rf/grf.rf/rstblk/ngwrdrst.grst.g7serrst.gnsckt_wrst.gic_rst.rd_rst_wr_ext_reg[3]
  -------------------------------------------------------------------
                         required time                         -1.381    
                         arrival time                           1.862    
  -------------------------------------------------------------------
                         slack                                  0.481    

Slack (MET) :             0.484ns  (arrival time - required time)
  Source:                 u_sys_monitor/u_u2r_cmd_convert/U0/inst_fifo_gen/gconvfifo.rf/grf.rf/rstblk/ngwrdrst.grst.g7serrst.gnsckt_wrst.rst_wr_reg2_inst/arststages_ff_reg[1]/C
                            (rising edge-triggered cell FDPE clocked by clk_i  {rise@0.000ns fall@10.000ns period=20.000ns})
  Destination:            u_sys_monitor/u_u2r_cmd_convert/U0/inst_fifo_gen/gconvfifo.rf/grf.rf/rstblk/grstd1.grst_full.grst_f.rst_d1_reg/PRE
                            (removal check against rising-edge clock clk_i  {rise@0.000ns fall@10.000ns period=20.000ns})
  Path Group:             **async_default**
  Path Type:              Removal (Min at Fast Process Corner)
  Requirement:            0.000ns  (clk_i rise@0.000ns - clk_i rise@0.000ns)
  Data Path Delay:        0.349ns  (logic 0.148ns (42.392%)  route 0.201ns (57.608%))
  Logic Levels:           0  
  Clock Path Skew:        0.013ns (DCD - SCD - CPR)
    Destination Clock Delay (DCD):    2.028ns
    Source Clock Delay      (SCD):    1.513ns
    Clock Pessimism Removal (CPR):    0.502ns

    Location             Delay type                Incr(ns)  Path(ns)    Netlist Resource(s)
  -------------------------------------------------------------------    -------------------
                         (clock clk_i rise edge)      0.000     0.000 r  
    U18                                               0.000     0.000 r  clk_i (IN)
                         net (fo=0)                   0.000     0.000    clk_i
    U18                  IBUF (Prop_ibuf_I_O)         0.297     0.297 r  clk_i_IBUF_inst/O
                         net (fo=1, routed)           0.627     0.925    clk_i_IBUF
    BUFGCTRL_X0Y0        BUFG (Prop_bufg_I_O)         0.026     0.951 r  clk_i_IBUF_BUFG_inst/O
                         net (fo=217, routed)         0.563     1.513    u_sys_monitor/u_u2r_cmd_convert/U0/inst_fifo_gen/gconvfifo.rf/grf.rf/rstblk/ngwrdrst.grst.g7serrst.gnsckt_wrst.rst_wr_reg2_inst/dest_clk
    SLICE_X12Y37         FDPE                                         r  u_sys_monitor/u_u2r_cmd_convert/U0/inst_fifo_gen/gconvfifo.rf/grf.rf/rstblk/ngwrdrst.grst.g7serrst.gnsckt_wrst.rst_wr_reg2_inst/arststages_ff_reg[1]/C
  -------------------------------------------------------------------    -------------------
    SLICE_X12Y37         FDPE (Prop_fdpe_C_Q)         0.148     1.661 f  u_sys_monitor/u_u2r_cmd_convert/U0/inst_fifo_gen/gconvfifo.rf/grf.rf/rstblk/ngwrdrst.grst.g7serrst.gnsckt_wrst.rst_wr_reg2_inst/arststages_ff_reg[1]/Q
                         net (fo=9, routed)           0.201     1.862    u_sys_monitor/u_u2r_cmd_convert/U0/inst_fifo_gen/gconvfifo.rf/grf.rf/rstblk/rst_wr_reg2
    SLICE_X13Y37         FDPE                                         f  u_sys_monitor/u_u2r_cmd_convert/U0/inst_fifo_gen/gconvfifo.rf/grf.rf/rstblk/grstd1.grst_full.grst_f.rst_d1_reg/PRE
  -------------------------------------------------------------------    -------------------

                         (clock clk_i rise edge)      0.000     0.000 r  
    U18                                               0.000     0.000 r  clk_i (IN)
                         net (fo=0)                   0.000     0.000    clk_i
    U18                  IBUF (Prop_ibuf_I_O)         0.486     0.486 r  clk_i_IBUF_inst/O
                         net (fo=1, routed)           0.683     1.169    clk_i_IBUF
    BUFGCTRL_X0Y0        BUFG (Prop_bufg_I_O)         0.029     1.198 r  clk_i_IBUF_BUFG_inst/O
                         net (fo=217, routed)         0.830     2.028    u_sys_monitor/u_u2r_cmd_convert/U0/inst_fifo_gen/gconvfifo.rf/grf.rf/rstblk/wr_clk
    SLICE_X13Y37         FDPE                                         r  u_sys_monitor/u_u2r_cmd_convert/U0/inst_fifo_gen/gconvfifo.rf/grf.rf/rstblk/grstd1.grst_full.grst_f.rst_d1_reg/C
                         clock pessimism             -0.502     1.526    
    SLICE_X13Y37         FDPE (Remov_fdpe_C_PRE)     -0.148     1.378    u_sys_monitor/u_u2r_cmd_convert/U0/inst_fifo_gen/gconvfifo.rf/grf.rf/rstblk/grstd1.grst_full.grst_f.rst_d1_reg
  -------------------------------------------------------------------
                         required time                         -1.378    
                         arrival time                           1.862    
  -------------------------------------------------------------------
                         slack                                  0.484    





---------------------------------------------------------------------------------------------------
Path Group:  **default**
From Clock:  clk_i
  To Clock:  

Setup :            0  Failing Endpoints,  Worst Slack       18.837ns,  Total Violation        0.000ns
Hold  :           NA  Failing Endpoints,  Worst Slack           NA  ,  Total Violation           NA
---------------------------------------------------------------------------------------------------


Max Delay Paths
--------------------------------------------------------------------------------------
Slack (MET) :             18.837ns  (required time - arrival time)
  Source:                 u_sys_monitor/u_u2r_cmd_convert/U0/inst_fifo_gen/gconvfifo.rf/grf.rf/gntv_or_sync_fifo.gcx.clkx/wr_pntr_cdc_inst/src_gray_ff_reg[3]/C
                            (rising edge-triggered cell FDRE clocked by clk_i  {rise@0.000ns fall@10.000ns period=20.000ns})
  Destination:            u_sys_monitor/u_u2r_cmd_convert/U0/inst_fifo_gen/gconvfifo.rf/grf.rf/gntv_or_sync_fifo.gcx.clkx/wr_pntr_cdc_inst/dest_graysync_ff_reg[0][3]/D
  Path Group:             **default**
  Path Type:              Setup (Max at Slow Process Corner)
  Requirement:            20.000ns  (MaxDelay Path 20.000ns)
  Data Path Delay:        0.939ns  (logic 0.478ns (50.914%)  route 0.461ns (49.086%))
  Logic Levels:           0  
  Timing Exception:       MaxDelay Path 20.000ns -datapath_only

    Location             Delay type                Incr(ns)  Path(ns)    Netlist Resource(s)
  -------------------------------------------------------------------    -------------------
    SLICE_X10Y36                                      0.000     0.000 r  u_sys_monitor/u_u2r_cmd_convert/U0/inst_fifo_gen/gconvfifo.rf/grf.rf/gntv_or_sync_fifo.gcx.clkx/wr_pntr_cdc_inst/src_gray_ff_reg[3]/C
    SLICE_X10Y36         FDRE (Prop_fdre_C_Q)         0.478     0.478 r  u_sys_monitor/u_u2r_cmd_convert/U0/inst_fifo_gen/gconvfifo.rf/grf.rf/gntv_or_sync_fifo.gcx.clkx/wr_pntr_cdc_inst/src_gray_ff_reg[3]/Q
                         net (fo=1, routed)           0.461     0.939    u_sys_monitor/u_u2r_cmd_convert/U0/inst_fifo_gen/gconvfifo.rf/grf.rf/gntv_or_sync_fifo.gcx.clkx/wr_pntr_cdc_inst/async_path[3]
    SLICE_X8Y36          FDRE                                         r  u_sys_monitor/u_u2r_cmd_convert/U0/inst_fifo_gen/gconvfifo.rf/grf.rf/gntv_or_sync_fifo.gcx.clkx/wr_pntr_cdc_inst/dest_graysync_ff_reg[0][3]/D
  -------------------------------------------------------------------    -------------------

                         max delay                   20.000    20.000    
    SLICE_X8Y36          FDRE (Setup_fdre_C_D)       -0.224    19.776    u_sys_monitor/u_u2r_cmd_convert/U0/inst_fifo_gen/gconvfifo.rf/grf.rf/gntv_or_sync_fifo.gcx.clkx/wr_pntr_cdc_inst/dest_graysync_ff_reg[0][3]
  -------------------------------------------------------------------
                         required time                         19.776    
                         arrival time                          -0.939    
  -------------------------------------------------------------------
                         slack                                 18.837    

Slack (MET) :             18.869ns  (required time - arrival time)
  Source:                 u_sys_monitor/u_run_2_uart_clock/U0/inst_fifo_gen/gconvfifo.rf/grf.rf/gntv_or_sync_fifo.gcx.clkx/rd_pntr_cdc_inst/src_gray_ff_reg[5]/C
                            (rising edge-triggered cell FDRE clocked by clk_i  {rise@0.000ns fall@10.000ns period=20.000ns})
  Destination:            u_sys_monitor/u_run_2_uart_clock/U0/inst_fifo_gen/gconvfifo.rf/grf.rf/gntv_or_sync_fifo.gcx.clkx/rd_pntr_cdc_inst/dest_graysync_ff_reg[0][5]/D
  Path Group:             **default**
  Path Type:              Setup (Max at Slow Process Corner)
  Requirement:            20.000ns  (MaxDelay Path 20.000ns)
  Data Path Delay:        0.863ns  (logic 0.419ns (48.555%)  route 0.444ns (51.445%))
  Logic Levels:           0  
  Timing Exception:       MaxDelay Path 20.000ns -datapath_only

    Location             Delay type                Incr(ns)  Path(ns)    Netlist Resource(s)
  -------------------------------------------------------------------    -------------------
    SLICE_X1Y34                                       0.000     0.000 r  u_sys_monitor/u_run_2_uart_clock/U0/inst_fifo_gen/gconvfifo.rf/grf.rf/gntv_or_sync_fifo.gcx.clkx/rd_pntr_cdc_inst/src_gray_ff_reg[5]/C
    SLICE_X1Y34          FDRE (Prop_fdre_C_Q)         0.419     0.419 r  u_sys_monitor/u_run_2_uart_clock/U0/inst_fifo_gen/gconvfifo.rf/grf.rf/gntv_or_sync_fifo.gcx.clkx/rd_pntr_cdc_inst/src_gray_ff_reg[5]/Q
                         net (fo=1, routed)           0.444     0.863    u_sys_monitor/u_run_2_uart_clock/U0/inst_fifo_gen/gconvfifo.rf/grf.rf/gntv_or_sync_fifo.gcx.clkx/rd_pntr_cdc_inst/async_path[5]
    SLICE_X2Y34          FDRE                                         r  u_sys_monitor/u_run_2_uart_clock/U0/inst_fifo_gen/gconvfifo.rf/grf.rf/gntv_or_sync_fifo.gcx.clkx/rd_pntr_cdc_inst/dest_graysync_ff_reg[0][5]/D
  -------------------------------------------------------------------    -------------------

                         max delay                   20.000    20.000    
    SLICE_X2Y34          FDRE (Setup_fdre_C_D)       -0.268    19.732    u_sys_monitor/u_run_2_uart_clock/U0/inst_fifo_gen/gconvfifo.rf/grf.rf/gntv_or_sync_fifo.gcx.clkx/rd_pntr_cdc_inst/dest_graysync_ff_reg[0][5]
  -------------------------------------------------------------------
                         required time                         19.732    
                         arrival time                          -0.863    
  -------------------------------------------------------------------
                         slack                                 18.869    

Slack (MET) :             18.907ns  (required time - arrival time)
  Source:                 u_sys_monitor/u_run_2_uart_clock/U0/inst_fifo_gen/gconvfifo.rf/grf.rf/gntv_or_sync_fifo.gcx.clkx/rd_pntr_cdc_inst/src_gray_ff_reg[3]/C
                            (rising edge-triggered cell FDRE clocked by clk_i  {rise@0.000ns fall@10.000ns period=20.000ns})
  Destination:            u_sys_monitor/u_run_2_uart_clock/U0/inst_fifo_gen/gconvfifo.rf/grf.rf/gntv_or_sync_fifo.gcx.clkx/rd_pntr_cdc_inst/dest_graysync_ff_reg[0][3]/D
  Path Group:             **default**
  Path Type:              Setup (Max at Slow Process Corner)
  Requirement:            20.000ns  (MaxDelay Path 20.000ns)
  Data Path Delay:        0.877ns  (logic 0.419ns (47.755%)  route 0.458ns (52.245%))
  Logic Levels:           0  
  Timing Exception:       MaxDelay Path 20.000ns -datapath_only

    Location             Delay type                Incr(ns)  Path(ns)    Netlist Resource(s)
  -------------------------------------------------------------------    -------------------
    SLICE_X1Y34                                       0.000     0.000 r  u_sys_monitor/u_run_2_uart_clock/U0/inst_fifo_gen/gconvfifo.rf/grf.rf/gntv_or_sync_fifo.gcx.clkx/rd_pntr_cdc_inst/src_gray_ff_reg[3]/C
    SLICE_X1Y34          FDRE (Prop_fdre_C_Q)         0.419     0.419 r  u_sys_monitor/u_run_2_uart_clock/U0/inst_fifo_gen/gconvfifo.rf/grf.rf/gntv_or_sync_fifo.gcx.clkx/rd_pntr_cdc_inst/src_gray_ff_reg[3]/Q
                         net (fo=1, routed)           0.458     0.877    u_sys_monitor/u_run_2_uart_clock/U0/inst_fifo_gen/gconvfifo.rf/grf.rf/gntv_or_sync_fifo.gcx.clkx/rd_pntr_cdc_inst/async_path[3]
    SLICE_X0Y34          FDRE                                         r  u_sys_monitor/u_run_2_uart_clock/U0/inst_fifo_gen/gconvfifo.rf/grf.rf/gntv_or_sync_fifo.gcx.clkx/rd_pntr_cdc_inst/dest_graysync_ff_reg[0][3]/D
  -------------------------------------------------------------------    -------------------

                         max delay                   20.000    20.000    
    SLICE_X0Y34          FDRE (Setup_fdre_C_D)       -0.216    19.784    u_sys_monitor/u_run_2_uart_clock/U0/inst_fifo_gen/gconvfifo.rf/grf.rf/gntv_or_sync_fifo.gcx.clkx/rd_pntr_cdc_inst/dest_graysync_ff_reg[0][3]
  -------------------------------------------------------------------
                         required time                         19.784    
                         arrival time                          -0.877    
  -------------------------------------------------------------------
                         slack                                 18.907    

Slack (MET) :             18.935ns  (required time - arrival time)
  Source:                 u_sys_monitor/u_u2r_cmd_convert/U0/inst_fifo_gen/gconvfifo.rf/grf.rf/gntv_or_sync_fifo.gcx.clkx/wr_pntr_cdc_inst/src_gray_ff_reg[1]/C
                            (rising edge-triggered cell FDRE clocked by clk_i  {rise@0.000ns fall@10.000ns period=20.000ns})
  Destination:            u_sys_monitor/u_u2r_cmd_convert/U0/inst_fifo_gen/gconvfifo.rf/grf.rf/gntv_or_sync_fifo.gcx.clkx/wr_pntr_cdc_inst/dest_graysync_ff_reg[0][1]/D
  Path Group:             **default**
  Path Type:              Setup (Max at Slow Process Corner)
  Requirement:            20.000ns  (MaxDelay Path 20.000ns)
  Data Path Delay:        0.801ns  (logic 0.478ns (59.705%)  route 0.323ns (40.295%))
  Logic Levels:           0  
  Timing Exception:       MaxDelay Path 20.000ns -datapath_only

    Location             Delay type                Incr(ns)  Path(ns)    Netlist Resource(s)
  -------------------------------------------------------------------    -------------------
    SLICE_X10Y36                                      0.000     0.000 r  u_sys_monitor/u_u2r_cmd_convert/U0/inst_fifo_gen/gconvfifo.rf/grf.rf/gntv_or_sync_fifo.gcx.clkx/wr_pntr_cdc_inst/src_gray_ff_reg[1]/C
    SLICE_X10Y36         FDRE (Prop_fdre_C_Q)         0.478     0.478 r  u_sys_monitor/u_u2r_cmd_convert/U0/inst_fifo_gen/gconvfifo.rf/grf.rf/gntv_or_sync_fifo.gcx.clkx/wr_pntr_cdc_inst/src_gray_ff_reg[1]/Q
                         net (fo=1, routed)           0.323     0.801    u_sys_monitor/u_u2r_cmd_convert/U0/inst_fifo_gen/gconvfifo.rf/grf.rf/gntv_or_sync_fifo.gcx.clkx/wr_pntr_cdc_inst/async_path[1]
    SLICE_X9Y36          FDRE                                         r  u_sys_monitor/u_u2r_cmd_convert/U0/inst_fifo_gen/gconvfifo.rf/grf.rf/gntv_or_sync_fifo.gcx.clkx/wr_pntr_cdc_inst/dest_graysync_ff_reg[0][1]/D
  -------------------------------------------------------------------    -------------------

                         max delay                   20.000    20.000    
    SLICE_X9Y36          FDRE (Setup_fdre_C_D)       -0.264    19.736    u_sys_monitor/u_u2r_cmd_convert/U0/inst_fifo_gen/gconvfifo.rf/grf.rf/gntv_or_sync_fifo.gcx.clkx/wr_pntr_cdc_inst/dest_graysync_ff_reg[0][1]
  -------------------------------------------------------------------
                         required time                         19.736    
                         arrival time                          -0.801    
  -------------------------------------------------------------------
                         slack                                 18.935    

Slack (MET) :             18.941ns  (required time - arrival time)
  Source:                 u_sys_monitor/u_u2r_cmd_convert/U0/inst_fifo_gen/gconvfifo.rf/grf.rf/gntv_or_sync_fifo.gcx.clkx/wr_pntr_cdc_inst/src_gray_ff_reg[0]/C
                            (rising edge-triggered cell FDRE clocked by clk_i  {rise@0.000ns fall@10.000ns period=20.000ns})
  Destination:            u_sys_monitor/u_u2r_cmd_convert/U0/inst_fifo_gen/gconvfifo.rf/grf.rf/gntv_or_sync_fifo.gcx.clkx/wr_pntr_cdc_inst/dest_graysync_ff_reg[0][0]/D
  Path Group:             **default**
  Path Type:              Setup (Max at Slow Process Corner)
  Requirement:            20.000ns  (MaxDelay Path 20.000ns)
  Data Path Delay:        0.964ns  (logic 0.518ns (53.728%)  route 0.446ns (46.272%))
  Logic Levels:           0  
  Timing Exception:       MaxDelay Path 20.000ns -datapath_only

    Location             Delay type                Incr(ns)  Path(ns)    Netlist Resource(s)
  -------------------------------------------------------------------    -------------------
    SLICE_X10Y36                                      0.000     0.000 r  u_sys_monitor/u_u2r_cmd_convert/U0/inst_fifo_gen/gconvfifo.rf/grf.rf/gntv_or_sync_fifo.gcx.clkx/wr_pntr_cdc_inst/src_gray_ff_reg[0]/C
    SLICE_X10Y36         FDRE (Prop_fdre_C_Q)         0.518     0.518 r  u_sys_monitor/u_u2r_cmd_convert/U0/inst_fifo_gen/gconvfifo.rf/grf.rf/gntv_or_sync_fifo.gcx.clkx/wr_pntr_cdc_inst/src_gray_ff_reg[0]/Q
                         net (fo=1, routed)           0.446     0.964    u_sys_monitor/u_u2r_cmd_convert/U0/inst_fifo_gen/gconvfifo.rf/grf.rf/gntv_or_sync_fifo.gcx.clkx/wr_pntr_cdc_inst/async_path[0]
    SLICE_X9Y36          FDRE                                         r  u_sys_monitor/u_u2r_cmd_convert/U0/inst_fifo_gen/gconvfifo.rf/grf.rf/gntv_or_sync_fifo.gcx.clkx/wr_pntr_cdc_inst/dest_graysync_ff_reg[0][0]/D
  -------------------------------------------------------------------    -------------------

                         max delay                   20.000    20.000    
    SLICE_X9Y36          FDRE (Setup_fdre_C_D)       -0.095    19.905    u_sys_monitor/u_u2r_cmd_convert/U0/inst_fifo_gen/gconvfifo.rf/grf.rf/gntv_or_sync_fifo.gcx.clkx/wr_pntr_cdc_inst/dest_graysync_ff_reg[0][0]
  -------------------------------------------------------------------
                         required time                         19.905    
                         arrival time                          -0.964    
  -------------------------------------------------------------------
                         slack                                 18.941    

Slack (MET) :             18.953ns  (required time - arrival time)
  Source:                 u_sys_monitor/u_run_2_uart_clock/U0/inst_fifo_gen/gconvfifo.rf/grf.rf/gntv_or_sync_fifo.gcx.clkx/rd_pntr_cdc_inst/src_gray_ff_reg[0]/C
                            (rising edge-triggered cell FDRE clocked by clk_i  {rise@0.000ns fall@10.000ns period=20.000ns})
  Destination:            u_sys_monitor/u_run_2_uart_clock/U0/inst_fifo_gen/gconvfifo.rf/grf.rf/gntv_or_sync_fifo.gcx.clkx/rd_pntr_cdc_inst/dest_graysync_ff_reg[0][0]/D
  Path Group:             **default**
  Path Type:              Setup (Max at Slow Process Corner)
  Requirement:            20.000ns  (MaxDelay Path 20.000ns)
  Data Path Delay:        0.952ns  (logic 0.456ns (47.911%)  route 0.496ns (52.089%))
  Logic Levels:           0  
  Timing Exception:       MaxDelay Path 20.000ns -datapath_only

    Location             Delay type                Incr(ns)  Path(ns)    Netlist Resource(s)
  -------------------------------------------------------------------    -------------------
    SLICE_X1Y35                                       0.000     0.000 r  u_sys_monitor/u_run_2_uart_clock/U0/inst_fifo_gen/gconvfifo.rf/grf.rf/gntv_or_sync_fifo.gcx.clkx/rd_pntr_cdc_inst/src_gray_ff_reg[0]/C
    SLICE_X1Y35          FDRE (Prop_fdre_C_Q)         0.456     0.456 r  u_sys_monitor/u_run_2_uart_clock/U0/inst_fifo_gen/gconvfifo.rf/grf.rf/gntv_or_sync_fifo.gcx.clkx/rd_pntr_cdc_inst/src_gray_ff_reg[0]/Q
                         net (fo=1, routed)           0.496     0.952    u_sys_monitor/u_run_2_uart_clock/U0/inst_fifo_gen/gconvfifo.rf/grf.rf/gntv_or_sync_fifo.gcx.clkx/rd_pntr_cdc_inst/async_path[0]
    SLICE_X2Y34          FDRE                                         r  u_sys_monitor/u_run_2_uart_clock/U0/inst_fifo_gen/gconvfifo.rf/grf.rf/gntv_or_sync_fifo.gcx.clkx/rd_pntr_cdc_inst/dest_graysync_ff_reg[0][0]/D
  -------------------------------------------------------------------    -------------------

                         max delay                   20.000    20.000    
    SLICE_X2Y34          FDRE (Setup_fdre_C_D)       -0.095    19.905    u_sys_monitor/u_run_2_uart_clock/U0/inst_fifo_gen/gconvfifo.rf/grf.rf/gntv_or_sync_fifo.gcx.clkx/rd_pntr_cdc_inst/dest_graysync_ff_reg[0][0]
  -------------------------------------------------------------------
                         required time                         19.905    
                         arrival time                          -0.952    
  -------------------------------------------------------------------
                         slack                                 18.953    

Slack (MET) :             18.987ns  (required time - arrival time)
  Source:                 u_sys_monitor/u_run_2_uart_clock/U0/inst_fifo_gen/gconvfifo.rf/grf.rf/gntv_or_sync_fifo.gcx.clkx/rd_pntr_cdc_inst/src_gray_ff_reg[2]/C
                            (rising edge-triggered cell FDRE clocked by clk_i  {rise@0.000ns fall@10.000ns period=20.000ns})
  Destination:            u_sys_monitor/u_run_2_uart_clock/U0/inst_fifo_gen/gconvfifo.rf/grf.rf/gntv_or_sync_fifo.gcx.clkx/rd_pntr_cdc_inst/dest_graysync_ff_reg[0][2]/D
  Path Group:             **default**
  Path Type:              Setup (Max at Slow Process Corner)
  Requirement:            20.000ns  (MaxDelay Path 20.000ns)
  Data Path Delay:        0.920ns  (logic 0.456ns (49.580%)  route 0.464ns (50.420%))
  Logic Levels:           0  
  Timing Exception:       MaxDelay Path 20.000ns -datapath_only

    Location             Delay type                Incr(ns)  Path(ns)    Netlist Resource(s)
  -------------------------------------------------------------------    -------------------
    SLICE_X1Y34                                       0.000     0.000 r  u_sys_monitor/u_run_2_uart_clock/U0/inst_fifo_gen/gconvfifo.rf/grf.rf/gntv_or_sync_fifo.gcx.clkx/rd_pntr_cdc_inst/src_gray_ff_reg[2]/C
    SLICE_X1Y34          FDRE (Prop_fdre_C_Q)         0.456     0.456 r  u_sys_monitor/u_run_2_uart_clock/U0/inst_fifo_gen/gconvfifo.rf/grf.rf/gntv_or_sync_fifo.gcx.clkx/rd_pntr_cdc_inst/src_gray_ff_reg[2]/Q
                         net (fo=1, routed)           0.464     0.920    u_sys_monitor/u_run_2_uart_clock/U0/inst_fifo_gen/gconvfifo.rf/grf.rf/gntv_or_sync_fifo.gcx.clkx/rd_pntr_cdc_inst/async_path[2]
    SLICE_X2Y34          FDRE                                         r  u_sys_monitor/u_run_2_uart_clock/U0/inst_fifo_gen/gconvfifo.rf/grf.rf/gntv_or_sync_fifo.gcx.clkx/rd_pntr_cdc_inst/dest_graysync_ff_reg[0][2]/D
  -------------------------------------------------------------------    -------------------

                         max delay                   20.000    20.000    
    SLICE_X2Y34          FDRE (Setup_fdre_C_D)       -0.093    19.907    u_sys_monitor/u_run_2_uart_clock/U0/inst_fifo_gen/gconvfifo.rf/grf.rf/gntv_or_sync_fifo.gcx.clkx/rd_pntr_cdc_inst/dest_graysync_ff_reg[0][2]
  -------------------------------------------------------------------
                         required time                         19.907    
                         arrival time                          -0.920    
  -------------------------------------------------------------------
                         slack                                 18.987    

Slack (MET) :             19.049ns  (required time - arrival time)
  Source:                 u_sys_monitor/u_run_2_uart_clock/U0/inst_fifo_gen/gconvfifo.rf/grf.rf/gntv_or_sync_fifo.gcx.clkx/rd_pntr_cdc_inst/src_gray_ff_reg[1]/C
                            (rising edge-triggered cell FDRE clocked by clk_i  {rise@0.000ns fall@10.000ns period=20.000ns})
  Destination:            u_sys_monitor/u_run_2_uart_clock/U0/inst_fifo_gen/gconvfifo.rf/grf.rf/gntv_or_sync_fifo.gcx.clkx/rd_pntr_cdc_inst/dest_graysync_ff_reg[0][1]/D
  Path Group:             **default**
  Path Type:              Setup (Max at Slow Process Corner)
  Requirement:            20.000ns  (MaxDelay Path 20.000ns)
  Data Path Delay:        0.729ns  (logic 0.419ns (57.493%)  route 0.310ns (42.507%))
  Logic Levels:           0  
  Timing Exception:       MaxDelay Path 20.000ns -datapath_only

    Location             Delay type                Incr(ns)  Path(ns)    Netlist Resource(s)
  -------------------------------------------------------------------    -------------------
    SLICE_X1Y35                                       0.000     0.000 r  u_sys_monitor/u_run_2_uart_clock/U0/inst_fifo_gen/gconvfifo.rf/grf.rf/gntv_or_sync_fifo.gcx.clkx/rd_pntr_cdc_inst/src_gray_ff_reg[1]/C
    SLICE_X1Y35          FDRE (Prop_fdre_C_Q)         0.419     0.419 r  u_sys_monitor/u_run_2_uart_clock/U0/inst_fifo_gen/gconvfifo.rf/grf.rf/gntv_or_sync_fifo.gcx.clkx/rd_pntr_cdc_inst/src_gray_ff_reg[1]/Q
                         net (fo=1, routed)           0.310     0.729    u_sys_monitor/u_run_2_uart_clock/U0/inst_fifo_gen/gconvfifo.rf/grf.rf/gntv_or_sync_fifo.gcx.clkx/rd_pntr_cdc_inst/async_path[1]
    SLICE_X0Y34          FDRE                                         r  u_sys_monitor/u_run_2_uart_clock/U0/inst_fifo_gen/gconvfifo.rf/grf.rf/gntv_or_sync_fifo.gcx.clkx/rd_pntr_cdc_inst/dest_graysync_ff_reg[0][1]/D
  -------------------------------------------------------------------    -------------------

                         max delay                   20.000    20.000    
    SLICE_X0Y34          FDRE (Setup_fdre_C_D)       -0.222    19.778    u_sys_monitor/u_run_2_uart_clock/U0/inst_fifo_gen/gconvfifo.rf/grf.rf/gntv_or_sync_fifo.gcx.clkx/rd_pntr_cdc_inst/dest_graysync_ff_reg[0][1]
  -------------------------------------------------------------------
                         required time                         19.778    
                         arrival time                          -0.729    
  -------------------------------------------------------------------
                         slack                                 19.049    

Slack (MET) :             19.114ns  (required time - arrival time)
  Source:                 u_sys_monitor/u_u2r_cmd_convert/U0/inst_fifo_gen/gconvfifo.rf/grf.rf/gntv_or_sync_fifo.gcx.clkx/wr_pntr_cdc_inst/src_gray_ff_reg[2]/C
                            (rising edge-triggered cell FDRE clocked by clk_i  {rise@0.000ns fall@10.000ns period=20.000ns})
  Destination:            u_sys_monitor/u_u2r_cmd_convert/U0/inst_fifo_gen/gconvfifo.rf/grf.rf/gntv_or_sync_fifo.gcx.clkx/wr_pntr_cdc_inst/dest_graysync_ff_reg[0][2]/D
  Path Group:             **default**
  Path Type:              Setup (Max at Slow Process Corner)
  Requirement:            20.000ns  (MaxDelay Path 20.000ns)
  Data Path Delay:        0.858ns  (logic 0.518ns (60.373%)  route 0.340ns (39.627%))
  Logic Levels:           0  
  Timing Exception:       MaxDelay Path 20.000ns -datapath_only

    Location             Delay type                Incr(ns)  Path(ns)    Netlist Resource(s)
  -------------------------------------------------------------------    -------------------
    SLICE_X10Y36                                      0.000     0.000 r  u_sys_monitor/u_u2r_cmd_convert/U0/inst_fifo_gen/gconvfifo.rf/grf.rf/gntv_or_sync_fifo.gcx.clkx/wr_pntr_cdc_inst/src_gray_ff_reg[2]/C
    SLICE_X10Y36         FDRE (Prop_fdre_C_Q)         0.518     0.518 r  u_sys_monitor/u_u2r_cmd_convert/U0/inst_fifo_gen/gconvfifo.rf/grf.rf/gntv_or_sync_fifo.gcx.clkx/wr_pntr_cdc_inst/src_gray_ff_reg[2]/Q
                         net (fo=1, routed)           0.340     0.858    u_sys_monitor/u_u2r_cmd_convert/U0/inst_fifo_gen/gconvfifo.rf/grf.rf/gntv_or_sync_fifo.gcx.clkx/wr_pntr_cdc_inst/async_path[2]
    SLICE_X10Y35         FDRE                                         r  u_sys_monitor/u_u2r_cmd_convert/U0/inst_fifo_gen/gconvfifo.rf/grf.rf/gntv_or_sync_fifo.gcx.clkx/wr_pntr_cdc_inst/dest_graysync_ff_reg[0][2]/D
  -------------------------------------------------------------------    -------------------

                         max delay                   20.000    20.000    
    SLICE_X10Y35         FDRE (Setup_fdre_C_D)       -0.028    19.972    u_sys_monitor/u_u2r_cmd_convert/U0/inst_fifo_gen/gconvfifo.rf/grf.rf/gntv_or_sync_fifo.gcx.clkx/wr_pntr_cdc_inst/dest_graysync_ff_reg[0][2]
  -------------------------------------------------------------------
                         required time                         19.972    
                         arrival time                          -0.858    
  -------------------------------------------------------------------
                         slack                                 19.114    

Slack (MET) :             19.149ns  (required time - arrival time)
  Source:                 u_sys_monitor/u_run_2_uart_clock/U0/inst_fifo_gen/gconvfifo.rf/grf.rf/gntv_or_sync_fifo.gcx.clkx/rd_pntr_cdc_inst/src_gray_ff_reg[4]/C
                            (rising edge-triggered cell FDRE clocked by clk_i  {rise@0.000ns fall@10.000ns period=20.000ns})
  Destination:            u_sys_monitor/u_run_2_uart_clock/U0/inst_fifo_gen/gconvfifo.rf/grf.rf/gntv_or_sync_fifo.gcx.clkx/rd_pntr_cdc_inst/dest_graysync_ff_reg[0][4]/D
  Path Group:             **default**
  Path Type:              Setup (Max at Slow Process Corner)
  Requirement:            20.000ns  (MaxDelay Path 20.000ns)
  Data Path Delay:        0.806ns  (logic 0.456ns (56.549%)  route 0.350ns (43.451%))
  Logic Levels:           0  
  Timing Exception:       MaxDelay Path 20.000ns -datapath_only

    Location             Delay type                Incr(ns)  Path(ns)    Netlist Resource(s)
  -------------------------------------------------------------------    -------------------
    SLICE_X1Y34                                       0.000     0.000 r  u_sys_monitor/u_run_2_uart_clock/U0/inst_fifo_gen/gconvfifo.rf/grf.rf/gntv_or_sync_fifo.gcx.clkx/rd_pntr_cdc_inst/src_gray_ff_reg[4]/C
    SLICE_X1Y34          FDRE (Prop_fdre_C_Q)         0.456     0.456 r  u_sys_monitor/u_run_2_uart_clock/U0/inst_fifo_gen/gconvfifo.rf/grf.rf/gntv_or_sync_fifo.gcx.clkx/rd_pntr_cdc_inst/src_gray_ff_reg[4]/Q
                         net (fo=1, routed)           0.350     0.806    u_sys_monitor/u_run_2_uart_clock/U0/inst_fifo_gen/gconvfifo.rf/grf.rf/gntv_or_sync_fifo.gcx.clkx/rd_pntr_cdc_inst/async_path[4]
    SLICE_X0Y34          FDRE                                         r  u_sys_monitor/u_run_2_uart_clock/U0/inst_fifo_gen/gconvfifo.rf/grf.rf/gntv_or_sync_fifo.gcx.clkx/rd_pntr_cdc_inst/dest_graysync_ff_reg[0][4]/D
  -------------------------------------------------------------------    -------------------

                         max delay                   20.000    20.000    
    SLICE_X0Y34          FDRE (Setup_fdre_C_D)       -0.045    19.955    u_sys_monitor/u_run_2_uart_clock/U0/inst_fifo_gen/gconvfifo.rf/grf.rf/gntv_or_sync_fifo.gcx.clkx/rd_pntr_cdc_inst/dest_graysync_ff_reg[0][4]
  -------------------------------------------------------------------
                         required time                         19.955    
                         arrival time                          -0.806    
  -------------------------------------------------------------------
                         slack                                 19.149    





