Copyright 1986-2020 Xilinx, Inc. All Rights Reserved.
-----------------------------------------------------------------------------------------------------------------------------------------------------------------------------------------------
| Tool Version : Vivado v.2020.1 (win64) Build 2902540 Wed May 27 19:54:49 MDT 2020
| Date         : Sun Jan 12 13:59:45 2025
| Host         : LAPTOP-RDA9S5SE running 64-bit major release  (build 9200)
| Command      : report_timing_summary -max_paths 10 -file proc_top_timing_summary_routed.rpt -pb proc_top_timing_summary_routed.pb -rpx proc_top_timing_summary_routed.rpx -warn_on_violation
| Design       : proc_top
| Device       : 7z010-clg400
| Speed File   : -1  PRODUCTION 1.12 2019-11-22
-----------------------------------------------------------------------------------------------------------------------------------------------------------------------------------------------

Timing Summary Report

------------------------------------------------------------------------------------------------
| Timer Settings
| --------------
------------------------------------------------------------------------------------------------

  Enable Multi Corner Analysis               :  Yes
  Enable Pessimism Removal                   :  Yes
  Pessimism Removal Resolution               :  Nearest Common Node
  Enable Input Delay Default Clock           :  No
  Enable Preset / Clear Arcs                 :  No
  Disable Flight Delays                      :  No
  Ignore I/O Paths                           :  No
  Timing Early Launch at Borrowing Latches   :  No
  Borrow Time for Max Delay Exceptions       :  Yes
  Merge Timing Exceptions                    :  Yes

  Corner  Analyze    Analyze    
  Name    Max Paths  Min Paths  
  ------  ---------  ---------  
  Slow    Yes        Yes        
  Fast    Yes        Yes        



check_timing report

Table of Contents
-----------------
1. checking no_clock (2916)
2. checking constant_clock (0)
3. checking pulse_width_clock (0)
4. checking unconstrained_internal_endpoints (1920)
5. checking no_input_delay (2)
6. checking no_output_delay (1)
7. checking multiple_clock (0)
8. checking generated_clocks (0)
9. checking loops (0)
10. checking partial_input_delay (0)
11. checking partial_output_delay (0)
12. checking latch_loops (0)

1. checking no_clock (2916)
---------------------------
 There are 457 register/latch pins with no clock driven by root clock pin: clk_run_o_reg/Q (HIGH)

 There are 176 register/latch pins with no clock driven by root clock pin: u_sys_monitor/u_debug_core/c_state_reg[0]/Q (HIGH)

 There are 176 register/latch pins with no clock driven by root clock pin: u_sys_monitor/u_debug_core/c_state_reg[1]/Q (HIGH)

 There are 176 register/latch pins with no clock driven by root clock pin: u_sys_monitor/u_debug_core/c_state_reg[2]/Q (HIGH)

 There are 176 register/latch pins with no clock driven by root clock pin: u_sys_monitor/u_debug_core/c_state_reg[3]/Q (HIGH)

 There are 176 register/latch pins with no clock driven by root clock pin: u_sys_monitor/u_debug_core/c_state_reg[4]/Q (HIGH)

 There are 176 register/latch pins with no clock driven by root clock pin: u_sys_monitor/u_debug_core/c_state_reg[5]/Q (HIGH)

 There are 176 register/latch pins with no clock driven by root clock pin: u_sys_monitor/u_debug_core/c_state_reg[6]/Q (HIGH)

 There are 176 register/latch pins with no clock driven by root clock pin: u_sys_monitor/u_debug_core/c_state_reg[7]/Q (HIGH)

 There are 176 register/latch pins with no clock driven by root clock pin: u_sys_monitor/u_debug_core/c_state_reg[8]/Q (HIGH)

 There are 176 register/latch pins with no clock driven by root clock pin: u_sys_monitor/u_debug_core/cmd_reg_reg[0]/Q (HIGH)

 There are 176 register/latch pins with no clock driven by root clock pin: u_sys_monitor/u_debug_core/cmd_reg_reg[1]/Q (HIGH)

 There are 176 register/latch pins with no clock driven by root clock pin: u_sys_monitor/u_debug_core/cmd_reg_reg[2]/Q (HIGH)

 There are 176 register/latch pins with no clock driven by root clock pin: u_sys_monitor/u_debug_core/proc_run_hold_reg/Q (HIGH)

 There are 3 register/latch pins with no clock driven by root clock pin: u_top/u_mips/u_controller/u_maindec/aluop1_reg[0]/L7/Q (HIGH)

 There are 3 register/latch pins with no clock driven by root clock pin: u_top/u_mips/u_controller/u_maindec/aluop1_reg[1]/L7/Q (HIGH)

 There are 93 register/latch pins with no clock driven by root clock pin: u_top/u_mips/u_datapath/flag0_reg/Q (HIGH)

 There are 12 register/latch pins with no clock driven by root clock pin: u_top/u_mips/u_datapath/realpc_reg[2]/Q (HIGH)

 There are 12 register/latch pins with no clock driven by root clock pin: u_top/u_mips/u_datapath/realpc_reg[3]/Q (HIGH)

 There are 12 register/latch pins with no clock driven by root clock pin: u_top/u_mips/u_datapath/realpc_reg[4]/Q (HIGH)

 There are 12 register/latch pins with no clock driven by root clock pin: u_top/u_mips/u_datapath/realpc_reg[5]/Q (HIGH)

 There are 12 register/latch pins with no clock driven by root clock pin: u_top/u_mips/u_datapath/realpc_reg[6]/Q (HIGH)

 There are 12 register/latch pins with no clock driven by root clock pin: u_top/u_mips/u_datapath/realpc_reg[7]/Q (HIGH)


2. checking constant_clock (0)
------------------------------
 There are 0 register/latch pins with constant_clock.


3. checking pulse_width_clock (0)
---------------------------------
 There are 0 register/latch pins which need pulse_width check


4. checking unconstrained_internal_endpoints (1920)
---------------------------------------------------
 There are 1920 pins that are not constrained for maximum delay. (HIGH)

 There are 0 pins that are not constrained for maximum delay due to constant clock.


5. checking no_input_delay (2)
------------------------------
 There are 2 input ports with no input delay specified. (HIGH)

 There are 0 input ports with no input delay but user has a false path constraint.


6. checking no_output_delay (1)
-------------------------------
 There is 1 port with no output delay specified. (HIGH)

 There are 0 ports with no output delay but user has a false path constraint

 There are 0 ports with no output delay but with a timing clock defined on it or propagating through it


7. checking multiple_clock (0)
------------------------------
 There are 0 register/latch pins with multiple clocks.


8. checking generated_clocks (0)
--------------------------------
 There are 0 generated clocks that are not connected to a clock source.


9. checking loops (0)
---------------------
 There are 0 combinational loops in the design.


10. checking partial_input_delay (0)
------------------------------------
 There are 0 input ports with partial input delay specified.


11. checking partial_output_delay (0)
-------------------------------------
 There are 0 ports with partial output delay specified.


12. checking latch_loops (0)
----------------------------
 There are 0 combinational latch loops in the design through latch input



------------------------------------------------------------------------------------------------
| Design Timing Summary
| ---------------------
------------------------------------------------------------------------------------------------

    WNS(ns)      TNS(ns)  TNS Failing Endpoints  TNS Total Endpoints      WHS(ns)      THS(ns)  THS Failing Endpoints  THS Total Endpoints     WPWS(ns)     TPWS(ns)  TPWS Failing Endpoints  TPWS Total Endpoints  
    -------      -------  ---------------------  -------------------      -------      -------  ---------------------  -------------------     --------     --------  ----------------------  --------------------  
     15.658        0.000                      0                  409        0.106        0.000                      0                  389        8.750        0.000                       0                   271  


All user specified timing constraints are met.


------------------------------------------------------------------------------------------------
| Clock Summary
| -------------
------------------------------------------------------------------------------------------------

Clock  Waveform(ns)       Period(ns)      Frequency(MHz)
-----  ------------       ----------      --------------
clk_i  {0.000 10.000}     20.000          50.000          


------------------------------------------------------------------------------------------------
| Intra Clock Table
| -----------------
------------------------------------------------------------------------------------------------

Clock             WNS(ns)      TNS(ns)  TNS Failing Endpoints  TNS Total Endpoints      WHS(ns)      THS(ns)  THS Failing Endpoints  THS Total Endpoints     WPWS(ns)     TPWS(ns)  TPWS Failing Endpoints  TPWS Total Endpoints  
-----             -------      -------  ---------------------  -------------------      -------      -------  ---------------------  -------------------     --------     --------  ----------------------  --------------------  
clk_i              15.658        0.000                      0                  366        0.106        0.000                      0                  366        8.750        0.000                       0                   271  


------------------------------------------------------------------------------------------------
| Inter Clock Table
| -----------------
------------------------------------------------------------------------------------------------

From Clock    To Clock          WNS(ns)      TNS(ns)  TNS Failing Endpoints  TNS Total Endpoints      WHS(ns)      THS(ns)  THS Failing Endpoints  THS Total Endpoints  
----------    --------          -------      -------  ---------------------  -------------------      -------      -------  ---------------------  -------------------  
              clk_i             998.693        0.000                      0                   10                                                                        


------------------------------------------------------------------------------------------------
| Other Path Groups Table
| -----------------------
------------------------------------------------------------------------------------------------

Path Group         From Clock         To Clock               WNS(ns)      TNS(ns)  TNS Failing Endpoints  TNS Total Endpoints      WHS(ns)      THS(ns)  THS Failing Endpoints  THS Total Endpoints  
----------         ----------         --------               -------      -------  ---------------------  -------------------      -------      -------  ---------------------  -------------------  
**async_default**  clk_i              clk_i                   18.321        0.000                      0                   23        0.399        0.000                      0                   23  
**default**        clk_i                                      18.639        0.000                      0                   10                                                                        


------------------------------------------------------------------------------------------------
| Timing Details
| --------------
------------------------------------------------------------------------------------------------


---------------------------------------------------------------------------------------------------
From Clock:  clk_i
  To Clock:  clk_i

Setup :            0  Failing Endpoints,  Worst Slack       15.658ns,  Total Violation        0.000ns
Hold  :            0  Failing Endpoints,  Worst Slack        0.106ns,  Total Violation        0.000ns
PW    :            0  Failing Endpoints,  Worst Slack        8.750ns,  Total Violation        0.000ns
---------------------------------------------------------------------------------------------------


Max Delay Paths
--------------------------------------------------------------------------------------
Slack (MET) :             15.658ns  (required time - arrival time)
  Source:                 u_sys_monitor/u_run_2_uart_clock/U0/inst_fifo_gen/gconvfifo.rf/grf.rf/gntv_or_sync_fifo.gl0.rd/rpntr/gc0.count_d1_reg[4]/C
                            (rising edge-triggered cell FDRE clocked by clk_i  {rise@0.000ns fall@10.000ns period=20.000ns})
  Destination:            u_sys_monitor/u_run_2_uart_clock/U0/inst_fifo_gen/gconvfifo.rf/grf.rf/gntv_or_sync_fifo.gl0.rd/gras.rsts/ram_empty_fb_i_reg/D
                            (rising edge-triggered cell FDSE clocked by clk_i  {rise@0.000ns fall@10.000ns period=20.000ns})
  Path Group:             clk_i
  Path Type:              Setup (Max at Slow Process Corner)
  Requirement:            20.000ns  (clk_i rise@20.000ns - clk_i rise@0.000ns)
  Data Path Delay:        3.978ns  (logic 0.991ns (24.913%)  route 2.987ns (75.086%))
  Logic Levels:           3  (LUT4=2 LUT6=1)
  Clock Path Skew:        -0.054ns (DCD - SCD + CPR)
    Destination Clock Delay (DCD):    4.918ns = ( 24.918 - 20.000 ) 
    Source Clock Delay      (SCD):    5.364ns
    Clock Pessimism Removal (CPR):    0.392ns
  Clock Uncertainty:      0.035ns  ((TSJ^2 + TIJ^2)^1/2 + DJ) / 2 + PE
    Total System Jitter     (TSJ):    0.071ns
    Total Input Jitter      (TIJ):    0.000ns
    Discrete Jitter          (DJ):    0.000ns
    Phase Error              (PE):    0.000ns

    Location             Delay type                Incr(ns)  Path(ns)    Netlist Resource(s)
  -------------------------------------------------------------------    -------------------
                         (clock clk_i rise edge)      0.000     0.000 r  
    U18                                               0.000     0.000 r  clk_i (IN)
                         net (fo=0)                   0.000     0.000    clk_i
    U18                  IBUF (Prop_ibuf_I_O)         1.530     1.530 r  clk_i_IBUF_inst/O
                         net (fo=1, routed)           2.076     3.606    clk_i_IBUF
    BUFGCTRL_X0Y1        BUFG (Prop_bufg_I_O)         0.101     3.707 r  clk_i_IBUF_BUFG_inst/O
                         net (fo=270, routed)         1.657     5.364    u_sys_monitor/u_run_2_uart_clock/U0/inst_fifo_gen/gconvfifo.rf/grf.rf/gntv_or_sync_fifo.gl0.rd/rpntr/rd_clk
    SLICE_X25Y30         FDRE                                         r  u_sys_monitor/u_run_2_uart_clock/U0/inst_fifo_gen/gconvfifo.rf/grf.rf/gntv_or_sync_fifo.gl0.rd/rpntr/gc0.count_d1_reg[4]/C
  -------------------------------------------------------------------    -------------------
    SLICE_X25Y30         FDRE (Prop_fdre_C_Q)         0.419     5.783 r  u_sys_monitor/u_run_2_uart_clock/U0/inst_fifo_gen/gconvfifo.rf/grf.rf/gntv_or_sync_fifo.gl0.rd/rpntr/gc0.count_d1_reg[4]/Q
                         net (fo=4, routed)           0.947     6.731    u_sys_monitor/u_run_2_uart_clock/U0/inst_fifo_gen/gconvfifo.rf/grf.rf/gntv_or_sync_fifo.gl0.rd/rpntr/Q[4]
    SLICE_X24Y29         LUT4 (Prop_lut4_I0_O)        0.296     7.027 r  u_sys_monitor/u_run_2_uart_clock/U0/inst_fifo_gen/gconvfifo.rf/grf.rf/gntv_or_sync_fifo.gl0.rd/rpntr/ram_empty_i_i_4/O
                         net (fo=1, routed)           0.656     7.683    u_sys_monitor/u_run_2_uart_clock/U0/inst_fifo_gen/gconvfifo.rf/grf.rf/gntv_or_sync_fifo.gl0.rd/rpntr/ram_empty_i_i_4_n_0
    SLICE_X25Y29         LUT6 (Prop_lut6_I4_O)        0.124     7.807 r  u_sys_monitor/u_run_2_uart_clock/U0/inst_fifo_gen/gconvfifo.rf/grf.rf/gntv_or_sync_fifo.gl0.rd/rpntr/ram_empty_i_i_2/O
                         net (fo=1, routed)           1.037     8.844    u_sys_monitor/u_run_2_uart_clock/U0/inst_fifo_gen/gconvfifo.rf/grf.rf/gntv_or_sync_fifo.gl0.rd/rpntr/gras.rsts/comp0
    SLICE_X26Y30         LUT4 (Prop_lut4_I0_O)        0.152     8.996 r  u_sys_monitor/u_run_2_uart_clock/U0/inst_fifo_gen/gconvfifo.rf/grf.rf/gntv_or_sync_fifo.gl0.rd/rpntr/ram_empty_i_i_1/O
                         net (fo=2, routed)           0.346     9.342    u_sys_monitor/u_run_2_uart_clock/U0/inst_fifo_gen/gconvfifo.rf/grf.rf/gntv_or_sync_fifo.gl0.rd/gras.rsts/ram_empty_i_reg_0
    SLICE_X26Y30         FDSE                                         r  u_sys_monitor/u_run_2_uart_clock/U0/inst_fifo_gen/gconvfifo.rf/grf.rf/gntv_or_sync_fifo.gl0.rd/gras.rsts/ram_empty_fb_i_reg/D
  -------------------------------------------------------------------    -------------------

                         (clock clk_i rise edge)     20.000    20.000 r  
    U18                                               0.000    20.000 r  clk_i (IN)
                         net (fo=0)                   0.000    20.000    clk_i
    U18                  IBUF (Prop_ibuf_I_O)         1.459    21.459 r  clk_i_IBUF_inst/O
                         net (fo=1, routed)           1.880    23.339    clk_i_IBUF
    BUFGCTRL_X0Y1        BUFG (Prop_bufg_I_O)         0.091    23.430 r  clk_i_IBUF_BUFG_inst/O
                         net (fo=270, routed)         1.488    24.918    u_sys_monitor/u_run_2_uart_clock/U0/inst_fifo_gen/gconvfifo.rf/grf.rf/gntv_or_sync_fifo.gl0.rd/gras.rsts/rd_clk
    SLICE_X26Y30         FDSE                                         r  u_sys_monitor/u_run_2_uart_clock/U0/inst_fifo_gen/gconvfifo.rf/grf.rf/gntv_or_sync_fifo.gl0.rd/gras.rsts/ram_empty_fb_i_reg/C
                         clock pessimism              0.392    25.310    
                         clock uncertainty           -0.035    25.275    
    SLICE_X26Y30         FDSE (Setup_fdse_C_D)       -0.275    25.000    u_sys_monitor/u_run_2_uart_clock/U0/inst_fifo_gen/gconvfifo.rf/grf.rf/gntv_or_sync_fifo.gl0.rd/gras.rsts/ram_empty_fb_i_reg
  -------------------------------------------------------------------
                         required time                         25.000    
                         arrival time                          -9.342    
  -------------------------------------------------------------------
                         slack                                 15.658    

Slack (MET) :             16.082ns  (required time - arrival time)
  Source:                 u_sys_monitor/tx_valid_reg/C
                            (rising edge-triggered cell FDCE clocked by clk_i  {rise@0.000ns fall@10.000ns period=20.000ns})
  Destination:            u_sys_monitor/u_run_2_uart_clock/U0/inst_fifo_gen/gconvfifo.rf/grf.rf/gntv_or_sync_fifo.mem/gbm.gbmg.gbmga.ngecc.bmg/inst_blk_mem_gen/gnbram.gnativebmg.native_blk_mem_gen/valid.cstr/ramloop[0].ram.r/prim_noinit.ram/DEVICE_7SERIES.NO_BMM_INFO.SDP.WIDE_PRIM36_NO_ECC.ram/ENARDEN
                            (rising edge-triggered cell RAMB36E1 clocked by clk_i  {rise@0.000ns fall@10.000ns period=20.000ns})
  Path Group:             clk_i
  Path Type:              Setup (Max at Slow Process Corner)
  Requirement:            20.000ns  (clk_i rise@20.000ns - clk_i rise@0.000ns)
  Data Path Delay:        3.257ns  (logic 0.868ns (26.647%)  route 2.389ns (73.353%))
  Logic Levels:           2  (LUT3=1 LUT4=1)
  Clock Path Skew:        0.019ns (DCD - SCD + CPR)
    Destination Clock Delay (DCD):    4.965ns = ( 24.965 - 20.000 ) 
    Source Clock Delay      (SCD):    5.371ns
    Clock Pessimism Removal (CPR):    0.426ns
  Clock Uncertainty:      0.035ns  ((TSJ^2 + TIJ^2)^1/2 + DJ) / 2 + PE
    Total System Jitter     (TSJ):    0.071ns
    Total Input Jitter      (TIJ):    0.000ns
    Discrete Jitter          (DJ):    0.000ns
    Phase Error              (PE):    0.000ns

    Location             Delay type                Incr(ns)  Path(ns)    Netlist Resource(s)
  -------------------------------------------------------------------    -------------------
                         (clock clk_i rise edge)      0.000     0.000 r  
    U18                                               0.000     0.000 r  clk_i (IN)
                         net (fo=0)                   0.000     0.000    clk_i
    U18                  IBUF (Prop_ibuf_I_O)         1.530     1.530 r  clk_i_IBUF_inst/O
                         net (fo=1, routed)           2.076     3.606    clk_i_IBUF
    BUFGCTRL_X0Y1        BUFG (Prop_bufg_I_O)         0.101     3.707 r  clk_i_IBUF_BUFG_inst/O
                         net (fo=270, routed)         1.664     5.371    u_sys_monitor/parity_bit_reg
    SLICE_X27Y32         FDCE                                         r  u_sys_monitor/tx_valid_reg/C
  -------------------------------------------------------------------    -------------------
    SLICE_X27Y32         FDCE (Prop_fdce_C_Q)         0.419     5.790 f  u_sys_monitor/tx_valid_reg/Q
                         net (fo=2, routed)           1.050     6.840    u_sys_monitor/u_uart_top/tx_valid
    SLICE_X24Y32         LUT3 (Prop_lut3_I1_O)        0.299     7.139 r  u_sys_monitor/u_uart_top/u_run_2_uart_clock_i_1/O
                         net (fo=4, routed)           0.840     7.979    u_sys_monitor/u_run_2_uart_clock/U0/inst_fifo_gen/gconvfifo.rf/grf.rf/gntv_or_sync_fifo.mem/gbm.gbmg.gbmga.ngecc.bmg/inst_blk_mem_gen/gnbram.gnativebmg.native_blk_mem_gen/valid.cstr/ramloop[0].ram.r/prim_noinit.ram/rd_en
    SLICE_X26Y30         LUT4 (Prop_lut4_I2_O)        0.150     8.129 r  u_sys_monitor/u_run_2_uart_clock/U0/inst_fifo_gen/gconvfifo.rf/grf.rf/gntv_or_sync_fifo.mem/gbm.gbmg.gbmga.ngecc.bmg/inst_blk_mem_gen/gnbram.gnativebmg.native_blk_mem_gen/valid.cstr/ramloop[0].ram.r/prim_noinit.ram/DEVICE_7SERIES.NO_BMM_INFO.SDP.WIDE_PRIM36_NO_ECC.ram_i_1/O
                         net (fo=1, routed)           0.499     8.628    u_sys_monitor/u_run_2_uart_clock/U0/inst_fifo_gen/gconvfifo.rf/grf.rf/gntv_or_sync_fifo.mem/gbm.gbmg.gbmga.ngecc.bmg/inst_blk_mem_gen/gnbram.gnativebmg.native_blk_mem_gen/valid.cstr/ramloop[0].ram.r/prim_noinit.ram/ENB_I
    RAMB36_X1Y6          RAMB36E1                                     r  u_sys_monitor/u_run_2_uart_clock/U0/inst_fifo_gen/gconvfifo.rf/grf.rf/gntv_or_sync_fifo.mem/gbm.gbmg.gbmga.ngecc.bmg/inst_blk_mem_gen/gnbram.gnativebmg.native_blk_mem_gen/valid.cstr/ramloop[0].ram.r/prim_noinit.ram/DEVICE_7SERIES.NO_BMM_INFO.SDP.WIDE_PRIM36_NO_ECC.ram/ENARDEN
  -------------------------------------------------------------------    -------------------

                         (clock clk_i rise edge)     20.000    20.000 r  
    U18                                               0.000    20.000 r  clk_i (IN)
                         net (fo=0)                   0.000    20.000    clk_i
    U18                  IBUF (Prop_ibuf_I_O)         1.459    21.459 r  clk_i_IBUF_inst/O
                         net (fo=1, routed)           1.880    23.339    clk_i_IBUF
    BUFGCTRL_X0Y1        BUFG (Prop_bufg_I_O)         0.091    23.430 r  clk_i_IBUF_BUFG_inst/O
                         net (fo=270, routed)         1.535    24.965    u_sys_monitor/u_run_2_uart_clock/U0/inst_fifo_gen/gconvfifo.rf/grf.rf/gntv_or_sync_fifo.mem/gbm.gbmg.gbmga.ngecc.bmg/inst_blk_mem_gen/gnbram.gnativebmg.native_blk_mem_gen/valid.cstr/ramloop[0].ram.r/prim_noinit.ram/rd_clk
    RAMB36_X1Y6          RAMB36E1                                     r  u_sys_monitor/u_run_2_uart_clock/U0/inst_fifo_gen/gconvfifo.rf/grf.rf/gntv_or_sync_fifo.mem/gbm.gbmg.gbmga.ngecc.bmg/inst_blk_mem_gen/gnbram.gnativebmg.native_blk_mem_gen/valid.cstr/ramloop[0].ram.r/prim_noinit.ram/DEVICE_7SERIES.NO_BMM_INFO.SDP.WIDE_PRIM36_NO_ECC.ram/CLKARDCLK
                         clock pessimism              0.426    25.391    
                         clock uncertainty           -0.035    25.355    
    RAMB36_X1Y6          RAMB36E1 (Setup_ramb36e1_CLKARDCLK_ENARDEN)
                                                     -0.645    24.710    u_sys_monitor/u_run_2_uart_clock/U0/inst_fifo_gen/gconvfifo.rf/grf.rf/gntv_or_sync_fifo.mem/gbm.gbmg.gbmga.ngecc.bmg/inst_blk_mem_gen/gnbram.gnativebmg.native_blk_mem_gen/valid.cstr/ramloop[0].ram.r/prim_noinit.ram/DEVICE_7SERIES.NO_BMM_INFO.SDP.WIDE_PRIM36_NO_ECC.ram
  -------------------------------------------------------------------
                         required time                         24.710    
                         arrival time                          -8.628    
  -------------------------------------------------------------------
                         slack                                 16.082    

Slack (MET) :             16.095ns  (required time - arrival time)
  Source:                 u_sys_monitor/u_uart_top/u_uart_rx/baud_cnt_reg[3]/C
                            (rising edge-triggered cell FDCE clocked by clk_i  {rise@0.000ns fall@10.000ns period=20.000ns})
  Destination:            u_sys_monitor/u_uart_top/u_uart_rx/baud_cnt_reg[11]/D
                            (rising edge-triggered cell FDCE clocked by clk_i  {rise@0.000ns fall@10.000ns period=20.000ns})
  Path Group:             clk_i
  Path Type:              Setup (Max at Slow Process Corner)
  Requirement:            20.000ns  (clk_i rise@20.000ns - clk_i rise@0.000ns)
  Data Path Delay:        3.877ns  (logic 1.090ns (28.117%)  route 2.787ns (71.883%))
  Logic Levels:           4  (LUT3=1 LUT4=2 LUT5=1)
  Clock Path Skew:        -0.024ns (DCD - SCD + CPR)
    Destination Clock Delay (DCD):    4.929ns = ( 24.929 - 20.000 ) 
    Source Clock Delay      (SCD):    5.379ns
    Clock Pessimism Removal (CPR):    0.426ns
  Clock Uncertainty:      0.035ns  ((TSJ^2 + TIJ^2)^1/2 + DJ) / 2 + PE
    Total System Jitter     (TSJ):    0.071ns
    Total Input Jitter      (TIJ):    0.000ns
    Discrete Jitter          (DJ):    0.000ns
    Phase Error              (PE):    0.000ns

    Location             Delay type                Incr(ns)  Path(ns)    Netlist Resource(s)
  -------------------------------------------------------------------    -------------------
                         (clock clk_i rise edge)      0.000     0.000 r  
    U18                                               0.000     0.000 r  clk_i (IN)
                         net (fo=0)                   0.000     0.000    clk_i
    U18                  IBUF (Prop_ibuf_I_O)         1.530     1.530 r  clk_i_IBUF_inst/O
                         net (fo=1, routed)           2.076     3.606    clk_i_IBUF
    BUFGCTRL_X0Y1        BUFG (Prop_bufg_I_O)         0.101     3.707 r  clk_i_IBUF_BUFG_inst/O
                         net (fo=270, routed)         1.672     5.379    u_sys_monitor/u_uart_top/u_uart_rx/baud_cnt_reg[15]_0
    SLICE_X35Y39         FDCE                                         r  u_sys_monitor/u_uart_top/u_uart_rx/baud_cnt_reg[3]/C
  -------------------------------------------------------------------    -------------------
    SLICE_X35Y39         FDCE (Prop_fdce_C_Q)         0.419     5.798 r  u_sys_monitor/u_uart_top/u_uart_rx/baud_cnt_reg[3]/Q
                         net (fo=3, routed)           0.835     6.633    u_sys_monitor/u_uart_top/u_uart_rx/baud_cnt[3]
    SLICE_X33Y39         LUT4 (Prop_lut4_I0_O)        0.299     6.932 f  u_sys_monitor/u_uart_top/u_uart_rx/baud_cnt[15]_i_8/O
                         net (fo=1, routed)           0.402     7.334    u_sys_monitor/u_uart_top/u_uart_rx/baud_cnt[15]_i_8_n_0
    SLICE_X33Y40         LUT5 (Prop_lut5_I4_O)        0.124     7.458 r  u_sys_monitor/u_uart_top/u_uart_rx/baud_cnt[15]_i_4/O
                         net (fo=1, routed)           0.670     8.128    u_sys_monitor/u_uart_top/u_uart_rx/baud_cnt[15]_i_4_n_0
    SLICE_X33Y40         LUT4 (Prop_lut4_I0_O)        0.124     8.252 r  u_sys_monitor/u_uart_top/u_uart_rx/baud_cnt[15]_i_2/O
                         net (fo=16, routed)          0.879     9.132    u_sys_monitor/u_uart_top/u_uart_rx/baud_cnt[15]_i_2_n_0
    SLICE_X35Y41         LUT3 (Prop_lut3_I0_O)        0.124     9.256 r  u_sys_monitor/u_uart_top/u_uart_rx/baud_cnt[11]_i_1/O
                         net (fo=1, routed)           0.000     9.256    u_sys_monitor/u_uart_top/u_uart_rx/baud_cnt[11]_i_1_n_0
    SLICE_X35Y41         FDCE                                         r  u_sys_monitor/u_uart_top/u_uart_rx/baud_cnt_reg[11]/D
  -------------------------------------------------------------------    -------------------

                         (clock clk_i rise edge)     20.000    20.000 r  
    U18                                               0.000    20.000 r  clk_i (IN)
                         net (fo=0)                   0.000    20.000    clk_i
    U18                  IBUF (Prop_ibuf_I_O)         1.459    21.459 r  clk_i_IBUF_inst/O
                         net (fo=1, routed)           1.880    23.339    clk_i_IBUF
    BUFGCTRL_X0Y1        BUFG (Prop_bufg_I_O)         0.091    23.430 r  clk_i_IBUF_BUFG_inst/O
                         net (fo=270, routed)         1.499    24.929    u_sys_monitor/u_uart_top/u_uart_rx/baud_cnt_reg[15]_0
    SLICE_X35Y41         FDCE                                         r  u_sys_monitor/u_uart_top/u_uart_rx/baud_cnt_reg[11]/C
                         clock pessimism              0.426    25.355    
                         clock uncertainty           -0.035    25.320    
    SLICE_X35Y41         FDCE (Setup_fdce_C_D)        0.031    25.351    u_sys_monitor/u_uart_top/u_uart_rx/baud_cnt_reg[11]
  -------------------------------------------------------------------
                         required time                         25.351    
                         arrival time                          -9.256    
  -------------------------------------------------------------------
                         slack                                 16.095    

Slack (MET) :             16.111ns  (required time - arrival time)
  Source:                 u_sys_monitor/u_uart_top/u_uart_rx/baud_cnt_reg[3]/C
                            (rising edge-triggered cell FDCE clocked by clk_i  {rise@0.000ns fall@10.000ns period=20.000ns})
  Destination:            u_sys_monitor/u_uart_top/u_uart_rx/baud_cnt_reg[12]/D
                            (rising edge-triggered cell FDCE clocked by clk_i  {rise@0.000ns fall@10.000ns period=20.000ns})
  Path Group:             clk_i
  Path Type:              Setup (Max at Slow Process Corner)
  Requirement:            20.000ns  (clk_i rise@20.000ns - clk_i rise@0.000ns)
  Data Path Delay:        3.905ns  (logic 1.118ns (28.633%)  route 2.787ns (71.367%))
  Logic Levels:           4  (LUT3=1 LUT4=2 LUT5=1)
  Clock Path Skew:        -0.024ns (DCD - SCD + CPR)
    Destination Clock Delay (DCD):    4.929ns = ( 24.929 - 20.000 ) 
    Source Clock Delay      (SCD):    5.379ns
    Clock Pessimism Removal (CPR):    0.426ns
  Clock Uncertainty:      0.035ns  ((TSJ^2 + TIJ^2)^1/2 + DJ) / 2 + PE
    Total System Jitter     (TSJ):    0.071ns
    Total Input Jitter      (TIJ):    0.000ns
    Discrete Jitter          (DJ):    0.000ns
    Phase Error              (PE):    0.000ns

    Location             Delay type                Incr(ns)  Path(ns)    Netlist Resource(s)
  -------------------------------------------------------------------    -------------------
                         (clock clk_i rise edge)      0.000     0.000 r  
    U18                                               0.000     0.000 r  clk_i (IN)
                         net (fo=0)                   0.000     0.000    clk_i
    U18                  IBUF (Prop_ibuf_I_O)         1.530     1.530 r  clk_i_IBUF_inst/O
                         net (fo=1, routed)           2.076     3.606    clk_i_IBUF
    BUFGCTRL_X0Y1        BUFG (Prop_bufg_I_O)         0.101     3.707 r  clk_i_IBUF_BUFG_inst/O
                         net (fo=270, routed)         1.672     5.379    u_sys_monitor/u_uart_top/u_uart_rx/baud_cnt_reg[15]_0
    SLICE_X35Y39         FDCE                                         r  u_sys_monitor/u_uart_top/u_uart_rx/baud_cnt_reg[3]/C
  -------------------------------------------------------------------    -------------------
    SLICE_X35Y39         FDCE (Prop_fdce_C_Q)         0.419     5.798 r  u_sys_monitor/u_uart_top/u_uart_rx/baud_cnt_reg[3]/Q
                         net (fo=3, routed)           0.835     6.633    u_sys_monitor/u_uart_top/u_uart_rx/baud_cnt[3]
    SLICE_X33Y39         LUT4 (Prop_lut4_I0_O)        0.299     6.932 f  u_sys_monitor/u_uart_top/u_uart_rx/baud_cnt[15]_i_8/O
                         net (fo=1, routed)           0.402     7.334    u_sys_monitor/u_uart_top/u_uart_rx/baud_cnt[15]_i_8_n_0
    SLICE_X33Y40         LUT5 (Prop_lut5_I4_O)        0.124     7.458 r  u_sys_monitor/u_uart_top/u_uart_rx/baud_cnt[15]_i_4/O
                         net (fo=1, routed)           0.670     8.128    u_sys_monitor/u_uart_top/u_uart_rx/baud_cnt[15]_i_4_n_0
    SLICE_X33Y40         LUT4 (Prop_lut4_I0_O)        0.124     8.252 r  u_sys_monitor/u_uart_top/u_uart_rx/baud_cnt[15]_i_2/O
                         net (fo=16, routed)          0.879     9.132    u_sys_monitor/u_uart_top/u_uart_rx/baud_cnt[15]_i_2_n_0
    SLICE_X35Y41         LUT3 (Prop_lut3_I0_O)        0.152     9.284 r  u_sys_monitor/u_uart_top/u_uart_rx/baud_cnt[12]_i_1/O
                         net (fo=1, routed)           0.000     9.284    u_sys_monitor/u_uart_top/u_uart_rx/baud_cnt[12]_i_1_n_0
    SLICE_X35Y41         FDCE                                         r  u_sys_monitor/u_uart_top/u_uart_rx/baud_cnt_reg[12]/D
  -------------------------------------------------------------------    -------------------

                         (clock clk_i rise edge)     20.000    20.000 r  
    U18                                               0.000    20.000 r  clk_i (IN)
                         net (fo=0)                   0.000    20.000    clk_i
    U18                  IBUF (Prop_ibuf_I_O)         1.459    21.459 r  clk_i_IBUF_inst/O
                         net (fo=1, routed)           1.880    23.339    clk_i_IBUF
    BUFGCTRL_X0Y1        BUFG (Prop_bufg_I_O)         0.091    23.430 r  clk_i_IBUF_BUFG_inst/O
                         net (fo=270, routed)         1.499    24.929    u_sys_monitor/u_uart_top/u_uart_rx/baud_cnt_reg[15]_0
    SLICE_X35Y41         FDCE                                         r  u_sys_monitor/u_uart_top/u_uart_rx/baud_cnt_reg[12]/C
                         clock pessimism              0.426    25.355    
                         clock uncertainty           -0.035    25.320    
    SLICE_X35Y41         FDCE (Setup_fdce_C_D)        0.075    25.395    u_sys_monitor/u_uart_top/u_uart_rx/baud_cnt_reg[12]
  -------------------------------------------------------------------
                         required time                         25.395    
                         arrival time                          -9.284    
  -------------------------------------------------------------------
                         slack                                 16.111    

Slack (MET) :             16.115ns  (required time - arrival time)
  Source:                 u_sys_monitor/u_uart_top/u_uart_tx/baud_cnt_reg[5]/C
                            (rising edge-triggered cell FDCE clocked by clk_i  {rise@0.000ns fall@10.000ns period=20.000ns})
  Destination:            u_sys_monitor/u_uart_top/u_uart_tx/baud_cnt_reg[14]/D
                            (rising edge-triggered cell FDCE clocked by clk_i  {rise@0.000ns fall@10.000ns period=20.000ns})
  Path Group:             clk_i
  Path Type:              Setup (Max at Slow Process Corner)
  Requirement:            20.000ns  (clk_i rise@20.000ns - clk_i rise@0.000ns)
  Data Path Delay:        3.821ns  (logic 1.014ns (26.536%)  route 2.807ns (73.464%))
  Logic Levels:           4  (LUT4=1 LUT5=2 LUT6=1)
  Clock Path Skew:        -0.057ns (DCD - SCD + CPR)
    Destination Clock Delay (DCD):    4.923ns = ( 24.923 - 20.000 ) 
    Source Clock Delay      (SCD):    5.372ns
    Clock Pessimism Removal (CPR):    0.392ns
  Clock Uncertainty:      0.035ns  ((TSJ^2 + TIJ^2)^1/2 + DJ) / 2 + PE
    Total System Jitter     (TSJ):    0.071ns
    Total Input Jitter      (TIJ):    0.000ns
    Discrete Jitter          (DJ):    0.000ns
    Phase Error              (PE):    0.000ns

    Location             Delay type                Incr(ns)  Path(ns)    Netlist Resource(s)
  -------------------------------------------------------------------    -------------------
                         (clock clk_i rise edge)      0.000     0.000 r  
    U18                                               0.000     0.000 r  clk_i (IN)
                         net (fo=0)                   0.000     0.000    clk_i
    U18                  IBUF (Prop_ibuf_I_O)         1.530     1.530 r  clk_i_IBUF_inst/O
                         net (fo=1, routed)           2.076     3.606    clk_i_IBUF
    BUFGCTRL_X0Y1        BUFG (Prop_bufg_I_O)         0.101     3.707 r  clk_i_IBUF_BUFG_inst/O
                         net (fo=270, routed)         1.665     5.372    u_sys_monitor/u_uart_top/u_uart_tx/parity_bit_reg_0
    SLICE_X34Y32         FDCE                                         r  u_sys_monitor/u_uart_top/u_uart_tx/baud_cnt_reg[5]/C
  -------------------------------------------------------------------    -------------------
    SLICE_X34Y32         FDCE (Prop_fdce_C_Q)         0.518     5.890 f  u_sys_monitor/u_uart_top/u_uart_tx/baud_cnt_reg[5]/Q
                         net (fo=2, routed)           0.728     6.618    u_sys_monitor/u_uart_top/u_uart_tx/baud_cnt_reg_n_0_[5]
    SLICE_X34Y31         LUT4 (Prop_lut4_I3_O)        0.124     6.742 f  u_sys_monitor/u_uart_top/u_uart_tx/baud_cnt[15]_i_5__0/O
                         net (fo=1, routed)           0.282     7.024    u_sys_monitor/u_uart_top/u_uart_tx/baud_cnt[15]_i_5__0_n_0
    SLICE_X34Y31         LUT5 (Prop_lut5_I4_O)        0.124     7.148 r  u_sys_monitor/u_uart_top/u_uart_tx/baud_cnt[15]_i_4__0/O
                         net (fo=1, routed)           0.609     7.757    u_sys_monitor/u_uart_top/u_uart_tx/baud_cnt[15]_i_4__0_n_0
    SLICE_X34Y33         LUT6 (Prop_lut6_I5_O)        0.124     7.881 f  u_sys_monitor/u_uart_top/u_uart_tx/baud_cnt[15]_i_2__0/O
                         net (fo=17, routed)          1.189     9.069    u_sys_monitor/u_uart_top/u_uart_tx/baud_cnt1__14
    SLICE_X33Y33         LUT5 (Prop_lut5_I3_O)        0.124     9.193 r  u_sys_monitor/u_uart_top/u_uart_tx/baud_cnt[14]_i_1__0/O
                         net (fo=1, routed)           0.000     9.193    u_sys_monitor/u_uart_top/u_uart_tx/baud_cnt[14]_i_1__0_n_0
    SLICE_X33Y33         FDCE                                         r  u_sys_monitor/u_uart_top/u_uart_tx/baud_cnt_reg[14]/D
  -------------------------------------------------------------------    -------------------

                         (clock clk_i rise edge)     20.000    20.000 r  
    U18                                               0.000    20.000 r  clk_i (IN)
                         net (fo=0)                   0.000    20.000    clk_i
    U18                  IBUF (Prop_ibuf_I_O)         1.459    21.459 r  clk_i_IBUF_inst/O
                         net (fo=1, routed)           1.880    23.339    clk_i_IBUF
    BUFGCTRL_X0Y1        BUFG (Prop_bufg_I_O)         0.091    23.430 r  clk_i_IBUF_BUFG_inst/O
                         net (fo=270, routed)         1.493    24.923    u_sys_monitor/u_uart_top/u_uart_tx/parity_bit_reg_0
    SLICE_X33Y33         FDCE                                         r  u_sys_monitor/u_uart_top/u_uart_tx/baud_cnt_reg[14]/C
                         clock pessimism              0.392    25.315    
                         clock uncertainty           -0.035    25.280    
    SLICE_X33Y33         FDCE (Setup_fdce_C_D)        0.029    25.309    u_sys_monitor/u_uart_top/u_uart_tx/baud_cnt_reg[14]
  -------------------------------------------------------------------
                         required time                         25.309    
                         arrival time                          -9.193    
  -------------------------------------------------------------------
                         slack                                 16.115    

Slack (MET) :             16.118ns  (required time - arrival time)
  Source:                 u_sys_monitor/u_uart_top/u_uart_tx/baud_cnt_reg[5]/C
                            (rising edge-triggered cell FDCE clocked by clk_i  {rise@0.000ns fall@10.000ns period=20.000ns})
  Destination:            u_sys_monitor/u_uart_top/u_uart_tx/baud_cnt_reg[15]/D
                            (rising edge-triggered cell FDCE clocked by clk_i  {rise@0.000ns fall@10.000ns period=20.000ns})
  Path Group:             clk_i
  Path Type:              Setup (Max at Slow Process Corner)
  Requirement:            20.000ns  (clk_i rise@20.000ns - clk_i rise@0.000ns)
  Data Path Delay:        3.820ns  (logic 1.014ns (26.543%)  route 2.806ns (73.457%))
  Logic Levels:           4  (LUT4=1 LUT5=2 LUT6=1)
  Clock Path Skew:        -0.057ns (DCD - SCD + CPR)
    Destination Clock Delay (DCD):    4.923ns = ( 24.923 - 20.000 ) 
    Source Clock Delay      (SCD):    5.372ns
    Clock Pessimism Removal (CPR):    0.392ns
  Clock Uncertainty:      0.035ns  ((TSJ^2 + TIJ^2)^1/2 + DJ) / 2 + PE
    Total System Jitter     (TSJ):    0.071ns
    Total Input Jitter      (TIJ):    0.000ns
    Discrete Jitter          (DJ):    0.000ns
    Phase Error              (PE):    0.000ns

    Location             Delay type                Incr(ns)  Path(ns)    Netlist Resource(s)
  -------------------------------------------------------------------    -------------------
                         (clock clk_i rise edge)      0.000     0.000 r  
    U18                                               0.000     0.000 r  clk_i (IN)
                         net (fo=0)                   0.000     0.000    clk_i
    U18                  IBUF (Prop_ibuf_I_O)         1.530     1.530 r  clk_i_IBUF_inst/O
                         net (fo=1, routed)           2.076     3.606    clk_i_IBUF
    BUFGCTRL_X0Y1        BUFG (Prop_bufg_I_O)         0.101     3.707 r  clk_i_IBUF_BUFG_inst/O
                         net (fo=270, routed)         1.665     5.372    u_sys_monitor/u_uart_top/u_uart_tx/parity_bit_reg_0
    SLICE_X34Y32         FDCE                                         r  u_sys_monitor/u_uart_top/u_uart_tx/baud_cnt_reg[5]/C
  -------------------------------------------------------------------    -------------------
    SLICE_X34Y32         FDCE (Prop_fdce_C_Q)         0.518     5.890 f  u_sys_monitor/u_uart_top/u_uart_tx/baud_cnt_reg[5]/Q
                         net (fo=2, routed)           0.728     6.618    u_sys_monitor/u_uart_top/u_uart_tx/baud_cnt_reg_n_0_[5]
    SLICE_X34Y31         LUT4 (Prop_lut4_I3_O)        0.124     6.742 f  u_sys_monitor/u_uart_top/u_uart_tx/baud_cnt[15]_i_5__0/O
                         net (fo=1, routed)           0.282     7.024    u_sys_monitor/u_uart_top/u_uart_tx/baud_cnt[15]_i_5__0_n_0
    SLICE_X34Y31         LUT5 (Prop_lut5_I4_O)        0.124     7.148 r  u_sys_monitor/u_uart_top/u_uart_tx/baud_cnt[15]_i_4__0/O
                         net (fo=1, routed)           0.609     7.757    u_sys_monitor/u_uart_top/u_uart_tx/baud_cnt[15]_i_4__0_n_0
    SLICE_X34Y33         LUT6 (Prop_lut6_I5_O)        0.124     7.881 f  u_sys_monitor/u_uart_top/u_uart_tx/baud_cnt[15]_i_2__0/O
                         net (fo=17, routed)          1.188     9.068    u_sys_monitor/u_uart_top/u_uart_tx/baud_cnt1__14
    SLICE_X33Y33         LUT5 (Prop_lut5_I3_O)        0.124     9.192 r  u_sys_monitor/u_uart_top/u_uart_tx/baud_cnt[15]_i_1__0/O
                         net (fo=1, routed)           0.000     9.192    u_sys_monitor/u_uart_top/u_uart_tx/baud_cnt[15]_i_1__0_n_0
    SLICE_X33Y33         FDCE                                         r  u_sys_monitor/u_uart_top/u_uart_tx/baud_cnt_reg[15]/D
  -------------------------------------------------------------------    -------------------

                         (clock clk_i rise edge)     20.000    20.000 r  
    U18                                               0.000    20.000 r  clk_i (IN)
                         net (fo=0)                   0.000    20.000    clk_i
    U18                  IBUF (Prop_ibuf_I_O)         1.459    21.459 r  clk_i_IBUF_inst/O
                         net (fo=1, routed)           1.880    23.339    clk_i_IBUF
    BUFGCTRL_X0Y1        BUFG (Prop_bufg_I_O)         0.091    23.430 r  clk_i_IBUF_BUFG_inst/O
                         net (fo=270, routed)         1.493    24.923    u_sys_monitor/u_uart_top/u_uart_tx/parity_bit_reg_0
    SLICE_X33Y33         FDCE                                         r  u_sys_monitor/u_uart_top/u_uart_tx/baud_cnt_reg[15]/C
                         clock pessimism              0.392    25.315    
                         clock uncertainty           -0.035    25.280    
    SLICE_X33Y33         FDCE (Setup_fdce_C_D)        0.031    25.311    u_sys_monitor/u_uart_top/u_uart_tx/baud_cnt_reg[15]
  -------------------------------------------------------------------
                         required time                         25.311    
                         arrival time                          -9.192    
  -------------------------------------------------------------------
                         slack                                 16.118    

Slack (MET) :             16.119ns  (required time - arrival time)
  Source:                 u_sys_monitor/u_uart_top/u_uart_rx/baud_cnt_reg[3]/C
                            (rising edge-triggered cell FDCE clocked by clk_i  {rise@0.000ns fall@10.000ns period=20.000ns})
  Destination:            u_sys_monitor/u_uart_top/u_uart_rx/baud_cnt_reg[14]/D
                            (rising edge-triggered cell FDCE clocked by clk_i  {rise@0.000ns fall@10.000ns period=20.000ns})
  Path Group:             clk_i
  Path Type:              Setup (Max at Slow Process Corner)
  Requirement:            20.000ns  (clk_i rise@20.000ns - clk_i rise@0.000ns)
  Data Path Delay:        3.850ns  (logic 1.090ns (28.310%)  route 2.760ns (71.690%))
  Logic Levels:           4  (LUT3=1 LUT4=2 LUT5=1)
  Clock Path Skew:        -0.024ns (DCD - SCD + CPR)
    Destination Clock Delay (DCD):    4.929ns = ( 24.929 - 20.000 ) 
    Source Clock Delay      (SCD):    5.379ns
    Clock Pessimism Removal (CPR):    0.426ns
  Clock Uncertainty:      0.035ns  ((TSJ^2 + TIJ^2)^1/2 + DJ) / 2 + PE
    Total System Jitter     (TSJ):    0.071ns
    Total Input Jitter      (TIJ):    0.000ns
    Discrete Jitter          (DJ):    0.000ns
    Phase Error              (PE):    0.000ns

    Location             Delay type                Incr(ns)  Path(ns)    Netlist Resource(s)
  -------------------------------------------------------------------    -------------------
                         (clock clk_i rise edge)      0.000     0.000 r  
    U18                                               0.000     0.000 r  clk_i (IN)
                         net (fo=0)                   0.000     0.000    clk_i
    U18                  IBUF (Prop_ibuf_I_O)         1.530     1.530 r  clk_i_IBUF_inst/O
                         net (fo=1, routed)           2.076     3.606    clk_i_IBUF
    BUFGCTRL_X0Y1        BUFG (Prop_bufg_I_O)         0.101     3.707 r  clk_i_IBUF_BUFG_inst/O
                         net (fo=270, routed)         1.672     5.379    u_sys_monitor/u_uart_top/u_uart_rx/baud_cnt_reg[15]_0
    SLICE_X35Y39         FDCE                                         r  u_sys_monitor/u_uart_top/u_uart_rx/baud_cnt_reg[3]/C
  -------------------------------------------------------------------    -------------------
    SLICE_X35Y39         FDCE (Prop_fdce_C_Q)         0.419     5.798 r  u_sys_monitor/u_uart_top/u_uart_rx/baud_cnt_reg[3]/Q
                         net (fo=3, routed)           0.835     6.633    u_sys_monitor/u_uart_top/u_uart_rx/baud_cnt[3]
    SLICE_X33Y39         LUT4 (Prop_lut4_I0_O)        0.299     6.932 f  u_sys_monitor/u_uart_top/u_uart_rx/baud_cnt[15]_i_8/O
                         net (fo=1, routed)           0.402     7.334    u_sys_monitor/u_uart_top/u_uart_rx/baud_cnt[15]_i_8_n_0
    SLICE_X33Y40         LUT5 (Prop_lut5_I4_O)        0.124     7.458 r  u_sys_monitor/u_uart_top/u_uart_rx/baud_cnt[15]_i_4/O
                         net (fo=1, routed)           0.670     8.128    u_sys_monitor/u_uart_top/u_uart_rx/baud_cnt[15]_i_4_n_0
    SLICE_X33Y40         LUT4 (Prop_lut4_I0_O)        0.124     8.252 r  u_sys_monitor/u_uart_top/u_uart_rx/baud_cnt[15]_i_2/O
                         net (fo=16, routed)          0.853     9.105    u_sys_monitor/u_uart_top/u_uart_rx/baud_cnt[15]_i_2_n_0
    SLICE_X35Y42         LUT3 (Prop_lut3_I0_O)        0.124     9.229 r  u_sys_monitor/u_uart_top/u_uart_rx/baud_cnt[14]_i_1/O
                         net (fo=1, routed)           0.000     9.229    u_sys_monitor/u_uart_top/u_uart_rx/baud_cnt[14]_i_1_n_0
    SLICE_X35Y42         FDCE                                         r  u_sys_monitor/u_uart_top/u_uart_rx/baud_cnt_reg[14]/D
  -------------------------------------------------------------------    -------------------

                         (clock clk_i rise edge)     20.000    20.000 r  
    U18                                               0.000    20.000 r  clk_i (IN)
                         net (fo=0)                   0.000    20.000    clk_i
    U18                  IBUF (Prop_ibuf_I_O)         1.459    21.459 r  clk_i_IBUF_inst/O
                         net (fo=1, routed)           1.880    23.339    clk_i_IBUF
    BUFGCTRL_X0Y1        BUFG (Prop_bufg_I_O)         0.091    23.430 r  clk_i_IBUF_BUFG_inst/O
                         net (fo=270, routed)         1.499    24.929    u_sys_monitor/u_uart_top/u_uart_rx/baud_cnt_reg[15]_0
    SLICE_X35Y42         FDCE                                         r  u_sys_monitor/u_uart_top/u_uart_rx/baud_cnt_reg[14]/C
                         clock pessimism              0.426    25.355    
                         clock uncertainty           -0.035    25.320    
    SLICE_X35Y42         FDCE (Setup_fdce_C_D)        0.029    25.349    u_sys_monitor/u_uart_top/u_uart_rx/baud_cnt_reg[14]
  -------------------------------------------------------------------
                         required time                         25.349    
                         arrival time                          -9.229    
  -------------------------------------------------------------------
                         slack                                 16.119    

Slack (MET) :             16.133ns  (required time - arrival time)
  Source:                 u_sys_monitor/u_uart_top/u_uart_tx/baud_cnt_reg[5]/C
                            (rising edge-triggered cell FDCE clocked by clk_i  {rise@0.000ns fall@10.000ns period=20.000ns})
  Destination:            u_sys_monitor/u_uart_top/u_uart_tx/bit_done_reg/D
                            (rising edge-triggered cell FDCE clocked by clk_i  {rise@0.000ns fall@10.000ns period=20.000ns})
  Path Group:             clk_i
  Path Type:              Setup (Max at Slow Process Corner)
  Requirement:            20.000ns  (clk_i rise@20.000ns - clk_i rise@0.000ns)
  Data Path Delay:        3.849ns  (logic 1.042ns (27.070%)  route 2.807ns (72.930%))
  Logic Levels:           4  (LUT4=2 LUT5=1 LUT6=1)
  Clock Path Skew:        -0.057ns (DCD - SCD + CPR)
    Destination Clock Delay (DCD):    4.923ns = ( 24.923 - 20.000 ) 
    Source Clock Delay      (SCD):    5.372ns
    Clock Pessimism Removal (CPR):    0.392ns
  Clock Uncertainty:      0.035ns  ((TSJ^2 + TIJ^2)^1/2 + DJ) / 2 + PE
    Total System Jitter     (TSJ):    0.071ns
    Total Input Jitter      (TIJ):    0.000ns
    Discrete Jitter          (DJ):    0.000ns
    Phase Error              (PE):    0.000ns

    Location             Delay type                Incr(ns)  Path(ns)    Netlist Resource(s)
  -------------------------------------------------------------------    -------------------
                         (clock clk_i rise edge)      0.000     0.000 r  
    U18                                               0.000     0.000 r  clk_i (IN)
                         net (fo=0)                   0.000     0.000    clk_i
    U18                  IBUF (Prop_ibuf_I_O)         1.530     1.530 r  clk_i_IBUF_inst/O
                         net (fo=1, routed)           2.076     3.606    clk_i_IBUF
    BUFGCTRL_X0Y1        BUFG (Prop_bufg_I_O)         0.101     3.707 r  clk_i_IBUF_BUFG_inst/O
                         net (fo=270, routed)         1.665     5.372    u_sys_monitor/u_uart_top/u_uart_tx/parity_bit_reg_0
    SLICE_X34Y32         FDCE                                         r  u_sys_monitor/u_uart_top/u_uart_tx/baud_cnt_reg[5]/C
  -------------------------------------------------------------------    -------------------
    SLICE_X34Y32         FDCE (Prop_fdce_C_Q)         0.518     5.890 r  u_sys_monitor/u_uart_top/u_uart_tx/baud_cnt_reg[5]/Q
                         net (fo=2, routed)           0.728     6.618    u_sys_monitor/u_uart_top/u_uart_tx/baud_cnt_reg_n_0_[5]
    SLICE_X34Y31         LUT4 (Prop_lut4_I3_O)        0.124     6.742 r  u_sys_monitor/u_uart_top/u_uart_tx/baud_cnt[15]_i_5__0/O
                         net (fo=1, routed)           0.282     7.024    u_sys_monitor/u_uart_top/u_uart_tx/baud_cnt[15]_i_5__0_n_0
    SLICE_X34Y31         LUT5 (Prop_lut5_I4_O)        0.124     7.148 f  u_sys_monitor/u_uart_top/u_uart_tx/baud_cnt[15]_i_4__0/O
                         net (fo=1, routed)           0.609     7.757    u_sys_monitor/u_uart_top/u_uart_tx/baud_cnt[15]_i_4__0_n_0
    SLICE_X34Y33         LUT6 (Prop_lut6_I5_O)        0.124     7.881 r  u_sys_monitor/u_uart_top/u_uart_tx/baud_cnt[15]_i_2__0/O
                         net (fo=17, routed)          1.189     9.069    u_sys_monitor/u_uart_top/u_uart_tx/baud_cnt1__14
    SLICE_X33Y33         LUT4 (Prop_lut4_I3_O)        0.152     9.221 r  u_sys_monitor/u_uart_top/u_uart_tx/bit_done_i_1__0/O
                         net (fo=1, routed)           0.000     9.221    u_sys_monitor/u_uart_top/u_uart_tx/bit_done1_out
    SLICE_X33Y33         FDCE                                         r  u_sys_monitor/u_uart_top/u_uart_tx/bit_done_reg/D
  -------------------------------------------------------------------    -------------------

                         (clock clk_i rise edge)     20.000    20.000 r  
    U18                                               0.000    20.000 r  clk_i (IN)
                         net (fo=0)                   0.000    20.000    clk_i
    U18                  IBUF (Prop_ibuf_I_O)         1.459    21.459 r  clk_i_IBUF_inst/O
                         net (fo=1, routed)           1.880    23.339    clk_i_IBUF
    BUFGCTRL_X0Y1        BUFG (Prop_bufg_I_O)         0.091    23.430 r  clk_i_IBUF_BUFG_inst/O
                         net (fo=270, routed)         1.493    24.923    u_sys_monitor/u_uart_top/u_uart_tx/parity_bit_reg_0
    SLICE_X33Y33         FDCE                                         r  u_sys_monitor/u_uart_top/u_uart_tx/bit_done_reg/C
                         clock pessimism              0.392    25.315    
                         clock uncertainty           -0.035    25.280    
    SLICE_X33Y33         FDCE (Setup_fdce_C_D)        0.075    25.355    u_sys_monitor/u_uart_top/u_uart_tx/bit_done_reg
  -------------------------------------------------------------------
                         required time                         25.355    
                         arrival time                          -9.221    
  -------------------------------------------------------------------
                         slack                                 16.133    

Slack (MET) :             16.139ns  (required time - arrival time)
  Source:                 u_sys_monitor/u_uart_top/u_uart_rx/baud_cnt_reg[3]/C
                            (rising edge-triggered cell FDCE clocked by clk_i  {rise@0.000ns fall@10.000ns period=20.000ns})
  Destination:            u_sys_monitor/u_uart_top/u_uart_rx/baud_cnt_reg[15]/D
                            (rising edge-triggered cell FDCE clocked by clk_i  {rise@0.000ns fall@10.000ns period=20.000ns})
  Path Group:             clk_i
  Path Type:              Setup (Max at Slow Process Corner)
  Requirement:            20.000ns  (clk_i rise@20.000ns - clk_i rise@0.000ns)
  Data Path Delay:        3.876ns  (logic 1.116ns (28.791%)  route 2.760ns (71.209%))
  Logic Levels:           4  (LUT3=1 LUT4=2 LUT5=1)
  Clock Path Skew:        -0.024ns (DCD - SCD + CPR)
    Destination Clock Delay (DCD):    4.929ns = ( 24.929 - 20.000 ) 
    Source Clock Delay      (SCD):    5.379ns
    Clock Pessimism Removal (CPR):    0.426ns
  Clock Uncertainty:      0.035ns  ((TSJ^2 + TIJ^2)^1/2 + DJ) / 2 + PE
    Total System Jitter     (TSJ):    0.071ns
    Total Input Jitter      (TIJ):    0.000ns
    Discrete Jitter          (DJ):    0.000ns
    Phase Error              (PE):    0.000ns

    Location             Delay type                Incr(ns)  Path(ns)    Netlist Resource(s)
  -------------------------------------------------------------------    -------------------
                         (clock clk_i rise edge)      0.000     0.000 r  
    U18                                               0.000     0.000 r  clk_i (IN)
                         net (fo=0)                   0.000     0.000    clk_i
    U18                  IBUF (Prop_ibuf_I_O)         1.530     1.530 r  clk_i_IBUF_inst/O
                         net (fo=1, routed)           2.076     3.606    clk_i_IBUF
    BUFGCTRL_X0Y1        BUFG (Prop_bufg_I_O)         0.101     3.707 r  clk_i_IBUF_BUFG_inst/O
                         net (fo=270, routed)         1.672     5.379    u_sys_monitor/u_uart_top/u_uart_rx/baud_cnt_reg[15]_0
    SLICE_X35Y39         FDCE                                         r  u_sys_monitor/u_uart_top/u_uart_rx/baud_cnt_reg[3]/C
  -------------------------------------------------------------------    -------------------
    SLICE_X35Y39         FDCE (Prop_fdce_C_Q)         0.419     5.798 r  u_sys_monitor/u_uart_top/u_uart_rx/baud_cnt_reg[3]/Q
                         net (fo=3, routed)           0.835     6.633    u_sys_monitor/u_uart_top/u_uart_rx/baud_cnt[3]
    SLICE_X33Y39         LUT4 (Prop_lut4_I0_O)        0.299     6.932 f  u_sys_monitor/u_uart_top/u_uart_rx/baud_cnt[15]_i_8/O
                         net (fo=1, routed)           0.402     7.334    u_sys_monitor/u_uart_top/u_uart_rx/baud_cnt[15]_i_8_n_0
    SLICE_X33Y40         LUT5 (Prop_lut5_I4_O)        0.124     7.458 r  u_sys_monitor/u_uart_top/u_uart_rx/baud_cnt[15]_i_4/O
                         net (fo=1, routed)           0.670     8.128    u_sys_monitor/u_uart_top/u_uart_rx/baud_cnt[15]_i_4_n_0
    SLICE_X33Y40         LUT4 (Prop_lut4_I0_O)        0.124     8.252 r  u_sys_monitor/u_uart_top/u_uart_rx/baud_cnt[15]_i_2/O
                         net (fo=16, routed)          0.853     9.105    u_sys_monitor/u_uart_top/u_uart_rx/baud_cnt[15]_i_2_n_0
    SLICE_X35Y42         LUT3 (Prop_lut3_I0_O)        0.150     9.255 r  u_sys_monitor/u_uart_top/u_uart_rx/baud_cnt[15]_i_1/O
                         net (fo=1, routed)           0.000     9.255    u_sys_monitor/u_uart_top/u_uart_rx/baud_cnt[15]_i_1_n_0
    SLICE_X35Y42         FDCE                                         r  u_sys_monitor/u_uart_top/u_uart_rx/baud_cnt_reg[15]/D
  -------------------------------------------------------------------    -------------------

                         (clock clk_i rise edge)     20.000    20.000 r  
    U18                                               0.000    20.000 r  clk_i (IN)
                         net (fo=0)                   0.000    20.000    clk_i
    U18                  IBUF (Prop_ibuf_I_O)         1.459    21.459 r  clk_i_IBUF_inst/O
                         net (fo=1, routed)           1.880    23.339    clk_i_IBUF
    BUFGCTRL_X0Y1        BUFG (Prop_bufg_I_O)         0.091    23.430 r  clk_i_IBUF_BUFG_inst/O
                         net (fo=270, routed)         1.499    24.929    u_sys_monitor/u_uart_top/u_uart_rx/baud_cnt_reg[15]_0
    SLICE_X35Y42         FDCE                                         r  u_sys_monitor/u_uart_top/u_uart_rx/baud_cnt_reg[15]/C
                         clock pessimism              0.426    25.355    
                         clock uncertainty           -0.035    25.320    
    SLICE_X35Y42         FDCE (Setup_fdce_C_D)        0.075    25.395    u_sys_monitor/u_uart_top/u_uart_rx/baud_cnt_reg[15]
  -------------------------------------------------------------------
                         required time                         25.395    
                         arrival time                          -9.255    
  -------------------------------------------------------------------
                         slack                                 16.139    

Slack (MET) :             16.192ns  (required time - arrival time)
  Source:                 u_sys_monitor/u_uart_top/u_uart_rx/baud_cnt_reg[3]/C
                            (rising edge-triggered cell FDCE clocked by clk_i  {rise@0.000ns fall@10.000ns period=20.000ns})
  Destination:            u_sys_monitor/u_uart_top/u_uart_rx/baud_cnt_reg[2]/D
                            (rising edge-triggered cell FDCE clocked by clk_i  {rise@0.000ns fall@10.000ns period=20.000ns})
  Path Group:             clk_i
  Path Type:              Setup (Max at Slow Process Corner)
  Requirement:            20.000ns  (clk_i rise@20.000ns - clk_i rise@0.000ns)
  Data Path Delay:        3.802ns  (logic 1.090ns (28.672%)  route 2.712ns (71.328%))
  Logic Levels:           4  (LUT3=1 LUT4=2 LUT5=1)
  Clock Path Skew:        0.000ns (DCD - SCD + CPR)
    Destination Clock Delay (DCD):    4.928ns = ( 24.928 - 20.000 ) 
    Source Clock Delay      (SCD):    5.379ns
    Clock Pessimism Removal (CPR):    0.451ns
  Clock Uncertainty:      0.035ns  ((TSJ^2 + TIJ^2)^1/2 + DJ) / 2 + PE
    Total System Jitter     (TSJ):    0.071ns
    Total Input Jitter      (TIJ):    0.000ns
    Discrete Jitter          (DJ):    0.000ns
    Phase Error              (PE):    0.000ns

    Location             Delay type                Incr(ns)  Path(ns)    Netlist Resource(s)
  -------------------------------------------------------------------    -------------------
                         (clock clk_i rise edge)      0.000     0.000 r  
    U18                                               0.000     0.000 r  clk_i (IN)
                         net (fo=0)                   0.000     0.000    clk_i
    U18                  IBUF (Prop_ibuf_I_O)         1.530     1.530 r  clk_i_IBUF_inst/O
                         net (fo=1, routed)           2.076     3.606    clk_i_IBUF
    BUFGCTRL_X0Y1        BUFG (Prop_bufg_I_O)         0.101     3.707 r  clk_i_IBUF_BUFG_inst/O
                         net (fo=270, routed)         1.672     5.379    u_sys_monitor/u_uart_top/u_uart_rx/baud_cnt_reg[15]_0
    SLICE_X35Y39         FDCE                                         r  u_sys_monitor/u_uart_top/u_uart_rx/baud_cnt_reg[3]/C
  -------------------------------------------------------------------    -------------------
    SLICE_X35Y39         FDCE (Prop_fdce_C_Q)         0.419     5.798 r  u_sys_monitor/u_uart_top/u_uart_rx/baud_cnt_reg[3]/Q
                         net (fo=3, routed)           0.835     6.633    u_sys_monitor/u_uart_top/u_uart_rx/baud_cnt[3]
    SLICE_X33Y39         LUT4 (Prop_lut4_I0_O)        0.299     6.932 f  u_sys_monitor/u_uart_top/u_uart_rx/baud_cnt[15]_i_8/O
                         net (fo=1, routed)           0.402     7.334    u_sys_monitor/u_uart_top/u_uart_rx/baud_cnt[15]_i_8_n_0
    SLICE_X33Y40         LUT5 (Prop_lut5_I4_O)        0.124     7.458 r  u_sys_monitor/u_uart_top/u_uart_rx/baud_cnt[15]_i_4/O
                         net (fo=1, routed)           0.670     8.128    u_sys_monitor/u_uart_top/u_uart_rx/baud_cnt[15]_i_4_n_0
    SLICE_X33Y40         LUT4 (Prop_lut4_I0_O)        0.124     8.252 r  u_sys_monitor/u_uart_top/u_uart_rx/baud_cnt[15]_i_2/O
                         net (fo=16, routed)          0.804     9.057    u_sys_monitor/u_uart_top/u_uart_rx/baud_cnt[15]_i_2_n_0
    SLICE_X35Y39         LUT3 (Prop_lut3_I0_O)        0.124     9.181 r  u_sys_monitor/u_uart_top/u_uart_rx/baud_cnt[2]_i_1/O
                         net (fo=1, routed)           0.000     9.181    u_sys_monitor/u_uart_top/u_uart_rx/baud_cnt[2]_i_1_n_0
    SLICE_X35Y39         FDCE                                         r  u_sys_monitor/u_uart_top/u_uart_rx/baud_cnt_reg[2]/D
  -------------------------------------------------------------------    -------------------

                         (clock clk_i rise edge)     20.000    20.000 r  
    U18                                               0.000    20.000 r  clk_i (IN)
                         net (fo=0)                   0.000    20.000    clk_i
    U18                  IBUF (Prop_ibuf_I_O)         1.459    21.459 r  clk_i_IBUF_inst/O
                         net (fo=1, routed)           1.880    23.339    clk_i_IBUF
    BUFGCTRL_X0Y1        BUFG (Prop_bufg_I_O)         0.091    23.430 r  clk_i_IBUF_BUFG_inst/O
                         net (fo=270, routed)         1.498    24.928    u_sys_monitor/u_uart_top/u_uart_rx/baud_cnt_reg[15]_0
    SLICE_X35Y39         FDCE                                         r  u_sys_monitor/u_uart_top/u_uart_rx/baud_cnt_reg[2]/C
                         clock pessimism              0.451    25.379    
                         clock uncertainty           -0.035    25.344    
    SLICE_X35Y39         FDCE (Setup_fdce_C_D)        0.029    25.373    u_sys_monitor/u_uart_top/u_uart_rx/baud_cnt_reg[2]
  -------------------------------------------------------------------
                         required time                         25.373    
                         arrival time                          -9.181    
  -------------------------------------------------------------------
                         slack                                 16.192    





Min Delay Paths
--------------------------------------------------------------------------------------
Slack (MET) :             0.106ns  (arrival time - required time)
  Source:                 u_sys_monitor/u_run_2_uart_clock/U0/inst_fifo_gen/gconvfifo.rf/grf.rf/rstblk/ngwrdrst.grst.g7serrst.gsckt_wrst.gic_rst.wr_rst_rd_ext_reg[1]/C
                            (rising edge-triggered cell FDRE clocked by clk_i  {rise@0.000ns fall@10.000ns period=20.000ns})
  Destination:            u_sys_monitor/u_run_2_uart_clock/U0/inst_fifo_gen/gconvfifo.rf/grf.rf/rstblk/ngwrdrst.grst.g7serrst.gsckt_wrst.gic_rst.sckt_rd_rst_ic_reg/D
                            (rising edge-triggered cell FDRE clocked by clk_i  {rise@0.000ns fall@10.000ns period=20.000ns})
  Path Group:             clk_i
  Path Type:              Hold (Min at Fast Process Corner)
  Requirement:            0.000ns  (clk_i rise@0.000ns - clk_i rise@0.000ns)
  Data Path Delay:        0.240ns  (logic 0.186ns (77.466%)  route 0.054ns (22.534%))
  Logic Levels:           1  (LUT3=1)
  Clock Path Skew:        0.013ns (DCD - SCD - CPR)
    Destination Clock Delay (DCD):    2.018ns
    Source Clock Delay      (SCD):    1.504ns
    Clock Pessimism Removal (CPR):    0.501ns

    Location             Delay type                Incr(ns)  Path(ns)    Netlist Resource(s)
  -------------------------------------------------------------------    -------------------
                         (clock clk_i rise edge)      0.000     0.000 r  
    U18                                               0.000     0.000 r  clk_i (IN)
                         net (fo=0)                   0.000     0.000    clk_i
    U18                  IBUF (Prop_ibuf_I_O)         0.297     0.297 r  clk_i_IBUF_inst/O
                         net (fo=1, routed)           0.627     0.925    clk_i_IBUF
    BUFGCTRL_X0Y1        BUFG (Prop_bufg_I_O)         0.026     0.951 r  clk_i_IBUF_BUFG_inst/O
                         net (fo=270, routed)         0.554     1.504    u_sys_monitor/u_run_2_uart_clock/U0/inst_fifo_gen/gconvfifo.rf/grf.rf/rstblk/rd_clk
    SLICE_X29Y29         FDRE                                         r  u_sys_monitor/u_run_2_uart_clock/U0/inst_fifo_gen/gconvfifo.rf/grf.rf/rstblk/ngwrdrst.grst.g7serrst.gsckt_wrst.gic_rst.wr_rst_rd_ext_reg[1]/C
  -------------------------------------------------------------------    -------------------
    SLICE_X29Y29         FDRE (Prop_fdre_C_Q)         0.141     1.645 f  u_sys_monitor/u_run_2_uart_clock/U0/inst_fifo_gen/gconvfifo.rf/grf.rf/rstblk/ngwrdrst.grst.g7serrst.gsckt_wrst.gic_rst.wr_rst_rd_ext_reg[1]/Q
                         net (fo=1, routed)           0.054     1.699    u_sys_monitor/u_run_2_uart_clock/U0/inst_fifo_gen/gconvfifo.rf/grf.rf/rstblk/wr_rst_rd_ext[1]
    SLICE_X28Y29         LUT3 (Prop_lut3_I0_O)        0.045     1.744 r  u_sys_monitor/u_run_2_uart_clock/U0/inst_fifo_gen/gconvfifo.rf/grf.rf/rstblk/ngwrdrst.grst.g7serrst.gsckt_wrst.gic_rst.sckt_rd_rst_ic_i_1/O
                         net (fo=1, routed)           0.000     1.744    u_sys_monitor/u_run_2_uart_clock/U0/inst_fifo_gen/gconvfifo.rf/grf.rf/rstblk/ngwrdrst.grst.g7serrst.gsckt_wrst.gic_rst.sckt_rd_rst_ic_i_1_n_0
    SLICE_X28Y29         FDRE                                         r  u_sys_monitor/u_run_2_uart_clock/U0/inst_fifo_gen/gconvfifo.rf/grf.rf/rstblk/ngwrdrst.grst.g7serrst.gsckt_wrst.gic_rst.sckt_rd_rst_ic_reg/D
  -------------------------------------------------------------------    -------------------

                         (clock clk_i rise edge)      0.000     0.000 r  
    U18                                               0.000     0.000 r  clk_i (IN)
                         net (fo=0)                   0.000     0.000    clk_i
    U18                  IBUF (Prop_ibuf_I_O)         0.486     0.486 r  clk_i_IBUF_inst/O
                         net (fo=1, routed)           0.683     1.169    clk_i_IBUF
    BUFGCTRL_X0Y1        BUFG (Prop_bufg_I_O)         0.029     1.198 r  clk_i_IBUF_BUFG_inst/O
                         net (fo=270, routed)         0.820     2.018    u_sys_monitor/u_run_2_uart_clock/U0/inst_fifo_gen/gconvfifo.rf/grf.rf/rstblk/rd_clk
    SLICE_X28Y29         FDRE                                         r  u_sys_monitor/u_run_2_uart_clock/U0/inst_fifo_gen/gconvfifo.rf/grf.rf/rstblk/ngwrdrst.grst.g7serrst.gsckt_wrst.gic_rst.sckt_rd_rst_ic_reg/C
                         clock pessimism             -0.501     1.517    
    SLICE_X28Y29         FDRE (Hold_fdre_C_D)         0.121     1.638    u_sys_monitor/u_run_2_uart_clock/U0/inst_fifo_gen/gconvfifo.rf/grf.rf/rstblk/ngwrdrst.grst.g7serrst.gsckt_wrst.gic_rst.sckt_rd_rst_ic_reg
  -------------------------------------------------------------------
                         required time                         -1.638    
                         arrival time                           1.744    
  -------------------------------------------------------------------
                         slack                                  0.106    

Slack (MET) :             0.121ns  (arrival time - required time)
  Source:                 u_sys_monitor/u_run_2_uart_clock/U0/inst_fifo_gen/gconvfifo.rf/grf.rf/gntv_or_sync_fifo.gcx.clkx/wr_pntr_cdc_inst/dest_graysync_ff_reg[0][3]/C
                            (rising edge-triggered cell FDRE clocked by clk_i  {rise@0.000ns fall@10.000ns period=20.000ns})
  Destination:            u_sys_monitor/u_run_2_uart_clock/U0/inst_fifo_gen/gconvfifo.rf/grf.rf/gntv_or_sync_fifo.gcx.clkx/wr_pntr_cdc_inst/dest_graysync_ff_reg[1][3]/D
                            (rising edge-triggered cell FDRE clocked by clk_i  {rise@0.000ns fall@10.000ns period=20.000ns})
  Path Group:             clk_i
  Path Type:              Hold (Min at Fast Process Corner)
  Requirement:            0.000ns  (clk_i rise@0.000ns - clk_i rise@0.000ns)
  Data Path Delay:        0.197ns  (logic 0.141ns (71.611%)  route 0.056ns (28.389%))
  Logic Levels:           0  
  Clock Path Skew:        0.000ns (DCD - SCD - CPR)
    Destination Clock Delay (DCD):    2.014ns
    Source Clock Delay      (SCD):    1.500ns
    Clock Pessimism Removal (CPR):    0.514ns

    Location             Delay type                Incr(ns)  Path(ns)    Netlist Resource(s)
  -------------------------------------------------------------------    -------------------
                         (clock clk_i rise edge)      0.000     0.000 r  
    U18                                               0.000     0.000 r  clk_i (IN)
                         net (fo=0)                   0.000     0.000    clk_i
    U18                  IBUF (Prop_ibuf_I_O)         0.297     0.297 r  clk_i_IBUF_inst/O
                         net (fo=1, routed)           0.627     0.925    clk_i_IBUF
    BUFGCTRL_X0Y1        BUFG (Prop_bufg_I_O)         0.026     0.951 r  clk_i_IBUF_BUFG_inst/O
                         net (fo=270, routed)         0.550     1.500    u_sys_monitor/u_run_2_uart_clock/U0/inst_fifo_gen/gconvfifo.rf/grf.rf/gntv_or_sync_fifo.gcx.clkx/wr_pntr_cdc_inst/dest_clk
    SLICE_X25Y28         FDRE                                         r  u_sys_monitor/u_run_2_uart_clock/U0/inst_fifo_gen/gconvfifo.rf/grf.rf/gntv_or_sync_fifo.gcx.clkx/wr_pntr_cdc_inst/dest_graysync_ff_reg[0][3]/C
  -------------------------------------------------------------------    -------------------
    SLICE_X25Y28         FDRE (Prop_fdre_C_Q)         0.141     1.641 r  u_sys_monitor/u_run_2_uart_clock/U0/inst_fifo_gen/gconvfifo.rf/grf.rf/gntv_or_sync_fifo.gcx.clkx/wr_pntr_cdc_inst/dest_graysync_ff_reg[0][3]/Q
                         net (fo=1, routed)           0.056     1.697    u_sys_monitor/u_run_2_uart_clock/U0/inst_fifo_gen/gconvfifo.rf/grf.rf/gntv_or_sync_fifo.gcx.clkx/wr_pntr_cdc_inst/dest_graysync_ff[0][3]
    SLICE_X25Y28         FDRE                                         r  u_sys_monitor/u_run_2_uart_clock/U0/inst_fifo_gen/gconvfifo.rf/grf.rf/gntv_or_sync_fifo.gcx.clkx/wr_pntr_cdc_inst/dest_graysync_ff_reg[1][3]/D
  -------------------------------------------------------------------    -------------------

                         (clock clk_i rise edge)      0.000     0.000 r  
    U18                                               0.000     0.000 r  clk_i (IN)
                         net (fo=0)                   0.000     0.000    clk_i
    U18                  IBUF (Prop_ibuf_I_O)         0.486     0.486 r  clk_i_IBUF_inst/O
                         net (fo=1, routed)           0.683     1.169    clk_i_IBUF
    BUFGCTRL_X0Y1        BUFG (Prop_bufg_I_O)         0.029     1.198 r  clk_i_IBUF_BUFG_inst/O
                         net (fo=270, routed)         0.816     2.014    u_sys_monitor/u_run_2_uart_clock/U0/inst_fifo_gen/gconvfifo.rf/grf.rf/gntv_or_sync_fifo.gcx.clkx/wr_pntr_cdc_inst/dest_clk
    SLICE_X25Y28         FDRE                                         r  u_sys_monitor/u_run_2_uart_clock/U0/inst_fifo_gen/gconvfifo.rf/grf.rf/gntv_or_sync_fifo.gcx.clkx/wr_pntr_cdc_inst/dest_graysync_ff_reg[1][3]/C
                         clock pessimism             -0.514     1.500    
    SLICE_X25Y28         FDRE (Hold_fdre_C_D)         0.076     1.576    u_sys_monitor/u_run_2_uart_clock/U0/inst_fifo_gen/gconvfifo.rf/grf.rf/gntv_or_sync_fifo.gcx.clkx/wr_pntr_cdc_inst/dest_graysync_ff_reg[1][3]
  -------------------------------------------------------------------
                         required time                         -1.576    
                         arrival time                           1.697    
  -------------------------------------------------------------------
                         slack                                  0.121    

Slack (MET) :             0.122ns  (arrival time - required time)
  Source:                 u_sys_monitor/u_run_2_uart_clock/U0/inst_fifo_gen/gconvfifo.rf/grf.rf/gntv_or_sync_fifo.mem/gbm.gbmg.gbmga.ngecc.bmg/inst_blk_mem_gen/gnbram.gnativebmg.native_blk_mem_gen/valid.cstr/ramloop[0].ram.r/SAFETY_CKT_GEN.ENB_NO_REG.ENB_dly_reg/C
                            (rising edge-triggered cell FDRE clocked by clk_i  {rise@0.000ns fall@10.000ns period=20.000ns})
  Destination:            u_sys_monitor/u_run_2_uart_clock/U0/inst_fifo_gen/gconvfifo.rf/grf.rf/gntv_or_sync_fifo.mem/gbm.gbmg.gbmga.ngecc.bmg/inst_blk_mem_gen/gnbram.gnativebmg.native_blk_mem_gen/valid.cstr/ramloop[0].ram.r/SAFETY_CKT_GEN.ENB_NO_REG.ENB_dly_D_reg/D
                            (rising edge-triggered cell FDRE clocked by clk_i  {rise@0.000ns fall@10.000ns period=20.000ns})
  Path Group:             clk_i
  Path Type:              Hold (Min at Fast Process Corner)
  Requirement:            0.000ns  (clk_i rise@0.000ns - clk_i rise@0.000ns)
  Data Path Delay:        0.197ns  (logic 0.141ns (71.611%)  route 0.056ns (28.389%))
  Logic Levels:           0  
  Clock Path Skew:        0.000ns (DCD - SCD - CPR)
    Destination Clock Delay (DCD):    2.019ns
    Source Clock Delay      (SCD):    1.505ns
    Clock Pessimism Removal (CPR):    0.514ns

    Location             Delay type                Incr(ns)  Path(ns)    Netlist Resource(s)
  -------------------------------------------------------------------    -------------------
                         (clock clk_i rise edge)      0.000     0.000 r  
    U18                                               0.000     0.000 r  clk_i (IN)
                         net (fo=0)                   0.000     0.000    clk_i
    U18                  IBUF (Prop_ibuf_I_O)         0.297     0.297 r  clk_i_IBUF_inst/O
                         net (fo=1, routed)           0.627     0.925    clk_i_IBUF
    BUFGCTRL_X0Y1        BUFG (Prop_bufg_I_O)         0.026     0.951 r  clk_i_IBUF_BUFG_inst/O
                         net (fo=270, routed)         0.555     1.505    u_sys_monitor/u_run_2_uart_clock/U0/inst_fifo_gen/gconvfifo.rf/grf.rf/gntv_or_sync_fifo.mem/gbm.gbmg.gbmga.ngecc.bmg/inst_blk_mem_gen/gnbram.gnativebmg.native_blk_mem_gen/valid.cstr/ramloop[0].ram.r/rd_clk
    SLICE_X27Y30         FDRE                                         r  u_sys_monitor/u_run_2_uart_clock/U0/inst_fifo_gen/gconvfifo.rf/grf.rf/gntv_or_sync_fifo.mem/gbm.gbmg.gbmga.ngecc.bmg/inst_blk_mem_gen/gnbram.gnativebmg.native_blk_mem_gen/valid.cstr/ramloop[0].ram.r/SAFETY_CKT_GEN.ENB_NO_REG.ENB_dly_reg/C
  -------------------------------------------------------------------    -------------------
    SLICE_X27Y30         FDRE (Prop_fdre_C_Q)         0.141     1.646 r  u_sys_monitor/u_run_2_uart_clock/U0/inst_fifo_gen/gconvfifo.rf/grf.rf/gntv_or_sync_fifo.mem/gbm.gbmg.gbmga.ngecc.bmg/inst_blk_mem_gen/gnbram.gnativebmg.native_blk_mem_gen/valid.cstr/ramloop[0].ram.r/SAFETY_CKT_GEN.ENB_NO_REG.ENB_dly_reg/Q
                         net (fo=1, routed)           0.056     1.702    u_sys_monitor/u_run_2_uart_clock/U0/inst_fifo_gen/gconvfifo.rf/grf.rf/gntv_or_sync_fifo.mem/gbm.gbmg.gbmga.ngecc.bmg/inst_blk_mem_gen/gnbram.gnativebmg.native_blk_mem_gen/valid.cstr/ramloop[0].ram.r/ENB_dly
    SLICE_X27Y30         FDRE                                         r  u_sys_monitor/u_run_2_uart_clock/U0/inst_fifo_gen/gconvfifo.rf/grf.rf/gntv_or_sync_fifo.mem/gbm.gbmg.gbmga.ngecc.bmg/inst_blk_mem_gen/gnbram.gnativebmg.native_blk_mem_gen/valid.cstr/ramloop[0].ram.r/SAFETY_CKT_GEN.ENB_NO_REG.ENB_dly_D_reg/D
  -------------------------------------------------------------------    -------------------

                         (clock clk_i rise edge)      0.000     0.000 r  
    U18                                               0.000     0.000 r  clk_i (IN)
                         net (fo=0)                   0.000     0.000    clk_i
    U18                  IBUF (Prop_ibuf_I_O)         0.486     0.486 r  clk_i_IBUF_inst/O
                         net (fo=1, routed)           0.683     1.169    clk_i_IBUF
    BUFGCTRL_X0Y1        BUFG (Prop_bufg_I_O)         0.029     1.198 r  clk_i_IBUF_BUFG_inst/O
                         net (fo=270, routed)         0.821     2.019    u_sys_monitor/u_run_2_uart_clock/U0/inst_fifo_gen/gconvfifo.rf/grf.rf/gntv_or_sync_fifo.mem/gbm.gbmg.gbmga.ngecc.bmg/inst_blk_mem_gen/gnbram.gnativebmg.native_blk_mem_gen/valid.cstr/ramloop[0].ram.r/rd_clk
    SLICE_X27Y30         FDRE                                         r  u_sys_monitor/u_run_2_uart_clock/U0/inst_fifo_gen/gconvfifo.rf/grf.rf/gntv_or_sync_fifo.mem/gbm.gbmg.gbmga.ngecc.bmg/inst_blk_mem_gen/gnbram.gnativebmg.native_blk_mem_gen/valid.cstr/ramloop[0].ram.r/SAFETY_CKT_GEN.ENB_NO_REG.ENB_dly_D_reg/C
                         clock pessimism             -0.514     1.505    
    SLICE_X27Y30         FDRE (Hold_fdre_C_D)         0.075     1.580    u_sys_monitor/u_run_2_uart_clock/U0/inst_fifo_gen/gconvfifo.rf/grf.rf/gntv_or_sync_fifo.mem/gbm.gbmg.gbmga.ngecc.bmg/inst_blk_mem_gen/gnbram.gnativebmg.native_blk_mem_gen/valid.cstr/ramloop[0].ram.r/SAFETY_CKT_GEN.ENB_NO_REG.ENB_dly_D_reg
  -------------------------------------------------------------------
                         required time                         -1.580    
                         arrival time                           1.702    
  -------------------------------------------------------------------
                         slack                                  0.122    

Slack (MET) :             0.122ns  (arrival time - required time)
  Source:                 u_sys_monitor/u_run_2_uart_clock/U0/inst_fifo_gen/gconvfifo.rf/grf.rf/gntv_or_sync_fifo.gcx.clkx/wr_pntr_cdc_inst/dest_graysync_ff_reg[0][1]/C
                            (rising edge-triggered cell FDRE clocked by clk_i  {rise@0.000ns fall@10.000ns period=20.000ns})
  Destination:            u_sys_monitor/u_run_2_uart_clock/U0/inst_fifo_gen/gconvfifo.rf/grf.rf/gntv_or_sync_fifo.gcx.clkx/wr_pntr_cdc_inst/dest_graysync_ff_reg[1][1]/D
                            (rising edge-triggered cell FDRE clocked by clk_i  {rise@0.000ns fall@10.000ns period=20.000ns})
  Path Group:             clk_i
  Path Type:              Hold (Min at Fast Process Corner)
  Requirement:            0.000ns  (clk_i rise@0.000ns - clk_i rise@0.000ns)
  Data Path Delay:        0.197ns  (logic 0.141ns (71.611%)  route 0.056ns (28.389%))
  Logic Levels:           0  
  Clock Path Skew:        0.000ns (DCD - SCD - CPR)
    Destination Clock Delay (DCD):    2.014ns
    Source Clock Delay      (SCD):    1.500ns
    Clock Pessimism Removal (CPR):    0.514ns

    Location             Delay type                Incr(ns)  Path(ns)    Netlist Resource(s)
  -------------------------------------------------------------------    -------------------
                         (clock clk_i rise edge)      0.000     0.000 r  
    U18                                               0.000     0.000 r  clk_i (IN)
                         net (fo=0)                   0.000     0.000    clk_i
    U18                  IBUF (Prop_ibuf_I_O)         0.297     0.297 r  clk_i_IBUF_inst/O
                         net (fo=1, routed)           0.627     0.925    clk_i_IBUF
    BUFGCTRL_X0Y1        BUFG (Prop_bufg_I_O)         0.026     0.951 r  clk_i_IBUF_BUFG_inst/O
                         net (fo=270, routed)         0.550     1.500    u_sys_monitor/u_run_2_uart_clock/U0/inst_fifo_gen/gconvfifo.rf/grf.rf/gntv_or_sync_fifo.gcx.clkx/wr_pntr_cdc_inst/dest_clk
    SLICE_X25Y28         FDRE                                         r  u_sys_monitor/u_run_2_uart_clock/U0/inst_fifo_gen/gconvfifo.rf/grf.rf/gntv_or_sync_fifo.gcx.clkx/wr_pntr_cdc_inst/dest_graysync_ff_reg[0][1]/C
  -------------------------------------------------------------------    -------------------
    SLICE_X25Y28         FDRE (Prop_fdre_C_Q)         0.141     1.641 r  u_sys_monitor/u_run_2_uart_clock/U0/inst_fifo_gen/gconvfifo.rf/grf.rf/gntv_or_sync_fifo.gcx.clkx/wr_pntr_cdc_inst/dest_graysync_ff_reg[0][1]/Q
                         net (fo=1, routed)           0.056     1.697    u_sys_monitor/u_run_2_uart_clock/U0/inst_fifo_gen/gconvfifo.rf/grf.rf/gntv_or_sync_fifo.gcx.clkx/wr_pntr_cdc_inst/dest_graysync_ff[0][1]
    SLICE_X25Y28         FDRE                                         r  u_sys_monitor/u_run_2_uart_clock/U0/inst_fifo_gen/gconvfifo.rf/grf.rf/gntv_or_sync_fifo.gcx.clkx/wr_pntr_cdc_inst/dest_graysync_ff_reg[1][1]/D
  -------------------------------------------------------------------    -------------------

                         (clock clk_i rise edge)      0.000     0.000 r  
    U18                                               0.000     0.000 r  clk_i (IN)
                         net (fo=0)                   0.000     0.000    clk_i
    U18                  IBUF (Prop_ibuf_I_O)         0.486     0.486 r  clk_i_IBUF_inst/O
                         net (fo=1, routed)           0.683     1.169    clk_i_IBUF
    BUFGCTRL_X0Y1        BUFG (Prop_bufg_I_O)         0.029     1.198 r  clk_i_IBUF_BUFG_inst/O
                         net (fo=270, routed)         0.816     2.014    u_sys_monitor/u_run_2_uart_clock/U0/inst_fifo_gen/gconvfifo.rf/grf.rf/gntv_or_sync_fifo.gcx.clkx/wr_pntr_cdc_inst/dest_clk
    SLICE_X25Y28         FDRE                                         r  u_sys_monitor/u_run_2_uart_clock/U0/inst_fifo_gen/gconvfifo.rf/grf.rf/gntv_or_sync_fifo.gcx.clkx/wr_pntr_cdc_inst/dest_graysync_ff_reg[1][1]/C
                         clock pessimism             -0.514     1.500    
    SLICE_X25Y28         FDRE (Hold_fdre_C_D)         0.075     1.575    u_sys_monitor/u_run_2_uart_clock/U0/inst_fifo_gen/gconvfifo.rf/grf.rf/gntv_or_sync_fifo.gcx.clkx/wr_pntr_cdc_inst/dest_graysync_ff_reg[1][1]
  -------------------------------------------------------------------
                         required time                         -1.575    
                         arrival time                           1.697    
  -------------------------------------------------------------------
                         slack                                  0.122    

Slack (MET) :             0.122ns  (arrival time - required time)
  Source:                 u_sys_monitor/u_u2r_cmd_convert/U0/inst_fifo_gen/gconvfifo.rf/grf.rf/gntv_or_sync_fifo.gcx.clkx/rd_pntr_cdc_inst/dest_graysync_ff_reg[0][1]/C
                            (rising edge-triggered cell FDRE clocked by clk_i  {rise@0.000ns fall@10.000ns period=20.000ns})
  Destination:            u_sys_monitor/u_u2r_cmd_convert/U0/inst_fifo_gen/gconvfifo.rf/grf.rf/gntv_or_sync_fifo.gcx.clkx/rd_pntr_cdc_inst/dest_graysync_ff_reg[1][1]/D
                            (rising edge-triggered cell FDRE clocked by clk_i  {rise@0.000ns fall@10.000ns period=20.000ns})
  Path Group:             clk_i
  Path Type:              Hold (Min at Fast Process Corner)
  Requirement:            0.000ns  (clk_i rise@0.000ns - clk_i rise@0.000ns)
  Data Path Delay:        0.197ns  (logic 0.141ns (71.611%)  route 0.056ns (28.389%))
  Logic Levels:           0  
  Clock Path Skew:        0.000ns (DCD - SCD - CPR)
    Destination Clock Delay (DCD):    2.029ns
    Source Clock Delay      (SCD):    1.513ns
    Clock Pessimism Removal (CPR):    0.516ns

    Location             Delay type                Incr(ns)  Path(ns)    Netlist Resource(s)
  -------------------------------------------------------------------    -------------------
                         (clock clk_i rise edge)      0.000     0.000 r  
    U18                                               0.000     0.000 r  clk_i (IN)
                         net (fo=0)                   0.000     0.000    clk_i
    U18                  IBUF (Prop_ibuf_I_O)         0.297     0.297 r  clk_i_IBUF_inst/O
                         net (fo=1, routed)           0.627     0.925    clk_i_IBUF
    BUFGCTRL_X0Y1        BUFG (Prop_bufg_I_O)         0.026     0.951 r  clk_i_IBUF_BUFG_inst/O
                         net (fo=270, routed)         0.563     1.513    u_sys_monitor/u_u2r_cmd_convert/U0/inst_fifo_gen/gconvfifo.rf/grf.rf/gntv_or_sync_fifo.gcx.clkx/rd_pntr_cdc_inst/dest_clk
    SLICE_X27Y46         FDRE                                         r  u_sys_monitor/u_u2r_cmd_convert/U0/inst_fifo_gen/gconvfifo.rf/grf.rf/gntv_or_sync_fifo.gcx.clkx/rd_pntr_cdc_inst/dest_graysync_ff_reg[0][1]/C
  -------------------------------------------------------------------    -------------------
    SLICE_X27Y46         FDRE (Prop_fdre_C_Q)         0.141     1.654 r  u_sys_monitor/u_u2r_cmd_convert/U0/inst_fifo_gen/gconvfifo.rf/grf.rf/gntv_or_sync_fifo.gcx.clkx/rd_pntr_cdc_inst/dest_graysync_ff_reg[0][1]/Q
                         net (fo=1, routed)           0.056     1.710    u_sys_monitor/u_u2r_cmd_convert/U0/inst_fifo_gen/gconvfifo.rf/grf.rf/gntv_or_sync_fifo.gcx.clkx/rd_pntr_cdc_inst/dest_graysync_ff[0][1]
    SLICE_X27Y46         FDRE                                         r  u_sys_monitor/u_u2r_cmd_convert/U0/inst_fifo_gen/gconvfifo.rf/grf.rf/gntv_or_sync_fifo.gcx.clkx/rd_pntr_cdc_inst/dest_graysync_ff_reg[1][1]/D
  -------------------------------------------------------------------    -------------------

                         (clock clk_i rise edge)      0.000     0.000 r  
    U18                                               0.000     0.000 r  clk_i (IN)
                         net (fo=0)                   0.000     0.000    clk_i
    U18                  IBUF (Prop_ibuf_I_O)         0.486     0.486 r  clk_i_IBUF_inst/O
                         net (fo=1, routed)           0.683     1.169    clk_i_IBUF
    BUFGCTRL_X0Y1        BUFG (Prop_bufg_I_O)         0.029     1.198 r  clk_i_IBUF_BUFG_inst/O
                         net (fo=270, routed)         0.831     2.029    u_sys_monitor/u_u2r_cmd_convert/U0/inst_fifo_gen/gconvfifo.rf/grf.rf/gntv_or_sync_fifo.gcx.clkx/rd_pntr_cdc_inst/dest_clk
    SLICE_X27Y46         FDRE                                         r  u_sys_monitor/u_u2r_cmd_convert/U0/inst_fifo_gen/gconvfifo.rf/grf.rf/gntv_or_sync_fifo.gcx.clkx/rd_pntr_cdc_inst/dest_graysync_ff_reg[1][1]/C
                         clock pessimism             -0.516     1.513    
    SLICE_X27Y46         FDRE (Hold_fdre_C_D)         0.075     1.588    u_sys_monitor/u_u2r_cmd_convert/U0/inst_fifo_gen/gconvfifo.rf/grf.rf/gntv_or_sync_fifo.gcx.clkx/rd_pntr_cdc_inst/dest_graysync_ff_reg[1][1]
  -------------------------------------------------------------------
                         required time                         -1.588    
                         arrival time                           1.710    
  -------------------------------------------------------------------
                         slack                                  0.122    

Slack (MET) :             0.122ns  (arrival time - required time)
  Source:                 u_sys_monitor/u_run_2_uart_clock/U0/inst_fifo_gen/gconvfifo.rf/grf.rf/rstblk/ngwrdrst.grst.g7serrst.gsckt_wrst.gic_rst.xpm_cdc_single_inst_wrst_rd/syncstages_ff_reg[0]/C
                            (rising edge-triggered cell FDRE clocked by clk_i  {rise@0.000ns fall@10.000ns period=20.000ns})
  Destination:            u_sys_monitor/u_run_2_uart_clock/U0/inst_fifo_gen/gconvfifo.rf/grf.rf/rstblk/ngwrdrst.grst.g7serrst.gsckt_wrst.gic_rst.xpm_cdc_single_inst_wrst_rd/syncstages_ff_reg[1]/D
                            (rising edge-triggered cell FDRE clocked by clk_i  {rise@0.000ns fall@10.000ns period=20.000ns})
  Path Group:             clk_i
  Path Type:              Hold (Min at Fast Process Corner)
  Requirement:            0.000ns  (clk_i rise@0.000ns - clk_i rise@0.000ns)
  Data Path Delay:        0.197ns  (logic 0.141ns (71.611%)  route 0.056ns (28.389%))
  Logic Levels:           0  
  Clock Path Skew:        0.000ns (DCD - SCD - CPR)
    Destination Clock Delay (DCD):    2.017ns
    Source Clock Delay      (SCD):    1.503ns
    Clock Pessimism Removal (CPR):    0.514ns

    Location             Delay type                Incr(ns)  Path(ns)    Netlist Resource(s)
  -------------------------------------------------------------------    -------------------
                         (clock clk_i rise edge)      0.000     0.000 r  
    U18                                               0.000     0.000 r  clk_i (IN)
                         net (fo=0)                   0.000     0.000    clk_i
    U18                  IBUF (Prop_ibuf_I_O)         0.297     0.297 r  clk_i_IBUF_inst/O
                         net (fo=1, routed)           0.627     0.925    clk_i_IBUF
    BUFGCTRL_X0Y1        BUFG (Prop_bufg_I_O)         0.026     0.951 r  clk_i_IBUF_BUFG_inst/O
                         net (fo=270, routed)         0.553     1.503    u_sys_monitor/u_run_2_uart_clock/U0/inst_fifo_gen/gconvfifo.rf/grf.rf/rstblk/ngwrdrst.grst.g7serrst.gsckt_wrst.gic_rst.xpm_cdc_single_inst_wrst_rd/dest_clk
    SLICE_X29Y28         FDRE                                         r  u_sys_monitor/u_run_2_uart_clock/U0/inst_fifo_gen/gconvfifo.rf/grf.rf/rstblk/ngwrdrst.grst.g7serrst.gsckt_wrst.gic_rst.xpm_cdc_single_inst_wrst_rd/syncstages_ff_reg[0]/C
  -------------------------------------------------------------------    -------------------
    SLICE_X29Y28         FDRE (Prop_fdre_C_Q)         0.141     1.644 r  u_sys_monitor/u_run_2_uart_clock/U0/inst_fifo_gen/gconvfifo.rf/grf.rf/rstblk/ngwrdrst.grst.g7serrst.gsckt_wrst.gic_rst.xpm_cdc_single_inst_wrst_rd/syncstages_ff_reg[0]/Q
                         net (fo=1, routed)           0.056     1.700    u_sys_monitor/u_run_2_uart_clock/U0/inst_fifo_gen/gconvfifo.rf/grf.rf/rstblk/ngwrdrst.grst.g7serrst.gsckt_wrst.gic_rst.xpm_cdc_single_inst_wrst_rd/syncstages_ff[0]
    SLICE_X29Y28         FDRE                                         r  u_sys_monitor/u_run_2_uart_clock/U0/inst_fifo_gen/gconvfifo.rf/grf.rf/rstblk/ngwrdrst.grst.g7serrst.gsckt_wrst.gic_rst.xpm_cdc_single_inst_wrst_rd/syncstages_ff_reg[1]/D
  -------------------------------------------------------------------    -------------------

                         (clock clk_i rise edge)      0.000     0.000 r  
    U18                                               0.000     0.000 r  clk_i (IN)
                         net (fo=0)                   0.000     0.000    clk_i
    U18                  IBUF (Prop_ibuf_I_O)         0.486     0.486 r  clk_i_IBUF_inst/O
                         net (fo=1, routed)           0.683     1.169    clk_i_IBUF
    BUFGCTRL_X0Y1        BUFG (Prop_bufg_I_O)         0.029     1.198 r  clk_i_IBUF_BUFG_inst/O
                         net (fo=270, routed)         0.819     2.017    u_sys_monitor/u_run_2_uart_clock/U0/inst_fifo_gen/gconvfifo.rf/grf.rf/rstblk/ngwrdrst.grst.g7serrst.gsckt_wrst.gic_rst.xpm_cdc_single_inst_wrst_rd/dest_clk
    SLICE_X29Y28         FDRE                                         r  u_sys_monitor/u_run_2_uart_clock/U0/inst_fifo_gen/gconvfifo.rf/grf.rf/rstblk/ngwrdrst.grst.g7serrst.gsckt_wrst.gic_rst.xpm_cdc_single_inst_wrst_rd/syncstages_ff_reg[1]/C
                         clock pessimism             -0.514     1.503    
    SLICE_X29Y28         FDRE (Hold_fdre_C_D)         0.075     1.578    u_sys_monitor/u_run_2_uart_clock/U0/inst_fifo_gen/gconvfifo.rf/grf.rf/rstblk/ngwrdrst.grst.g7serrst.gsckt_wrst.gic_rst.xpm_cdc_single_inst_wrst_rd/syncstages_ff_reg[1]
  -------------------------------------------------------------------
                         required time                         -1.578    
                         arrival time                           1.700    
  -------------------------------------------------------------------
                         slack                                  0.122    

Slack (MET) :             0.124ns  (arrival time - required time)
  Source:                 u_sys_monitor/u_u2r_cmd_convert/U0/inst_fifo_gen/gconvfifo.rf/grf.rf/gntv_or_sync_fifo.gcx.clkx/rd_pntr_cdc_inst/dest_graysync_ff_reg[0][3]/C
                            (rising edge-triggered cell FDRE clocked by clk_i  {rise@0.000ns fall@10.000ns period=20.000ns})
  Destination:            u_sys_monitor/u_u2r_cmd_convert/U0/inst_fifo_gen/gconvfifo.rf/grf.rf/gntv_or_sync_fifo.gcx.clkx/rd_pntr_cdc_inst/dest_graysync_ff_reg[1][3]/D
                            (rising edge-triggered cell FDRE clocked by clk_i  {rise@0.000ns fall@10.000ns period=20.000ns})
  Path Group:             clk_i
  Path Type:              Hold (Min at Fast Process Corner)
  Requirement:            0.000ns  (clk_i rise@0.000ns - clk_i rise@0.000ns)
  Data Path Delay:        0.200ns  (logic 0.141ns (70.589%)  route 0.059ns (29.411%))
  Logic Levels:           0  
  Clock Path Skew:        0.000ns (DCD - SCD - CPR)
    Destination Clock Delay (DCD):    2.029ns
    Source Clock Delay      (SCD):    1.513ns
    Clock Pessimism Removal (CPR):    0.516ns

    Location             Delay type                Incr(ns)  Path(ns)    Netlist Resource(s)
  -------------------------------------------------------------------    -------------------
                         (clock clk_i rise edge)      0.000     0.000 r  
    U18                                               0.000     0.000 r  clk_i (IN)
                         net (fo=0)                   0.000     0.000    clk_i
    U18                  IBUF (Prop_ibuf_I_O)         0.297     0.297 r  clk_i_IBUF_inst/O
                         net (fo=1, routed)           0.627     0.925    clk_i_IBUF
    BUFGCTRL_X0Y1        BUFG (Prop_bufg_I_O)         0.026     0.951 r  clk_i_IBUF_BUFG_inst/O
                         net (fo=270, routed)         0.563     1.513    u_sys_monitor/u_u2r_cmd_convert/U0/inst_fifo_gen/gconvfifo.rf/grf.rf/gntv_or_sync_fifo.gcx.clkx/rd_pntr_cdc_inst/dest_clk
    SLICE_X26Y46         FDRE                                         r  u_sys_monitor/u_u2r_cmd_convert/U0/inst_fifo_gen/gconvfifo.rf/grf.rf/gntv_or_sync_fifo.gcx.clkx/rd_pntr_cdc_inst/dest_graysync_ff_reg[0][3]/C
  -------------------------------------------------------------------    -------------------
    SLICE_X26Y46         FDRE (Prop_fdre_C_Q)         0.141     1.654 r  u_sys_monitor/u_u2r_cmd_convert/U0/inst_fifo_gen/gconvfifo.rf/grf.rf/gntv_or_sync_fifo.gcx.clkx/rd_pntr_cdc_inst/dest_graysync_ff_reg[0][3]/Q
                         net (fo=1, routed)           0.059     1.713    u_sys_monitor/u_u2r_cmd_convert/U0/inst_fifo_gen/gconvfifo.rf/grf.rf/gntv_or_sync_fifo.gcx.clkx/rd_pntr_cdc_inst/dest_graysync_ff[0][3]
    SLICE_X26Y46         FDRE                                         r  u_sys_monitor/u_u2r_cmd_convert/U0/inst_fifo_gen/gconvfifo.rf/grf.rf/gntv_or_sync_fifo.gcx.clkx/rd_pntr_cdc_inst/dest_graysync_ff_reg[1][3]/D
  -------------------------------------------------------------------    -------------------

                         (clock clk_i rise edge)      0.000     0.000 r  
    U18                                               0.000     0.000 r  clk_i (IN)
                         net (fo=0)                   0.000     0.000    clk_i
    U18                  IBUF (Prop_ibuf_I_O)         0.486     0.486 r  clk_i_IBUF_inst/O
                         net (fo=1, routed)           0.683     1.169    clk_i_IBUF
    BUFGCTRL_X0Y1        BUFG (Prop_bufg_I_O)         0.029     1.198 r  clk_i_IBUF_BUFG_inst/O
                         net (fo=270, routed)         0.831     2.029    u_sys_monitor/u_u2r_cmd_convert/U0/inst_fifo_gen/gconvfifo.rf/grf.rf/gntv_or_sync_fifo.gcx.clkx/rd_pntr_cdc_inst/dest_clk
    SLICE_X26Y46         FDRE                                         r  u_sys_monitor/u_u2r_cmd_convert/U0/inst_fifo_gen/gconvfifo.rf/grf.rf/gntv_or_sync_fifo.gcx.clkx/rd_pntr_cdc_inst/dest_graysync_ff_reg[1][3]/C
                         clock pessimism             -0.516     1.513    
    SLICE_X26Y46         FDRE (Hold_fdre_C_D)         0.076     1.589    u_sys_monitor/u_u2r_cmd_convert/U0/inst_fifo_gen/gconvfifo.rf/grf.rf/gntv_or_sync_fifo.gcx.clkx/rd_pntr_cdc_inst/dest_graysync_ff_reg[1][3]
  -------------------------------------------------------------------
                         required time                         -1.589    
                         arrival time                           1.713    
  -------------------------------------------------------------------
                         slack                                  0.124    

Slack (MET) :             0.126ns  (arrival time - required time)
  Source:                 u_sys_monitor/u_run_2_uart_clock/U0/inst_fifo_gen/gconvfifo.rf/grf.rf/gntv_or_sync_fifo.gcx.clkx/wr_pntr_cdc_inst/dest_graysync_ff_reg[0][2]/C
                            (rising edge-triggered cell FDRE clocked by clk_i  {rise@0.000ns fall@10.000ns period=20.000ns})
  Destination:            u_sys_monitor/u_run_2_uart_clock/U0/inst_fifo_gen/gconvfifo.rf/grf.rf/gntv_or_sync_fifo.gcx.clkx/wr_pntr_cdc_inst/dest_graysync_ff_reg[1][2]/D
                            (rising edge-triggered cell FDRE clocked by clk_i  {rise@0.000ns fall@10.000ns period=20.000ns})
  Path Group:             clk_i
  Path Type:              Hold (Min at Fast Process Corner)
  Requirement:            0.000ns  (clk_i rise@0.000ns - clk_i rise@0.000ns)
  Data Path Delay:        0.197ns  (logic 0.141ns (71.611%)  route 0.056ns (28.389%))
  Logic Levels:           0  
  Clock Path Skew:        0.000ns (DCD - SCD - CPR)
    Destination Clock Delay (DCD):    2.014ns
    Source Clock Delay      (SCD):    1.500ns
    Clock Pessimism Removal (CPR):    0.514ns

    Location             Delay type                Incr(ns)  Path(ns)    Netlist Resource(s)
  -------------------------------------------------------------------    -------------------
                         (clock clk_i rise edge)      0.000     0.000 r  
    U18                                               0.000     0.000 r  clk_i (IN)
                         net (fo=0)                   0.000     0.000    clk_i
    U18                  IBUF (Prop_ibuf_I_O)         0.297     0.297 r  clk_i_IBUF_inst/O
                         net (fo=1, routed)           0.627     0.925    clk_i_IBUF
    BUFGCTRL_X0Y1        BUFG (Prop_bufg_I_O)         0.026     0.951 r  clk_i_IBUF_BUFG_inst/O
                         net (fo=270, routed)         0.550     1.500    u_sys_monitor/u_run_2_uart_clock/U0/inst_fifo_gen/gconvfifo.rf/grf.rf/gntv_or_sync_fifo.gcx.clkx/wr_pntr_cdc_inst/dest_clk
    SLICE_X25Y28         FDRE                                         r  u_sys_monitor/u_run_2_uart_clock/U0/inst_fifo_gen/gconvfifo.rf/grf.rf/gntv_or_sync_fifo.gcx.clkx/wr_pntr_cdc_inst/dest_graysync_ff_reg[0][2]/C
  -------------------------------------------------------------------    -------------------
    SLICE_X25Y28         FDRE (Prop_fdre_C_Q)         0.141     1.641 r  u_sys_monitor/u_run_2_uart_clock/U0/inst_fifo_gen/gconvfifo.rf/grf.rf/gntv_or_sync_fifo.gcx.clkx/wr_pntr_cdc_inst/dest_graysync_ff_reg[0][2]/Q
                         net (fo=1, routed)           0.056     1.697    u_sys_monitor/u_run_2_uart_clock/U0/inst_fifo_gen/gconvfifo.rf/grf.rf/gntv_or_sync_fifo.gcx.clkx/wr_pntr_cdc_inst/dest_graysync_ff[0][2]
    SLICE_X25Y28         FDRE                                         r  u_sys_monitor/u_run_2_uart_clock/U0/inst_fifo_gen/gconvfifo.rf/grf.rf/gntv_or_sync_fifo.gcx.clkx/wr_pntr_cdc_inst/dest_graysync_ff_reg[1][2]/D
  -------------------------------------------------------------------    -------------------

                         (clock clk_i rise edge)      0.000     0.000 r  
    U18                                               0.000     0.000 r  clk_i (IN)
                         net (fo=0)                   0.000     0.000    clk_i
    U18                  IBUF (Prop_ibuf_I_O)         0.486     0.486 r  clk_i_IBUF_inst/O
                         net (fo=1, routed)           0.683     1.169    clk_i_IBUF
    BUFGCTRL_X0Y1        BUFG (Prop_bufg_I_O)         0.029     1.198 r  clk_i_IBUF_BUFG_inst/O
                         net (fo=270, routed)         0.816     2.014    u_sys_monitor/u_run_2_uart_clock/U0/inst_fifo_gen/gconvfifo.rf/grf.rf/gntv_or_sync_fifo.gcx.clkx/wr_pntr_cdc_inst/dest_clk
    SLICE_X25Y28         FDRE                                         r  u_sys_monitor/u_run_2_uart_clock/U0/inst_fifo_gen/gconvfifo.rf/grf.rf/gntv_or_sync_fifo.gcx.clkx/wr_pntr_cdc_inst/dest_graysync_ff_reg[1][2]/C
                         clock pessimism             -0.514     1.500    
    SLICE_X25Y28         FDRE (Hold_fdre_C_D)         0.071     1.571    u_sys_monitor/u_run_2_uart_clock/U0/inst_fifo_gen/gconvfifo.rf/grf.rf/gntv_or_sync_fifo.gcx.clkx/wr_pntr_cdc_inst/dest_graysync_ff_reg[1][2]
  -------------------------------------------------------------------
                         required time                         -1.571    
                         arrival time                           1.697    
  -------------------------------------------------------------------
                         slack                                  0.126    

Slack (MET) :             0.128ns  (arrival time - required time)
  Source:                 u_sys_monitor/u_u2r_cmd_convert/U0/inst_fifo_gen/gconvfifo.rf/grf.rf/gntv_or_sync_fifo.gcx.clkx/rd_pntr_cdc_inst/dest_graysync_ff_reg[0][2]/C
                            (rising edge-triggered cell FDRE clocked by clk_i  {rise@0.000ns fall@10.000ns period=20.000ns})
  Destination:            u_sys_monitor/u_u2r_cmd_convert/U0/inst_fifo_gen/gconvfifo.rf/grf.rf/gntv_or_sync_fifo.gcx.clkx/rd_pntr_cdc_inst/dest_graysync_ff_reg[1][2]/D
                            (rising edge-triggered cell FDRE clocked by clk_i  {rise@0.000ns fall@10.000ns period=20.000ns})
  Path Group:             clk_i
  Path Type:              Hold (Min at Fast Process Corner)
  Requirement:            0.000ns  (clk_i rise@0.000ns - clk_i rise@0.000ns)
  Data Path Delay:        0.199ns  (logic 0.141ns (70.953%)  route 0.058ns (29.047%))
  Logic Levels:           0  
  Clock Path Skew:        0.000ns (DCD - SCD - CPR)
    Destination Clock Delay (DCD):    2.029ns
    Source Clock Delay      (SCD):    1.513ns
    Clock Pessimism Removal (CPR):    0.516ns

    Location             Delay type                Incr(ns)  Path(ns)    Netlist Resource(s)
  -------------------------------------------------------------------    -------------------
                         (clock clk_i rise edge)      0.000     0.000 r  
    U18                                               0.000     0.000 r  clk_i (IN)
                         net (fo=0)                   0.000     0.000    clk_i
    U18                  IBUF (Prop_ibuf_I_O)         0.297     0.297 r  clk_i_IBUF_inst/O
                         net (fo=1, routed)           0.627     0.925    clk_i_IBUF
    BUFGCTRL_X0Y1        BUFG (Prop_bufg_I_O)         0.026     0.951 r  clk_i_IBUF_BUFG_inst/O
                         net (fo=270, routed)         0.563     1.513    u_sys_monitor/u_u2r_cmd_convert/U0/inst_fifo_gen/gconvfifo.rf/grf.rf/gntv_or_sync_fifo.gcx.clkx/rd_pntr_cdc_inst/dest_clk
    SLICE_X26Y46         FDRE                                         r  u_sys_monitor/u_u2r_cmd_convert/U0/inst_fifo_gen/gconvfifo.rf/grf.rf/gntv_or_sync_fifo.gcx.clkx/rd_pntr_cdc_inst/dest_graysync_ff_reg[0][2]/C
  -------------------------------------------------------------------    -------------------
    SLICE_X26Y46         FDRE (Prop_fdre_C_Q)         0.141     1.654 r  u_sys_monitor/u_u2r_cmd_convert/U0/inst_fifo_gen/gconvfifo.rf/grf.rf/gntv_or_sync_fifo.gcx.clkx/rd_pntr_cdc_inst/dest_graysync_ff_reg[0][2]/Q
                         net (fo=1, routed)           0.058     1.712    u_sys_monitor/u_u2r_cmd_convert/U0/inst_fifo_gen/gconvfifo.rf/grf.rf/gntv_or_sync_fifo.gcx.clkx/rd_pntr_cdc_inst/dest_graysync_ff[0][2]
    SLICE_X26Y46         FDRE                                         r  u_sys_monitor/u_u2r_cmd_convert/U0/inst_fifo_gen/gconvfifo.rf/grf.rf/gntv_or_sync_fifo.gcx.clkx/rd_pntr_cdc_inst/dest_graysync_ff_reg[1][2]/D
  -------------------------------------------------------------------    -------------------

                         (clock clk_i rise edge)      0.000     0.000 r  
    U18                                               0.000     0.000 r  clk_i (IN)
                         net (fo=0)                   0.000     0.000    clk_i
    U18                  IBUF (Prop_ibuf_I_O)         0.486     0.486 r  clk_i_IBUF_inst/O
                         net (fo=1, routed)           0.683     1.169    clk_i_IBUF
    BUFGCTRL_X0Y1        BUFG (Prop_bufg_I_O)         0.029     1.198 r  clk_i_IBUF_BUFG_inst/O
                         net (fo=270, routed)         0.831     2.029    u_sys_monitor/u_u2r_cmd_convert/U0/inst_fifo_gen/gconvfifo.rf/grf.rf/gntv_or_sync_fifo.gcx.clkx/rd_pntr_cdc_inst/dest_clk
    SLICE_X26Y46         FDRE                                         r  u_sys_monitor/u_u2r_cmd_convert/U0/inst_fifo_gen/gconvfifo.rf/grf.rf/gntv_or_sync_fifo.gcx.clkx/rd_pntr_cdc_inst/dest_graysync_ff_reg[1][2]/C
                         clock pessimism             -0.516     1.513    
    SLICE_X26Y46         FDRE (Hold_fdre_C_D)         0.071     1.584    u_sys_monitor/u_u2r_cmd_convert/U0/inst_fifo_gen/gconvfifo.rf/grf.rf/gntv_or_sync_fifo.gcx.clkx/rd_pntr_cdc_inst/dest_graysync_ff_reg[1][2]
  -------------------------------------------------------------------
                         required time                         -1.584    
                         arrival time                           1.712    
  -------------------------------------------------------------------
                         slack                                  0.128    

Slack (MET) :             0.131ns  (arrival time - required time)
  Source:                 u_sys_monitor/u_u2r_cmd_convert/U0/inst_fifo_gen/gconvfifo.rf/grf.rf/gntv_or_sync_fifo.gcx.clkx/rd_pntr_cdc_inst/dest_graysync_ff_reg[0][0]/C
                            (rising edge-triggered cell FDRE clocked by clk_i  {rise@0.000ns fall@10.000ns period=20.000ns})
  Destination:            u_sys_monitor/u_u2r_cmd_convert/U0/inst_fifo_gen/gconvfifo.rf/grf.rf/gntv_or_sync_fifo.gcx.clkx/rd_pntr_cdc_inst/dest_graysync_ff_reg[1][0]/D
                            (rising edge-triggered cell FDRE clocked by clk_i  {rise@0.000ns fall@10.000ns period=20.000ns})
  Path Group:             clk_i
  Path Type:              Hold (Min at Fast Process Corner)
  Requirement:            0.000ns  (clk_i rise@0.000ns - clk_i rise@0.000ns)
  Data Path Delay:        0.206ns  (logic 0.141ns (68.336%)  route 0.065ns (31.664%))
  Logic Levels:           0  
  Clock Path Skew:        0.000ns (DCD - SCD - CPR)
    Destination Clock Delay (DCD):    2.029ns
    Source Clock Delay      (SCD):    1.513ns
    Clock Pessimism Removal (CPR):    0.516ns

    Location             Delay type                Incr(ns)  Path(ns)    Netlist Resource(s)
  -------------------------------------------------------------------    -------------------
                         (clock clk_i rise edge)      0.000     0.000 r  
    U18                                               0.000     0.000 r  clk_i (IN)
                         net (fo=0)                   0.000     0.000    clk_i
    U18                  IBUF (Prop_ibuf_I_O)         0.297     0.297 r  clk_i_IBUF_inst/O
                         net (fo=1, routed)           0.627     0.925    clk_i_IBUF
    BUFGCTRL_X0Y1        BUFG (Prop_bufg_I_O)         0.026     0.951 r  clk_i_IBUF_BUFG_inst/O
                         net (fo=270, routed)         0.563     1.513    u_sys_monitor/u_u2r_cmd_convert/U0/inst_fifo_gen/gconvfifo.rf/grf.rf/gntv_or_sync_fifo.gcx.clkx/rd_pntr_cdc_inst/dest_clk
    SLICE_X26Y46         FDRE                                         r  u_sys_monitor/u_u2r_cmd_convert/U0/inst_fifo_gen/gconvfifo.rf/grf.rf/gntv_or_sync_fifo.gcx.clkx/rd_pntr_cdc_inst/dest_graysync_ff_reg[0][0]/C
  -------------------------------------------------------------------    -------------------
    SLICE_X26Y46         FDRE (Prop_fdre_C_Q)         0.141     1.654 r  u_sys_monitor/u_u2r_cmd_convert/U0/inst_fifo_gen/gconvfifo.rf/grf.rf/gntv_or_sync_fifo.gcx.clkx/rd_pntr_cdc_inst/dest_graysync_ff_reg[0][0]/Q
                         net (fo=1, routed)           0.065     1.720    u_sys_monitor/u_u2r_cmd_convert/U0/inst_fifo_gen/gconvfifo.rf/grf.rf/gntv_or_sync_fifo.gcx.clkx/rd_pntr_cdc_inst/dest_graysync_ff[0][0]
    SLICE_X26Y46         FDRE                                         r  u_sys_monitor/u_u2r_cmd_convert/U0/inst_fifo_gen/gconvfifo.rf/grf.rf/gntv_or_sync_fifo.gcx.clkx/rd_pntr_cdc_inst/dest_graysync_ff_reg[1][0]/D
  -------------------------------------------------------------------    -------------------

                         (clock clk_i rise edge)      0.000     0.000 r  
    U18                                               0.000     0.000 r  clk_i (IN)
                         net (fo=0)                   0.000     0.000    clk_i
    U18                  IBUF (Prop_ibuf_I_O)         0.486     0.486 r  clk_i_IBUF_inst/O
                         net (fo=1, routed)           0.683     1.169    clk_i_IBUF
    BUFGCTRL_X0Y1        BUFG (Prop_bufg_I_O)         0.029     1.198 r  clk_i_IBUF_BUFG_inst/O
                         net (fo=270, routed)         0.831     2.029    u_sys_monitor/u_u2r_cmd_convert/U0/inst_fifo_gen/gconvfifo.rf/grf.rf/gntv_or_sync_fifo.gcx.clkx/rd_pntr_cdc_inst/dest_clk
    SLICE_X26Y46         FDRE                                         r  u_sys_monitor/u_u2r_cmd_convert/U0/inst_fifo_gen/gconvfifo.rf/grf.rf/gntv_or_sync_fifo.gcx.clkx/rd_pntr_cdc_inst/dest_graysync_ff_reg[1][0]/C
                         clock pessimism             -0.516     1.513    
    SLICE_X26Y46         FDRE (Hold_fdre_C_D)         0.075     1.588    u_sys_monitor/u_u2r_cmd_convert/U0/inst_fifo_gen/gconvfifo.rf/grf.rf/gntv_or_sync_fifo.gcx.clkx/rd_pntr_cdc_inst/dest_graysync_ff_reg[1][0]
  -------------------------------------------------------------------
                         required time                         -1.588    
                         arrival time                           1.720    
  -------------------------------------------------------------------
                         slack                                  0.131    





Pulse Width Checks
--------------------------------------------------------------------------------------
Clock Name:         clk_i
Waveform(ns):       { 0.000 10.000 }
Period(ns):         20.000
Sources:            { clk_i }

Check Type        Corner  Lib Pin             Reference Pin  Required(ns)  Actual(ns)  Slack(ns)  Location       Pin
Min Period        n/a     RAMB36E1/CLKARDCLK  n/a            2.576         20.000      17.424     RAMB36_X1Y6    u_sys_monitor/u_run_2_uart_clock/U0/inst_fifo_gen/gconvfifo.rf/grf.rf/gntv_or_sync_fifo.mem/gbm.gbmg.gbmga.ngecc.bmg/inst_blk_mem_gen/gnbram.gnativebmg.native_blk_mem_gen/valid.cstr/ramloop[0].ram.r/prim_noinit.ram/DEVICE_7SERIES.NO_BMM_INFO.SDP.WIDE_PRIM36_NO_ECC.ram/CLKARDCLK
Min Period        n/a     BUFG/I              n/a            2.155         20.000      17.845     BUFGCTRL_X0Y1  clk_i_IBUF_BUFG_inst/I
Min Period        n/a     FDCE/C              n/a            1.000         20.000      19.000     SLICE_X21Y44   clk_run_o_reg/C
Min Period        n/a     FDCE/C              n/a            1.000         20.000      19.000     SLICE_X20Y44   counter_reg[0]/C
Min Period        n/a     FDCE/C              n/a            1.000         20.000      19.000     SLICE_X21Y44   counter_reg[1]/C
Min Period        n/a     FDCE/C              n/a            1.000         20.000      19.000     SLICE_X20Y44   counter_reg[2]/C
Min Period        n/a     FDCE/C              n/a            1.000         20.000      19.000     SLICE_X20Y44   counter_reg[3]/C
Min Period        n/a     FDCE/C              n/a            1.000         20.000      19.000     SLICE_X21Y44   counter_reg[4]/C
Min Period        n/a     FDCE/C              n/a            1.000         20.000      19.000     SLICE_X21Y44   counter_reg[5]/C
Min Period        n/a     FDRE/C              n/a            1.000         20.000      19.000     SLICE_X28Y29   u_sys_monitor/u_run_2_uart_clock/U0/inst_fifo_gen/gconvfifo.rf/grf.rf/rstblk/ngwrdrst.grst.g7serrst.gsckt_wrst.gic_rst.sckt_rd_rst_ic_reg/C
Low Pulse Width   Slow    RAMD32/CLK          n/a            1.250         10.000      8.750      SLICE_X24Y46   u_sys_monitor/u_u2r_cmd_convert/U0/inst_fifo_gen/gconvfifo.rf/grf.rf/gntv_or_sync_fifo.mem/gdm.dm_gen.dm/RAM_reg_0_15_0_5/RAMA/CLK
Low Pulse Width   Fast    RAMD32/CLK          n/a            1.250         10.000      8.750      SLICE_X24Y46   u_sys_monitor/u_u2r_cmd_convert/U0/inst_fifo_gen/gconvfifo.rf/grf.rf/gntv_or_sync_fifo.mem/gdm.dm_gen.dm/RAM_reg_0_15_0_5/RAMA/CLK
Low Pulse Width   Slow    RAMD32/CLK          n/a            1.250         10.000      8.750      SLICE_X24Y46   u_sys_monitor/u_u2r_cmd_convert/U0/inst_fifo_gen/gconvfifo.rf/grf.rf/gntv_or_sync_fifo.mem/gdm.dm_gen.dm/RAM_reg_0_15_0_5/RAMA_D1/CLK
Low Pulse Width   Fast    RAMD32/CLK          n/a            1.250         10.000      8.750      SLICE_X24Y46   u_sys_monitor/u_u2r_cmd_convert/U0/inst_fifo_gen/gconvfifo.rf/grf.rf/gntv_or_sync_fifo.mem/gdm.dm_gen.dm/RAM_reg_0_15_0_5/RAMA_D1/CLK
Low Pulse Width   Slow    RAMD32/CLK          n/a            1.250         10.000      8.750      SLICE_X24Y46   u_sys_monitor/u_u2r_cmd_convert/U0/inst_fifo_gen/gconvfifo.rf/grf.rf/gntv_or_sync_fifo.mem/gdm.dm_gen.dm/RAM_reg_0_15_0_5/RAMB/CLK
Low Pulse Width   Fast    RAMD32/CLK          n/a            1.250         10.000      8.750      SLICE_X24Y46   u_sys_monitor/u_u2r_cmd_convert/U0/inst_fifo_gen/gconvfifo.rf/grf.rf/gntv_or_sync_fifo.mem/gdm.dm_gen.dm/RAM_reg_0_15_0_5/RAMB/CLK
Low Pulse Width   Slow    RAMD32/CLK          n/a            1.250         10.000      8.750      SLICE_X24Y46   u_sys_monitor/u_u2r_cmd_convert/U0/inst_fifo_gen/gconvfifo.rf/grf.rf/gntv_or_sync_fifo.mem/gdm.dm_gen.dm/RAM_reg_0_15_0_5/RAMB_D1/CLK
Low Pulse Width   Fast    RAMD32/CLK          n/a            1.250         10.000      8.750      SLICE_X24Y46   u_sys_monitor/u_u2r_cmd_convert/U0/inst_fifo_gen/gconvfifo.rf/grf.rf/gntv_or_sync_fifo.mem/gdm.dm_gen.dm/RAM_reg_0_15_0_5/RAMB_D1/CLK
Low Pulse Width   Slow    RAMD32/CLK          n/a            1.250         10.000      8.750      SLICE_X24Y46   u_sys_monitor/u_u2r_cmd_convert/U0/inst_fifo_gen/gconvfifo.rf/grf.rf/gntv_or_sync_fifo.mem/gdm.dm_gen.dm/RAM_reg_0_15_0_5/RAMC/CLK
Low Pulse Width   Fast    RAMD32/CLK          n/a            1.250         10.000      8.750      SLICE_X24Y46   u_sys_monitor/u_u2r_cmd_convert/U0/inst_fifo_gen/gconvfifo.rf/grf.rf/gntv_or_sync_fifo.mem/gdm.dm_gen.dm/RAM_reg_0_15_0_5/RAMC/CLK
High Pulse Width  Slow    RAMD32/CLK          n/a            1.250         10.000      8.750      SLICE_X24Y46   u_sys_monitor/u_u2r_cmd_convert/U0/inst_fifo_gen/gconvfifo.rf/grf.rf/gntv_or_sync_fifo.mem/gdm.dm_gen.dm/RAM_reg_0_15_0_5/RAMA/CLK
High Pulse Width  Fast    RAMD32/CLK          n/a            1.250         10.000      8.750      SLICE_X24Y46   u_sys_monitor/u_u2r_cmd_convert/U0/inst_fifo_gen/gconvfifo.rf/grf.rf/gntv_or_sync_fifo.mem/gdm.dm_gen.dm/RAM_reg_0_15_0_5/RAMA/CLK
High Pulse Width  Slow    RAMD32/CLK          n/a            1.250         10.000      8.750      SLICE_X24Y46   u_sys_monitor/u_u2r_cmd_convert/U0/inst_fifo_gen/gconvfifo.rf/grf.rf/gntv_or_sync_fifo.mem/gdm.dm_gen.dm/RAM_reg_0_15_0_5/RAMA_D1/CLK
High Pulse Width  Fast    RAMD32/CLK          n/a            1.250         10.000      8.750      SLICE_X24Y46   u_sys_monitor/u_u2r_cmd_convert/U0/inst_fifo_gen/gconvfifo.rf/grf.rf/gntv_or_sync_fifo.mem/gdm.dm_gen.dm/RAM_reg_0_15_0_5/RAMA_D1/CLK
High Pulse Width  Slow    RAMD32/CLK          n/a            1.250         10.000      8.750      SLICE_X24Y46   u_sys_monitor/u_u2r_cmd_convert/U0/inst_fifo_gen/gconvfifo.rf/grf.rf/gntv_or_sync_fifo.mem/gdm.dm_gen.dm/RAM_reg_0_15_0_5/RAMB/CLK
High Pulse Width  Fast    RAMD32/CLK          n/a            1.250         10.000      8.750      SLICE_X24Y46   u_sys_monitor/u_u2r_cmd_convert/U0/inst_fifo_gen/gconvfifo.rf/grf.rf/gntv_or_sync_fifo.mem/gdm.dm_gen.dm/RAM_reg_0_15_0_5/RAMB/CLK
High Pulse Width  Slow    RAMD32/CLK          n/a            1.250         10.000      8.750      SLICE_X24Y46   u_sys_monitor/u_u2r_cmd_convert/U0/inst_fifo_gen/gconvfifo.rf/grf.rf/gntv_or_sync_fifo.mem/gdm.dm_gen.dm/RAM_reg_0_15_0_5/RAMB_D1/CLK
High Pulse Width  Fast    RAMD32/CLK          n/a            1.250         10.000      8.750      SLICE_X24Y46   u_sys_monitor/u_u2r_cmd_convert/U0/inst_fifo_gen/gconvfifo.rf/grf.rf/gntv_or_sync_fifo.mem/gdm.dm_gen.dm/RAM_reg_0_15_0_5/RAMB_D1/CLK
High Pulse Width  Slow    RAMD32/CLK          n/a            1.250         10.000      8.750      SLICE_X24Y46   u_sys_monitor/u_u2r_cmd_convert/U0/inst_fifo_gen/gconvfifo.rf/grf.rf/gntv_or_sync_fifo.mem/gdm.dm_gen.dm/RAM_reg_0_15_0_5/RAMC/CLK
High Pulse Width  Fast    RAMD32/CLK          n/a            1.250         10.000      8.750      SLICE_X24Y46   u_sys_monitor/u_u2r_cmd_convert/U0/inst_fifo_gen/gconvfifo.rf/grf.rf/gntv_or_sync_fifo.mem/gdm.dm_gen.dm/RAM_reg_0_15_0_5/RAMC/CLK



---------------------------------------------------------------------------------------------------
From Clock:  
  To Clock:  clk_i

Setup :            0  Failing Endpoints,  Worst Slack      998.693ns,  Total Violation        0.000ns
Hold  :           NA  Failing Endpoints,  Worst Slack           NA  ,  Total Violation           NA
---------------------------------------------------------------------------------------------------


Max Delay Paths
--------------------------------------------------------------------------------------
Slack (MET) :             998.693ns  (required time - arrival time)
  Source:                 u_sys_monitor/u_run_2_uart_clock/U0/inst_fifo_gen/gconvfifo.rf/grf.rf/gntv_or_sync_fifo.gcx.clkx/wr_pntr_cdc_inst/src_gray_ff_reg[3]/C
                            (rising edge-triggered cell FDRE)
  Destination:            u_sys_monitor/u_run_2_uart_clock/U0/inst_fifo_gen/gconvfifo.rf/grf.rf/gntv_or_sync_fifo.gcx.clkx/wr_pntr_cdc_inst/dest_graysync_ff_reg[0][3]/D
                            (rising edge-triggered cell FDRE clocked by clk_i  {rise@0.000ns fall@10.000ns period=20.000ns})
  Path Group:             clk_i
  Path Type:              Setup (Max at Slow Process Corner)
  Requirement:            1000.000ns  (MaxDelay Path 1000.000ns)
  Data Path Delay:        1.041ns  (logic 0.419ns (40.268%)  route 0.622ns (59.732%))
  Logic Levels:           1  (FDRE=1)
  Timing Exception:       MaxDelay Path 1000.000ns -datapath_only

    Location             Delay type                Incr(ns)  Path(ns)    Netlist Resource(s)
  -------------------------------------------------------------------    -------------------
    SLICE_X25Y27         FDRE                         0.000     0.000 r  u_sys_monitor/u_run_2_uart_clock/U0/inst_fifo_gen/gconvfifo.rf/grf.rf/gntv_or_sync_fifo.gcx.clkx/wr_pntr_cdc_inst/src_gray_ff_reg[3]/C
    SLICE_X25Y27         FDRE (Prop_fdre_C_Q)         0.419     0.419 r  u_sys_monitor/u_run_2_uart_clock/U0/inst_fifo_gen/gconvfifo.rf/grf.rf/gntv_or_sync_fifo.gcx.clkx/wr_pntr_cdc_inst/src_gray_ff_reg[3]/Q
                         net (fo=1, routed)           0.622     1.041    u_sys_monitor/u_run_2_uart_clock/U0/inst_fifo_gen/gconvfifo.rf/grf.rf/gntv_or_sync_fifo.gcx.clkx/wr_pntr_cdc_inst/async_path[3]
    SLICE_X25Y28         FDRE                                         r  u_sys_monitor/u_run_2_uart_clock/U0/inst_fifo_gen/gconvfifo.rf/grf.rf/gntv_or_sync_fifo.gcx.clkx/wr_pntr_cdc_inst/dest_graysync_ff_reg[0][3]/D
  -------------------------------------------------------------------    -------------------

                         max delay                 1000.000  1000.000    
    SLICE_X25Y28         FDRE (Setup_fdre_C_D)       -0.266   999.734    u_sys_monitor/u_run_2_uart_clock/U0/inst_fifo_gen/gconvfifo.rf/grf.rf/gntv_or_sync_fifo.gcx.clkx/wr_pntr_cdc_inst/dest_graysync_ff_reg[0][3]
  -------------------------------------------------------------------
                         required time                        999.734    
                         arrival time                          -1.041    
  -------------------------------------------------------------------
                         slack                                998.693    

Slack (MET) :             998.768ns  (required time - arrival time)
  Source:                 u_sys_monitor/u_run_2_uart_clock/U0/inst_fifo_gen/gconvfifo.rf/grf.rf/gntv_or_sync_fifo.gcx.clkx/wr_pntr_cdc_inst/src_gray_ff_reg[5]/C
                            (rising edge-triggered cell FDRE)
  Destination:            u_sys_monitor/u_run_2_uart_clock/U0/inst_fifo_gen/gconvfifo.rf/grf.rf/gntv_or_sync_fifo.gcx.clkx/wr_pntr_cdc_inst/dest_graysync_ff_reg[0][5]/D
                            (rising edge-triggered cell FDRE clocked by clk_i  {rise@0.000ns fall@10.000ns period=20.000ns})
  Path Group:             clk_i
  Path Type:              Setup (Max at Slow Process Corner)
  Requirement:            1000.000ns  (MaxDelay Path 1000.000ns)
  Data Path Delay:        1.012ns  (logic 0.419ns (41.420%)  route 0.593ns (58.580%))
  Logic Levels:           1  (FDRE=1)
  Timing Exception:       MaxDelay Path 1000.000ns -datapath_only

    Location             Delay type                Incr(ns)  Path(ns)    Netlist Resource(s)
  -------------------------------------------------------------------    -------------------
    SLICE_X25Y27         FDRE                         0.000     0.000 r  u_sys_monitor/u_run_2_uart_clock/U0/inst_fifo_gen/gconvfifo.rf/grf.rf/gntv_or_sync_fifo.gcx.clkx/wr_pntr_cdc_inst/src_gray_ff_reg[5]/C
    SLICE_X25Y27         FDRE (Prop_fdre_C_Q)         0.419     0.419 r  u_sys_monitor/u_run_2_uart_clock/U0/inst_fifo_gen/gconvfifo.rf/grf.rf/gntv_or_sync_fifo.gcx.clkx/wr_pntr_cdc_inst/src_gray_ff_reg[5]/Q
                         net (fo=1, routed)           0.593     1.012    u_sys_monitor/u_run_2_uart_clock/U0/inst_fifo_gen/gconvfifo.rf/grf.rf/gntv_or_sync_fifo.gcx.clkx/wr_pntr_cdc_inst/async_path[5]
    SLICE_X24Y27         FDRE                                         r  u_sys_monitor/u_run_2_uart_clock/U0/inst_fifo_gen/gconvfifo.rf/grf.rf/gntv_or_sync_fifo.gcx.clkx/wr_pntr_cdc_inst/dest_graysync_ff_reg[0][5]/D
  -------------------------------------------------------------------    -------------------

                         max delay                 1000.000  1000.000    
    SLICE_X24Y27         FDRE (Setup_fdre_C_D)       -0.220   999.780    u_sys_monitor/u_run_2_uart_clock/U0/inst_fifo_gen/gconvfifo.rf/grf.rf/gntv_or_sync_fifo.gcx.clkx/wr_pntr_cdc_inst/dest_graysync_ff_reg[0][5]
  -------------------------------------------------------------------
                         required time                        999.780    
                         arrival time                          -1.012    
  -------------------------------------------------------------------
                         slack                                998.768    

Slack (MET) :             998.785ns  (required time - arrival time)
  Source:                 u_sys_monitor/u_u2r_cmd_convert/U0/inst_fifo_gen/gconvfifo.rf/grf.rf/gntv_or_sync_fifo.gcx.clkx/rd_pntr_cdc_inst/src_gray_ff_reg[0]/C
                            (rising edge-triggered cell FDRE)
  Destination:            u_sys_monitor/u_u2r_cmd_convert/U0/inst_fifo_gen/gconvfifo.rf/grf.rf/gntv_or_sync_fifo.gcx.clkx/rd_pntr_cdc_inst/dest_graysync_ff_reg[0][0]/D
                            (rising edge-triggered cell FDRE clocked by clk_i  {rise@0.000ns fall@10.000ns period=20.000ns})
  Path Group:             clk_i
  Path Type:              Setup (Max at Slow Process Corner)
  Requirement:            1000.000ns  (MaxDelay Path 1000.000ns)
  Data Path Delay:        1.119ns  (logic 0.456ns (40.734%)  route 0.663ns (59.266%))
  Logic Levels:           1  (FDRE=1)
  Timing Exception:       MaxDelay Path 1000.000ns -datapath_only

    Location             Delay type                Incr(ns)  Path(ns)    Netlist Resource(s)
  -------------------------------------------------------------------    -------------------
    SLICE_X25Y46         FDRE                         0.000     0.000 r  u_sys_monitor/u_u2r_cmd_convert/U0/inst_fifo_gen/gconvfifo.rf/grf.rf/gntv_or_sync_fifo.gcx.clkx/rd_pntr_cdc_inst/src_gray_ff_reg[0]/C
    SLICE_X25Y46         FDRE (Prop_fdre_C_Q)         0.456     0.456 r  u_sys_monitor/u_u2r_cmd_convert/U0/inst_fifo_gen/gconvfifo.rf/grf.rf/gntv_or_sync_fifo.gcx.clkx/rd_pntr_cdc_inst/src_gray_ff_reg[0]/Q
                         net (fo=1, routed)           0.663     1.119    u_sys_monitor/u_u2r_cmd_convert/U0/inst_fifo_gen/gconvfifo.rf/grf.rf/gntv_or_sync_fifo.gcx.clkx/rd_pntr_cdc_inst/async_path[0]
    SLICE_X26Y46         FDRE                                         r  u_sys_monitor/u_u2r_cmd_convert/U0/inst_fifo_gen/gconvfifo.rf/grf.rf/gntv_or_sync_fifo.gcx.clkx/rd_pntr_cdc_inst/dest_graysync_ff_reg[0][0]/D
  -------------------------------------------------------------------    -------------------

                         max delay                 1000.000  1000.000    
    SLICE_X26Y46         FDRE (Setup_fdre_C_D)       -0.095   999.905    u_sys_monitor/u_u2r_cmd_convert/U0/inst_fifo_gen/gconvfifo.rf/grf.rf/gntv_or_sync_fifo.gcx.clkx/rd_pntr_cdc_inst/dest_graysync_ff_reg[0][0]
  -------------------------------------------------------------------
                         required time                        999.905    
                         arrival time                          -1.119    
  -------------------------------------------------------------------
                         slack                                998.785    

Slack (MET) :             998.841ns  (required time - arrival time)
  Source:                 u_sys_monitor/u_u2r_cmd_convert/U0/inst_fifo_gen/gconvfifo.rf/grf.rf/gntv_or_sync_fifo.gcx.clkx/rd_pntr_cdc_inst/src_gray_ff_reg[3]/C
                            (rising edge-triggered cell FDRE)
  Destination:            u_sys_monitor/u_u2r_cmd_convert/U0/inst_fifo_gen/gconvfifo.rf/grf.rf/gntv_or_sync_fifo.gcx.clkx/rd_pntr_cdc_inst/dest_graysync_ff_reg[0][3]/D
                            (rising edge-triggered cell FDRE clocked by clk_i  {rise@0.000ns fall@10.000ns period=20.000ns})
  Path Group:             clk_i
  Path Type:              Setup (Max at Slow Process Corner)
  Requirement:            1000.000ns  (MaxDelay Path 1000.000ns)
  Data Path Delay:        0.891ns  (logic 0.419ns (47.003%)  route 0.472ns (52.997%))
  Logic Levels:           1  (FDRE=1)
  Timing Exception:       MaxDelay Path 1000.000ns -datapath_only

    Location             Delay type                Incr(ns)  Path(ns)    Netlist Resource(s)
  -------------------------------------------------------------------    -------------------
    SLICE_X26Y47         FDRE                         0.000     0.000 r  u_sys_monitor/u_u2r_cmd_convert/U0/inst_fifo_gen/gconvfifo.rf/grf.rf/gntv_or_sync_fifo.gcx.clkx/rd_pntr_cdc_inst/src_gray_ff_reg[3]/C
    SLICE_X26Y47         FDRE (Prop_fdre_C_Q)         0.419     0.419 r  u_sys_monitor/u_u2r_cmd_convert/U0/inst_fifo_gen/gconvfifo.rf/grf.rf/gntv_or_sync_fifo.gcx.clkx/rd_pntr_cdc_inst/src_gray_ff_reg[3]/Q
                         net (fo=1, routed)           0.472     0.891    u_sys_monitor/u_u2r_cmd_convert/U0/inst_fifo_gen/gconvfifo.rf/grf.rf/gntv_or_sync_fifo.gcx.clkx/rd_pntr_cdc_inst/async_path[3]
    SLICE_X26Y46         FDRE                                         r  u_sys_monitor/u_u2r_cmd_convert/U0/inst_fifo_gen/gconvfifo.rf/grf.rf/gntv_or_sync_fifo.gcx.clkx/rd_pntr_cdc_inst/dest_graysync_ff_reg[0][3]/D
  -------------------------------------------------------------------    -------------------

                         max delay                 1000.000  1000.000    
    SLICE_X26Y46         FDRE (Setup_fdre_C_D)       -0.268   999.732    u_sys_monitor/u_u2r_cmd_convert/U0/inst_fifo_gen/gconvfifo.rf/grf.rf/gntv_or_sync_fifo.gcx.clkx/rd_pntr_cdc_inst/dest_graysync_ff_reg[0][3]
  -------------------------------------------------------------------
                         required time                        999.732    
                         arrival time                          -0.891    
  -------------------------------------------------------------------
                         slack                                998.841    

Slack (MET) :             998.873ns  (required time - arrival time)
  Source:                 u_sys_monitor/u_run_2_uart_clock/U0/inst_fifo_gen/gconvfifo.rf/grf.rf/gntv_or_sync_fifo.gcx.clkx/wr_pntr_cdc_inst/src_gray_ff_reg[1]/C
                            (rising edge-triggered cell FDRE)
  Destination:            u_sys_monitor/u_run_2_uart_clock/U0/inst_fifo_gen/gconvfifo.rf/grf.rf/gntv_or_sync_fifo.gcx.clkx/wr_pntr_cdc_inst/dest_graysync_ff_reg[0][1]/D
                            (rising edge-triggered cell FDRE clocked by clk_i  {rise@0.000ns fall@10.000ns period=20.000ns})
  Path Group:             clk_i
  Path Type:              Setup (Max at Slow Process Corner)
  Requirement:            1000.000ns  (MaxDelay Path 1000.000ns)
  Data Path Delay:        0.860ns  (logic 0.419ns (48.717%)  route 0.441ns (51.283%))
  Logic Levels:           1  (FDRE=1)
  Timing Exception:       MaxDelay Path 1000.000ns -datapath_only

    Location             Delay type                Incr(ns)  Path(ns)    Netlist Resource(s)
  -------------------------------------------------------------------    -------------------
    SLICE_X25Y27         FDRE                         0.000     0.000 r  u_sys_monitor/u_run_2_uart_clock/U0/inst_fifo_gen/gconvfifo.rf/grf.rf/gntv_or_sync_fifo.gcx.clkx/wr_pntr_cdc_inst/src_gray_ff_reg[1]/C
    SLICE_X25Y27         FDRE (Prop_fdre_C_Q)         0.419     0.419 r  u_sys_monitor/u_run_2_uart_clock/U0/inst_fifo_gen/gconvfifo.rf/grf.rf/gntv_or_sync_fifo.gcx.clkx/wr_pntr_cdc_inst/src_gray_ff_reg[1]/Q
                         net (fo=1, routed)           0.441     0.860    u_sys_monitor/u_run_2_uart_clock/U0/inst_fifo_gen/gconvfifo.rf/grf.rf/gntv_or_sync_fifo.gcx.clkx/wr_pntr_cdc_inst/async_path[1]
    SLICE_X25Y28         FDRE                                         r  u_sys_monitor/u_run_2_uart_clock/U0/inst_fifo_gen/gconvfifo.rf/grf.rf/gntv_or_sync_fifo.gcx.clkx/wr_pntr_cdc_inst/dest_graysync_ff_reg[0][1]/D
  -------------------------------------------------------------------    -------------------

                         max delay                 1000.000  1000.000    
    SLICE_X25Y28         FDRE (Setup_fdre_C_D)       -0.267   999.733    u_sys_monitor/u_run_2_uart_clock/U0/inst_fifo_gen/gconvfifo.rf/grf.rf/gntv_or_sync_fifo.gcx.clkx/wr_pntr_cdc_inst/dest_graysync_ff_reg[0][1]
  -------------------------------------------------------------------
                         required time                        999.733    
                         arrival time                          -0.860    
  -------------------------------------------------------------------
                         slack                                998.873    

Slack (MET) :             998.917ns  (required time - arrival time)
  Source:                 u_sys_monitor/u_run_2_uart_clock/U0/inst_fifo_gen/gconvfifo.rf/grf.rf/gntv_or_sync_fifo.gcx.clkx/wr_pntr_cdc_inst/src_gray_ff_reg[0]/C
                            (rising edge-triggered cell FDRE)
  Destination:            u_sys_monitor/u_run_2_uart_clock/U0/inst_fifo_gen/gconvfifo.rf/grf.rf/gntv_or_sync_fifo.gcx.clkx/wr_pntr_cdc_inst/dest_graysync_ff_reg[0][0]/D
                            (rising edge-triggered cell FDRE clocked by clk_i  {rise@0.000ns fall@10.000ns period=20.000ns})
  Path Group:             clk_i
  Path Type:              Setup (Max at Slow Process Corner)
  Requirement:            1000.000ns  (MaxDelay Path 1000.000ns)
  Data Path Delay:        1.036ns  (logic 0.456ns (44.008%)  route 0.580ns (55.992%))
  Logic Levels:           1  (FDRE=1)
  Timing Exception:       MaxDelay Path 1000.000ns -datapath_only

    Location             Delay type                Incr(ns)  Path(ns)    Netlist Resource(s)
  -------------------------------------------------------------------    -------------------
    SLICE_X25Y27         FDRE                         0.000     0.000 r  u_sys_monitor/u_run_2_uart_clock/U0/inst_fifo_gen/gconvfifo.rf/grf.rf/gntv_or_sync_fifo.gcx.clkx/wr_pntr_cdc_inst/src_gray_ff_reg[0]/C
    SLICE_X25Y27         FDRE (Prop_fdre_C_Q)         0.456     0.456 r  u_sys_monitor/u_run_2_uart_clock/U0/inst_fifo_gen/gconvfifo.rf/grf.rf/gntv_or_sync_fifo.gcx.clkx/wr_pntr_cdc_inst/src_gray_ff_reg[0]/Q
                         net (fo=1, routed)           0.580     1.036    u_sys_monitor/u_run_2_uart_clock/U0/inst_fifo_gen/gconvfifo.rf/grf.rf/gntv_or_sync_fifo.gcx.clkx/wr_pntr_cdc_inst/async_path[0]
    SLICE_X24Y27         FDRE                                         r  u_sys_monitor/u_run_2_uart_clock/U0/inst_fifo_gen/gconvfifo.rf/grf.rf/gntv_or_sync_fifo.gcx.clkx/wr_pntr_cdc_inst/dest_graysync_ff_reg[0][0]/D
  -------------------------------------------------------------------    -------------------

                         max delay                 1000.000  1000.000    
    SLICE_X24Y27         FDRE (Setup_fdre_C_D)       -0.047   999.953    u_sys_monitor/u_run_2_uart_clock/U0/inst_fifo_gen/gconvfifo.rf/grf.rf/gntv_or_sync_fifo.gcx.clkx/wr_pntr_cdc_inst/dest_graysync_ff_reg[0][0]
  -------------------------------------------------------------------
                         required time                        999.953    
                         arrival time                          -1.036    
  -------------------------------------------------------------------
                         slack                                998.917    

Slack (MET) :             998.926ns  (required time - arrival time)
  Source:                 u_sys_monitor/u_u2r_cmd_convert/U0/inst_fifo_gen/gconvfifo.rf/grf.rf/gntv_or_sync_fifo.gcx.clkx/rd_pntr_cdc_inst/src_gray_ff_reg[1]/C
                            (rising edge-triggered cell FDRE)
  Destination:            u_sys_monitor/u_u2r_cmd_convert/U0/inst_fifo_gen/gconvfifo.rf/grf.rf/gntv_or_sync_fifo.gcx.clkx/rd_pntr_cdc_inst/dest_graysync_ff_reg[0][1]/D
                            (rising edge-triggered cell FDRE clocked by clk_i  {rise@0.000ns fall@10.000ns period=20.000ns})
  Path Group:             clk_i
  Path Type:              Setup (Max at Slow Process Corner)
  Requirement:            1000.000ns  (MaxDelay Path 1000.000ns)
  Data Path Delay:        0.804ns  (logic 0.419ns (52.111%)  route 0.385ns (47.889%))
  Logic Levels:           1  (FDRE=1)
  Timing Exception:       MaxDelay Path 1000.000ns -datapath_only

    Location             Delay type                Incr(ns)  Path(ns)    Netlist Resource(s)
  -------------------------------------------------------------------    -------------------
    SLICE_X25Y46         FDRE                         0.000     0.000 r  u_sys_monitor/u_u2r_cmd_convert/U0/inst_fifo_gen/gconvfifo.rf/grf.rf/gntv_or_sync_fifo.gcx.clkx/rd_pntr_cdc_inst/src_gray_ff_reg[1]/C
    SLICE_X25Y46         FDRE (Prop_fdre_C_Q)         0.419     0.419 r  u_sys_monitor/u_u2r_cmd_convert/U0/inst_fifo_gen/gconvfifo.rf/grf.rf/gntv_or_sync_fifo.gcx.clkx/rd_pntr_cdc_inst/src_gray_ff_reg[1]/Q
                         net (fo=1, routed)           0.385     0.804    u_sys_monitor/u_u2r_cmd_convert/U0/inst_fifo_gen/gconvfifo.rf/grf.rf/gntv_or_sync_fifo.gcx.clkx/rd_pntr_cdc_inst/async_path[1]
    SLICE_X27Y46         FDRE                                         r  u_sys_monitor/u_u2r_cmd_convert/U0/inst_fifo_gen/gconvfifo.rf/grf.rf/gntv_or_sync_fifo.gcx.clkx/rd_pntr_cdc_inst/dest_graysync_ff_reg[0][1]/D
  -------------------------------------------------------------------    -------------------

                         max delay                 1000.000  1000.000    
    SLICE_X27Y46         FDRE (Setup_fdre_C_D)       -0.270   999.730    u_sys_monitor/u_u2r_cmd_convert/U0/inst_fifo_gen/gconvfifo.rf/grf.rf/gntv_or_sync_fifo.gcx.clkx/rd_pntr_cdc_inst/dest_graysync_ff_reg[0][1]
  -------------------------------------------------------------------
                         required time                        999.730    
                         arrival time                          -0.804    
  -------------------------------------------------------------------
                         slack                                998.926    

Slack (MET) :             998.960ns  (required time - arrival time)
  Source:                 u_sys_monitor/u_run_2_uart_clock/U0/inst_fifo_gen/gconvfifo.rf/grf.rf/gntv_or_sync_fifo.gcx.clkx/wr_pntr_cdc_inst/src_gray_ff_reg[4]/C
                            (rising edge-triggered cell FDRE)
  Destination:            u_sys_monitor/u_run_2_uart_clock/U0/inst_fifo_gen/gconvfifo.rf/grf.rf/gntv_or_sync_fifo.gcx.clkx/wr_pntr_cdc_inst/dest_graysync_ff_reg[0][4]/D
                            (rising edge-triggered cell FDRE clocked by clk_i  {rise@0.000ns fall@10.000ns period=20.000ns})
  Path Group:             clk_i
  Path Type:              Setup (Max at Slow Process Corner)
  Requirement:            1000.000ns  (MaxDelay Path 1000.000ns)
  Data Path Delay:        0.997ns  (logic 0.456ns (45.753%)  route 0.541ns (54.247%))
  Logic Levels:           1  (FDRE=1)
  Timing Exception:       MaxDelay Path 1000.000ns -datapath_only

    Location             Delay type                Incr(ns)  Path(ns)    Netlist Resource(s)
  -------------------------------------------------------------------    -------------------
    SLICE_X25Y27         FDRE                         0.000     0.000 r  u_sys_monitor/u_run_2_uart_clock/U0/inst_fifo_gen/gconvfifo.rf/grf.rf/gntv_or_sync_fifo.gcx.clkx/wr_pntr_cdc_inst/src_gray_ff_reg[4]/C
    SLICE_X25Y27         FDRE (Prop_fdre_C_Q)         0.456     0.456 r  u_sys_monitor/u_run_2_uart_clock/U0/inst_fifo_gen/gconvfifo.rf/grf.rf/gntv_or_sync_fifo.gcx.clkx/wr_pntr_cdc_inst/src_gray_ff_reg[4]/Q
                         net (fo=1, routed)           0.541     0.997    u_sys_monitor/u_run_2_uart_clock/U0/inst_fifo_gen/gconvfifo.rf/grf.rf/gntv_or_sync_fifo.gcx.clkx/wr_pntr_cdc_inst/async_path[4]
    SLICE_X24Y27         FDRE                                         r  u_sys_monitor/u_run_2_uart_clock/U0/inst_fifo_gen/gconvfifo.rf/grf.rf/gntv_or_sync_fifo.gcx.clkx/wr_pntr_cdc_inst/dest_graysync_ff_reg[0][4]/D
  -------------------------------------------------------------------    -------------------

                         max delay                 1000.000  1000.000    
    SLICE_X24Y27         FDRE (Setup_fdre_C_D)       -0.043   999.957    u_sys_monitor/u_run_2_uart_clock/U0/inst_fifo_gen/gconvfifo.rf/grf.rf/gntv_or_sync_fifo.gcx.clkx/wr_pntr_cdc_inst/dest_graysync_ff_reg[0][4]
  -------------------------------------------------------------------
                         required time                        999.957    
                         arrival time                          -0.997    
  -------------------------------------------------------------------
                         slack                                998.960    

Slack (MET) :             999.007ns  (required time - arrival time)
  Source:                 u_sys_monitor/u_run_2_uart_clock/U0/inst_fifo_gen/gconvfifo.rf/grf.rf/gntv_or_sync_fifo.gcx.clkx/wr_pntr_cdc_inst/src_gray_ff_reg[2]/C
                            (rising edge-triggered cell FDRE)
  Destination:            u_sys_monitor/u_run_2_uart_clock/U0/inst_fifo_gen/gconvfifo.rf/grf.rf/gntv_or_sync_fifo.gcx.clkx/wr_pntr_cdc_inst/dest_graysync_ff_reg[0][2]/D
                            (rising edge-triggered cell FDRE clocked by clk_i  {rise@0.000ns fall@10.000ns period=20.000ns})
  Path Group:             clk_i
  Path Type:              Setup (Max at Slow Process Corner)
  Requirement:            1000.000ns  (MaxDelay Path 1000.000ns)
  Data Path Delay:        0.900ns  (logic 0.456ns (50.649%)  route 0.444ns (49.351%))
  Logic Levels:           1  (FDRE=1)
  Timing Exception:       MaxDelay Path 1000.000ns -datapath_only

    Location             Delay type                Incr(ns)  Path(ns)    Netlist Resource(s)
  -------------------------------------------------------------------    -------------------
    SLICE_X25Y27         FDRE                         0.000     0.000 r  u_sys_monitor/u_run_2_uart_clock/U0/inst_fifo_gen/gconvfifo.rf/grf.rf/gntv_or_sync_fifo.gcx.clkx/wr_pntr_cdc_inst/src_gray_ff_reg[2]/C
    SLICE_X25Y27         FDRE (Prop_fdre_C_Q)         0.456     0.456 r  u_sys_monitor/u_run_2_uart_clock/U0/inst_fifo_gen/gconvfifo.rf/grf.rf/gntv_or_sync_fifo.gcx.clkx/wr_pntr_cdc_inst/src_gray_ff_reg[2]/Q
                         net (fo=1, routed)           0.444     0.900    u_sys_monitor/u_run_2_uart_clock/U0/inst_fifo_gen/gconvfifo.rf/grf.rf/gntv_or_sync_fifo.gcx.clkx/wr_pntr_cdc_inst/async_path[2]
    SLICE_X25Y28         FDRE                                         r  u_sys_monitor/u_run_2_uart_clock/U0/inst_fifo_gen/gconvfifo.rf/grf.rf/gntv_or_sync_fifo.gcx.clkx/wr_pntr_cdc_inst/dest_graysync_ff_reg[0][2]/D
  -------------------------------------------------------------------    -------------------

                         max delay                 1000.000  1000.000    
    SLICE_X25Y28         FDRE (Setup_fdre_C_D)       -0.093   999.907    u_sys_monitor/u_run_2_uart_clock/U0/inst_fifo_gen/gconvfifo.rf/grf.rf/gntv_or_sync_fifo.gcx.clkx/wr_pntr_cdc_inst/dest_graysync_ff_reg[0][2]
  -------------------------------------------------------------------
                         required time                        999.907    
                         arrival time                          -0.900    
  -------------------------------------------------------------------
                         slack                                999.007    

Slack (MET) :             999.147ns  (required time - arrival time)
  Source:                 u_sys_monitor/u_u2r_cmd_convert/U0/inst_fifo_gen/gconvfifo.rf/grf.rf/gntv_or_sync_fifo.gcx.clkx/rd_pntr_cdc_inst/src_gray_ff_reg[2]/C
                            (rising edge-triggered cell FDRE)
  Destination:            u_sys_monitor/u_u2r_cmd_convert/U0/inst_fifo_gen/gconvfifo.rf/grf.rf/gntv_or_sync_fifo.gcx.clkx/rd_pntr_cdc_inst/dest_graysync_ff_reg[0][2]/D
                            (rising edge-triggered cell FDRE clocked by clk_i  {rise@0.000ns fall@10.000ns period=20.000ns})
  Path Group:             clk_i
  Path Type:              Setup (Max at Slow Process Corner)
  Requirement:            1000.000ns  (MaxDelay Path 1000.000ns)
  Data Path Delay:        0.760ns  (logic 0.456ns (59.990%)  route 0.304ns (40.010%))
  Logic Levels:           1  (FDRE=1)
  Timing Exception:       MaxDelay Path 1000.000ns -datapath_only

    Location             Delay type                Incr(ns)  Path(ns)    Netlist Resource(s)
  -------------------------------------------------------------------    -------------------
    SLICE_X26Y47         FDRE                         0.000     0.000 r  u_sys_monitor/u_u2r_cmd_convert/U0/inst_fifo_gen/gconvfifo.rf/grf.rf/gntv_or_sync_fifo.gcx.clkx/rd_pntr_cdc_inst/src_gray_ff_reg[2]/C
    SLICE_X26Y47         FDRE (Prop_fdre_C_Q)         0.456     0.456 r  u_sys_monitor/u_u2r_cmd_convert/U0/inst_fifo_gen/gconvfifo.rf/grf.rf/gntv_or_sync_fifo.gcx.clkx/rd_pntr_cdc_inst/src_gray_ff_reg[2]/Q
                         net (fo=1, routed)           0.304     0.760    u_sys_monitor/u_u2r_cmd_convert/U0/inst_fifo_gen/gconvfifo.rf/grf.rf/gntv_or_sync_fifo.gcx.clkx/rd_pntr_cdc_inst/async_path[2]
    SLICE_X26Y46         FDRE                                         r  u_sys_monitor/u_u2r_cmd_convert/U0/inst_fifo_gen/gconvfifo.rf/grf.rf/gntv_or_sync_fifo.gcx.clkx/rd_pntr_cdc_inst/dest_graysync_ff_reg[0][2]/D
  -------------------------------------------------------------------    -------------------

                         max delay                 1000.000  1000.000    
    SLICE_X26Y46         FDRE (Setup_fdre_C_D)       -0.093   999.907    u_sys_monitor/u_u2r_cmd_convert/U0/inst_fifo_gen/gconvfifo.rf/grf.rf/gntv_or_sync_fifo.gcx.clkx/rd_pntr_cdc_inst/dest_graysync_ff_reg[0][2]
  -------------------------------------------------------------------
                         required time                        999.907    
                         arrival time                          -0.760    
  -------------------------------------------------------------------
                         slack                                999.147    





---------------------------------------------------------------------------------------------------
Path Group:  **async_default**
From Clock:  clk_i
  To Clock:  clk_i

Setup :            0  Failing Endpoints,  Worst Slack       18.321ns,  Total Violation        0.000ns
Hold  :            0  Failing Endpoints,  Worst Slack        0.399ns,  Total Violation        0.000ns
---------------------------------------------------------------------------------------------------


Max Delay Paths
--------------------------------------------------------------------------------------
Slack (MET) :             18.321ns  (required time - arrival time)
  Source:                 u_sys_monitor/u_u2r_cmd_convert/U0/inst_fifo_gen/gconvfifo.rf/grf.rf/rstblk/ngwrdrst.grst.g7serrst.gnsckt_wrst.rst_wr_reg2_inst/arststages_ff_reg[1]/C
                            (rising edge-triggered cell FDPE clocked by clk_i  {rise@0.000ns fall@10.000ns period=20.000ns})
  Destination:            u_sys_monitor/u_u2r_cmd_convert/U0/inst_fifo_gen/gconvfifo.rf/grf.rf/rstblk/ngwrdrst.grst.g7serrst.gnsckt_wrst.gic_rst.rd_rst_wr_ext_reg[0]/CLR
                            (recovery check against rising-edge clock clk_i  {rise@0.000ns fall@10.000ns period=20.000ns})
  Path Group:             **async_default**
  Path Type:              Recovery (Max at Slow Process Corner)
  Requirement:            20.000ns  (clk_i rise@20.000ns - clk_i rise@0.000ns)
  Data Path Delay:        1.008ns  (logic 0.478ns (47.428%)  route 0.530ns (52.572%))
  Logic Levels:           0  
  Clock Path Skew:        -0.060ns (DCD - SCD + CPR)
    Destination Clock Delay (DCD):    4.929ns = ( 24.929 - 20.000 ) 
    Source Clock Delay      (SCD):    5.381ns
    Clock Pessimism Removal (CPR):    0.392ns
  Clock Uncertainty:      0.035ns  ((TSJ^2 + TIJ^2)^1/2 + DJ) / 2 + PE
    Total System Jitter     (TSJ):    0.071ns
    Total Input Jitter      (TIJ):    0.000ns
    Discrete Jitter          (DJ):    0.000ns
    Phase Error              (PE):    0.000ns

    Location             Delay type                Incr(ns)  Path(ns)    Netlist Resource(s)
  -------------------------------------------------------------------    -------------------
                         (clock clk_i rise edge)      0.000     0.000 r  
    U18                                               0.000     0.000 r  clk_i (IN)
                         net (fo=0)                   0.000     0.000    clk_i
    U18                  IBUF (Prop_ibuf_I_O)         1.530     1.530 r  clk_i_IBUF_inst/O
                         net (fo=1, routed)           2.076     3.606    clk_i_IBUF
    BUFGCTRL_X0Y1        BUFG (Prop_bufg_I_O)         0.101     3.707 r  clk_i_IBUF_BUFG_inst/O
                         net (fo=270, routed)         1.674     5.381    u_sys_monitor/u_u2r_cmd_convert/U0/inst_fifo_gen/gconvfifo.rf/grf.rf/rstblk/ngwrdrst.grst.g7serrst.gnsckt_wrst.rst_wr_reg2_inst/dest_clk
    SLICE_X28Y43         FDPE                                         r  u_sys_monitor/u_u2r_cmd_convert/U0/inst_fifo_gen/gconvfifo.rf/grf.rf/rstblk/ngwrdrst.grst.g7serrst.gnsckt_wrst.rst_wr_reg2_inst/arststages_ff_reg[1]/C
  -------------------------------------------------------------------    -------------------
    SLICE_X28Y43         FDPE (Prop_fdpe_C_Q)         0.478     5.859 f  u_sys_monitor/u_u2r_cmd_convert/U0/inst_fifo_gen/gconvfifo.rf/grf.rf/rstblk/ngwrdrst.grst.g7serrst.gnsckt_wrst.rst_wr_reg2_inst/arststages_ff_reg[1]/Q
                         net (fo=9, routed)           0.530     6.389    u_sys_monitor/u_u2r_cmd_convert/U0/inst_fifo_gen/gconvfifo.rf/grf.rf/rstblk/rst_wr_reg2
    SLICE_X26Y43         FDCE                                         f  u_sys_monitor/u_u2r_cmd_convert/U0/inst_fifo_gen/gconvfifo.rf/grf.rf/rstblk/ngwrdrst.grst.g7serrst.gnsckt_wrst.gic_rst.rd_rst_wr_ext_reg[0]/CLR
  -------------------------------------------------------------------    -------------------

                         (clock clk_i rise edge)     20.000    20.000 r  
    U18                                               0.000    20.000 r  clk_i (IN)
                         net (fo=0)                   0.000    20.000    clk_i
    U18                  IBUF (Prop_ibuf_I_O)         1.459    21.459 r  clk_i_IBUF_inst/O
                         net (fo=1, routed)           1.880    23.339    clk_i_IBUF
    BUFGCTRL_X0Y1        BUFG (Prop_bufg_I_O)         0.091    23.430 r  clk_i_IBUF_BUFG_inst/O
                         net (fo=270, routed)         1.499    24.929    u_sys_monitor/u_u2r_cmd_convert/U0/inst_fifo_gen/gconvfifo.rf/grf.rf/rstblk/wr_clk
    SLICE_X26Y43         FDCE                                         r  u_sys_monitor/u_u2r_cmd_convert/U0/inst_fifo_gen/gconvfifo.rf/grf.rf/rstblk/ngwrdrst.grst.g7serrst.gnsckt_wrst.gic_rst.rd_rst_wr_ext_reg[0]/C
                         clock pessimism              0.392    25.321    
                         clock uncertainty           -0.035    25.286    
    SLICE_X26Y43         FDCE (Recov_fdce_C_CLR)     -0.576    24.710    u_sys_monitor/u_u2r_cmd_convert/U0/inst_fifo_gen/gconvfifo.rf/grf.rf/rstblk/ngwrdrst.grst.g7serrst.gnsckt_wrst.gic_rst.rd_rst_wr_ext_reg[0]
  -------------------------------------------------------------------
                         required time                         24.710    
                         arrival time                          -6.389    
  -------------------------------------------------------------------
                         slack                                 18.321    

Slack (MET) :             18.321ns  (required time - arrival time)
  Source:                 u_sys_monitor/u_u2r_cmd_convert/U0/inst_fifo_gen/gconvfifo.rf/grf.rf/rstblk/ngwrdrst.grst.g7serrst.gnsckt_wrst.rst_wr_reg2_inst/arststages_ff_reg[1]/C
                            (rising edge-triggered cell FDPE clocked by clk_i  {rise@0.000ns fall@10.000ns period=20.000ns})
  Destination:            u_sys_monitor/u_u2r_cmd_convert/U0/inst_fifo_gen/gconvfifo.rf/grf.rf/rstblk/ngwrdrst.grst.g7serrst.gnsckt_wrst.gic_rst.rd_rst_wr_ext_reg[1]/CLR
                            (recovery check against rising-edge clock clk_i  {rise@0.000ns fall@10.000ns period=20.000ns})
  Path Group:             **async_default**
  Path Type:              Recovery (Max at Slow Process Corner)
  Requirement:            20.000ns  (clk_i rise@20.000ns - clk_i rise@0.000ns)
  Data Path Delay:        1.008ns  (logic 0.478ns (47.428%)  route 0.530ns (52.572%))
  Logic Levels:           0  
  Clock Path Skew:        -0.060ns (DCD - SCD + CPR)
    Destination Clock Delay (DCD):    4.929ns = ( 24.929 - 20.000 ) 
    Source Clock Delay      (SCD):    5.381ns
    Clock Pessimism Removal (CPR):    0.392ns
  Clock Uncertainty:      0.035ns  ((TSJ^2 + TIJ^2)^1/2 + DJ) / 2 + PE
    Total System Jitter     (TSJ):    0.071ns
    Total Input Jitter      (TIJ):    0.000ns
    Discrete Jitter          (DJ):    0.000ns
    Phase Error              (PE):    0.000ns

    Location             Delay type                Incr(ns)  Path(ns)    Netlist Resource(s)
  -------------------------------------------------------------------    -------------------
                         (clock clk_i rise edge)      0.000     0.000 r  
    U18                                               0.000     0.000 r  clk_i (IN)
                         net (fo=0)                   0.000     0.000    clk_i
    U18                  IBUF (Prop_ibuf_I_O)         1.530     1.530 r  clk_i_IBUF_inst/O
                         net (fo=1, routed)           2.076     3.606    clk_i_IBUF
    BUFGCTRL_X0Y1        BUFG (Prop_bufg_I_O)         0.101     3.707 r  clk_i_IBUF_BUFG_inst/O
                         net (fo=270, routed)         1.674     5.381    u_sys_monitor/u_u2r_cmd_convert/U0/inst_fifo_gen/gconvfifo.rf/grf.rf/rstblk/ngwrdrst.grst.g7serrst.gnsckt_wrst.rst_wr_reg2_inst/dest_clk
    SLICE_X28Y43         FDPE                                         r  u_sys_monitor/u_u2r_cmd_convert/U0/inst_fifo_gen/gconvfifo.rf/grf.rf/rstblk/ngwrdrst.grst.g7serrst.gnsckt_wrst.rst_wr_reg2_inst/arststages_ff_reg[1]/C
  -------------------------------------------------------------------    -------------------
    SLICE_X28Y43         FDPE (Prop_fdpe_C_Q)         0.478     5.859 f  u_sys_monitor/u_u2r_cmd_convert/U0/inst_fifo_gen/gconvfifo.rf/grf.rf/rstblk/ngwrdrst.grst.g7serrst.gnsckt_wrst.rst_wr_reg2_inst/arststages_ff_reg[1]/Q
                         net (fo=9, routed)           0.530     6.389    u_sys_monitor/u_u2r_cmd_convert/U0/inst_fifo_gen/gconvfifo.rf/grf.rf/rstblk/rst_wr_reg2
    SLICE_X26Y43         FDCE                                         f  u_sys_monitor/u_u2r_cmd_convert/U0/inst_fifo_gen/gconvfifo.rf/grf.rf/rstblk/ngwrdrst.grst.g7serrst.gnsckt_wrst.gic_rst.rd_rst_wr_ext_reg[1]/CLR
  -------------------------------------------------------------------    -------------------

                         (clock clk_i rise edge)     20.000    20.000 r  
    U18                                               0.000    20.000 r  clk_i (IN)
                         net (fo=0)                   0.000    20.000    clk_i
    U18                  IBUF (Prop_ibuf_I_O)         1.459    21.459 r  clk_i_IBUF_inst/O
                         net (fo=1, routed)           1.880    23.339    clk_i_IBUF
    BUFGCTRL_X0Y1        BUFG (Prop_bufg_I_O)         0.091    23.430 r  clk_i_IBUF_BUFG_inst/O
                         net (fo=270, routed)         1.499    24.929    u_sys_monitor/u_u2r_cmd_convert/U0/inst_fifo_gen/gconvfifo.rf/grf.rf/rstblk/wr_clk
    SLICE_X26Y43         FDCE                                         r  u_sys_monitor/u_u2r_cmd_convert/U0/inst_fifo_gen/gconvfifo.rf/grf.rf/rstblk/ngwrdrst.grst.g7serrst.gnsckt_wrst.gic_rst.rd_rst_wr_ext_reg[1]/C
                         clock pessimism              0.392    25.321    
                         clock uncertainty           -0.035    25.286    
    SLICE_X26Y43         FDCE (Recov_fdce_C_CLR)     -0.576    24.710    u_sys_monitor/u_u2r_cmd_convert/U0/inst_fifo_gen/gconvfifo.rf/grf.rf/rstblk/ngwrdrst.grst.g7serrst.gnsckt_wrst.gic_rst.rd_rst_wr_ext_reg[1]
  -------------------------------------------------------------------
                         required time                         24.710    
                         arrival time                          -6.389    
  -------------------------------------------------------------------
                         slack                                 18.321    

Slack (MET) :             18.325ns  (required time - arrival time)
  Source:                 u_sys_monitor/u_u2r_cmd_convert/U0/inst_fifo_gen/gconvfifo.rf/grf.rf/rstblk/ngwrdrst.grst.g7serrst.gnsckt_wrst.rst_wr_reg2_inst/arststages_ff_reg[1]/C
                            (rising edge-triggered cell FDPE clocked by clk_i  {rise@0.000ns fall@10.000ns period=20.000ns})
  Destination:            u_sys_monitor/u_u2r_cmd_convert/U0/inst_fifo_gen/gconvfifo.rf/grf.rf/rstblk/ngwrdrst.grst.g7serrst.gnsckt_wrst.gic_rst.rd_rst_wr_ext_reg[2]/CLR
                            (recovery check against rising-edge clock clk_i  {rise@0.000ns fall@10.000ns period=20.000ns})
  Path Group:             **async_default**
  Path Type:              Recovery (Max at Slow Process Corner)
  Requirement:            20.000ns  (clk_i rise@20.000ns - clk_i rise@0.000ns)
  Data Path Delay:        1.003ns  (logic 0.478ns (47.634%)  route 0.525ns (52.366%))
  Logic Levels:           0  
  Clock Path Skew:        -0.060ns (DCD - SCD + CPR)
    Destination Clock Delay (DCD):    4.929ns = ( 24.929 - 20.000 ) 
    Source Clock Delay      (SCD):    5.381ns
    Clock Pessimism Removal (CPR):    0.392ns
  Clock Uncertainty:      0.035ns  ((TSJ^2 + TIJ^2)^1/2 + DJ) / 2 + PE
    Total System Jitter     (TSJ):    0.071ns
    Total Input Jitter      (TIJ):    0.000ns
    Discrete Jitter          (DJ):    0.000ns
    Phase Error              (PE):    0.000ns

    Location             Delay type                Incr(ns)  Path(ns)    Netlist Resource(s)
  -------------------------------------------------------------------    -------------------
                         (clock clk_i rise edge)      0.000     0.000 r  
    U18                                               0.000     0.000 r  clk_i (IN)
                         net (fo=0)                   0.000     0.000    clk_i
    U18                  IBUF (Prop_ibuf_I_O)         1.530     1.530 r  clk_i_IBUF_inst/O
                         net (fo=1, routed)           2.076     3.606    clk_i_IBUF
    BUFGCTRL_X0Y1        BUFG (Prop_bufg_I_O)         0.101     3.707 r  clk_i_IBUF_BUFG_inst/O
                         net (fo=270, routed)         1.674     5.381    u_sys_monitor/u_u2r_cmd_convert/U0/inst_fifo_gen/gconvfifo.rf/grf.rf/rstblk/ngwrdrst.grst.g7serrst.gnsckt_wrst.rst_wr_reg2_inst/dest_clk
    SLICE_X28Y43         FDPE                                         r  u_sys_monitor/u_u2r_cmd_convert/U0/inst_fifo_gen/gconvfifo.rf/grf.rf/rstblk/ngwrdrst.grst.g7serrst.gnsckt_wrst.rst_wr_reg2_inst/arststages_ff_reg[1]/C
  -------------------------------------------------------------------    -------------------
    SLICE_X28Y43         FDPE (Prop_fdpe_C_Q)         0.478     5.859 f  u_sys_monitor/u_u2r_cmd_convert/U0/inst_fifo_gen/gconvfifo.rf/grf.rf/rstblk/ngwrdrst.grst.g7serrst.gnsckt_wrst.rst_wr_reg2_inst/arststages_ff_reg[1]/Q
                         net (fo=9, routed)           0.525     6.385    u_sys_monitor/u_u2r_cmd_convert/U0/inst_fifo_gen/gconvfifo.rf/grf.rf/rstblk/rst_wr_reg2
    SLICE_X27Y43         FDCE                                         f  u_sys_monitor/u_u2r_cmd_convert/U0/inst_fifo_gen/gconvfifo.rf/grf.rf/rstblk/ngwrdrst.grst.g7serrst.gnsckt_wrst.gic_rst.rd_rst_wr_ext_reg[2]/CLR
  -------------------------------------------------------------------    -------------------

                         (clock clk_i rise edge)     20.000    20.000 r  
    U18                                               0.000    20.000 r  clk_i (IN)
                         net (fo=0)                   0.000    20.000    clk_i
    U18                  IBUF (Prop_ibuf_I_O)         1.459    21.459 r  clk_i_IBUF_inst/O
                         net (fo=1, routed)           1.880    23.339    clk_i_IBUF
    BUFGCTRL_X0Y1        BUFG (Prop_bufg_I_O)         0.091    23.430 r  clk_i_IBUF_BUFG_inst/O
                         net (fo=270, routed)         1.499    24.929    u_sys_monitor/u_u2r_cmd_convert/U0/inst_fifo_gen/gconvfifo.rf/grf.rf/rstblk/wr_clk
    SLICE_X27Y43         FDCE                                         r  u_sys_monitor/u_u2r_cmd_convert/U0/inst_fifo_gen/gconvfifo.rf/grf.rf/rstblk/ngwrdrst.grst.g7serrst.gnsckt_wrst.gic_rst.rd_rst_wr_ext_reg[2]/C
                         clock pessimism              0.392    25.321    
                         clock uncertainty           -0.035    25.286    
    SLICE_X27Y43         FDCE (Recov_fdce_C_CLR)     -0.576    24.710    u_sys_monitor/u_u2r_cmd_convert/U0/inst_fifo_gen/gconvfifo.rf/grf.rf/rstblk/ngwrdrst.grst.g7serrst.gnsckt_wrst.gic_rst.rd_rst_wr_ext_reg[2]
  -------------------------------------------------------------------
                         required time                         24.710    
                         arrival time                          -6.385    
  -------------------------------------------------------------------
                         slack                                 18.325    

Slack (MET) :             18.325ns  (required time - arrival time)
  Source:                 u_sys_monitor/u_u2r_cmd_convert/U0/inst_fifo_gen/gconvfifo.rf/grf.rf/rstblk/ngwrdrst.grst.g7serrst.gnsckt_wrst.rst_wr_reg2_inst/arststages_ff_reg[1]/C
                            (rising edge-triggered cell FDPE clocked by clk_i  {rise@0.000ns fall@10.000ns period=20.000ns})
  Destination:            u_sys_monitor/u_u2r_cmd_convert/U0/inst_fifo_gen/gconvfifo.rf/grf.rf/rstblk/ngwrdrst.grst.g7serrst.gnsckt_wrst.gic_rst.rd_rst_wr_ext_reg[3]/CLR
                            (recovery check against rising-edge clock clk_i  {rise@0.000ns fall@10.000ns period=20.000ns})
  Path Group:             **async_default**
  Path Type:              Recovery (Max at Slow Process Corner)
  Requirement:            20.000ns  (clk_i rise@20.000ns - clk_i rise@0.000ns)
  Data Path Delay:        1.003ns  (logic 0.478ns (47.634%)  route 0.525ns (52.366%))
  Logic Levels:           0  
  Clock Path Skew:        -0.060ns (DCD - SCD + CPR)
    Destination Clock Delay (DCD):    4.929ns = ( 24.929 - 20.000 ) 
    Source Clock Delay      (SCD):    5.381ns
    Clock Pessimism Removal (CPR):    0.392ns
  Clock Uncertainty:      0.035ns  ((TSJ^2 + TIJ^2)^1/2 + DJ) / 2 + PE
    Total System Jitter     (TSJ):    0.071ns
    Total Input Jitter      (TIJ):    0.000ns
    Discrete Jitter          (DJ):    0.000ns
    Phase Error              (PE):    0.000ns

    Location             Delay type                Incr(ns)  Path(ns)    Netlist Resource(s)
  -------------------------------------------------------------------    -------------------
                         (clock clk_i rise edge)      0.000     0.000 r  
    U18                                               0.000     0.000 r  clk_i (IN)
                         net (fo=0)                   0.000     0.000    clk_i
    U18                  IBUF (Prop_ibuf_I_O)         1.530     1.530 r  clk_i_IBUF_inst/O
                         net (fo=1, routed)           2.076     3.606    clk_i_IBUF
    BUFGCTRL_X0Y1        BUFG (Prop_bufg_I_O)         0.101     3.707 r  clk_i_IBUF_BUFG_inst/O
                         net (fo=270, routed)         1.674     5.381    u_sys_monitor/u_u2r_cmd_convert/U0/inst_fifo_gen/gconvfifo.rf/grf.rf/rstblk/ngwrdrst.grst.g7serrst.gnsckt_wrst.rst_wr_reg2_inst/dest_clk
    SLICE_X28Y43         FDPE                                         r  u_sys_monitor/u_u2r_cmd_convert/U0/inst_fifo_gen/gconvfifo.rf/grf.rf/rstblk/ngwrdrst.grst.g7serrst.gnsckt_wrst.rst_wr_reg2_inst/arststages_ff_reg[1]/C
  -------------------------------------------------------------------    -------------------
    SLICE_X28Y43         FDPE (Prop_fdpe_C_Q)         0.478     5.859 f  u_sys_monitor/u_u2r_cmd_convert/U0/inst_fifo_gen/gconvfifo.rf/grf.rf/rstblk/ngwrdrst.grst.g7serrst.gnsckt_wrst.rst_wr_reg2_inst/arststages_ff_reg[1]/Q
                         net (fo=9, routed)           0.525     6.385    u_sys_monitor/u_u2r_cmd_convert/U0/inst_fifo_gen/gconvfifo.rf/grf.rf/rstblk/rst_wr_reg2
    SLICE_X27Y43         FDCE                                         f  u_sys_monitor/u_u2r_cmd_convert/U0/inst_fifo_gen/gconvfifo.rf/grf.rf/rstblk/ngwrdrst.grst.g7serrst.gnsckt_wrst.gic_rst.rd_rst_wr_ext_reg[3]/CLR
  -------------------------------------------------------------------    -------------------

                         (clock clk_i rise edge)     20.000    20.000 r  
    U18                                               0.000    20.000 r  clk_i (IN)
                         net (fo=0)                   0.000    20.000    clk_i
    U18                  IBUF (Prop_ibuf_I_O)         1.459    21.459 r  clk_i_IBUF_inst/O
                         net (fo=1, routed)           1.880    23.339    clk_i_IBUF
    BUFGCTRL_X0Y1        BUFG (Prop_bufg_I_O)         0.091    23.430 r  clk_i_IBUF_BUFG_inst/O
                         net (fo=270, routed)         1.499    24.929    u_sys_monitor/u_u2r_cmd_convert/U0/inst_fifo_gen/gconvfifo.rf/grf.rf/rstblk/wr_clk
    SLICE_X27Y43         FDCE                                         r  u_sys_monitor/u_u2r_cmd_convert/U0/inst_fifo_gen/gconvfifo.rf/grf.rf/rstblk/ngwrdrst.grst.g7serrst.gnsckt_wrst.gic_rst.rd_rst_wr_ext_reg[3]/C
                         clock pessimism              0.392    25.321    
                         clock uncertainty           -0.035    25.286    
    SLICE_X27Y43         FDCE (Recov_fdce_C_CLR)     -0.576    24.710    u_sys_monitor/u_u2r_cmd_convert/U0/inst_fifo_gen/gconvfifo.rf/grf.rf/rstblk/ngwrdrst.grst.g7serrst.gnsckt_wrst.gic_rst.rd_rst_wr_ext_reg[3]
  -------------------------------------------------------------------
                         required time                         24.710    
                         arrival time                          -6.385    
  -------------------------------------------------------------------
                         slack                                 18.325    

Slack (MET) :             18.367ns  (required time - arrival time)
  Source:                 u_sys_monitor/u_u2r_cmd_convert/U0/inst_fifo_gen/gconvfifo.rf/grf.rf/rstblk/ngwrdrst.grst.g7serrst.gnsckt_wrst.rst_wr_reg2_inst/arststages_ff_reg[1]/C
                            (rising edge-triggered cell FDPE clocked by clk_i  {rise@0.000ns fall@10.000ns period=20.000ns})
  Destination:            u_sys_monitor/u_u2r_cmd_convert/U0/inst_fifo_gen/gconvfifo.rf/grf.rf/rstblk/grstd1.grst_full.grst_f.rst_d1_reg/PRE
                            (recovery check against rising-edge clock clk_i  {rise@0.000ns fall@10.000ns period=20.000ns})
  Path Group:             **async_default**
  Path Type:              Recovery (Max at Slow Process Corner)
  Requirement:            20.000ns  (clk_i rise@20.000ns - clk_i rise@0.000ns)
  Data Path Delay:        1.008ns  (logic 0.478ns (47.428%)  route 0.530ns (52.572%))
  Logic Levels:           0  
  Clock Path Skew:        -0.060ns (DCD - SCD + CPR)
    Destination Clock Delay (DCD):    4.929ns = ( 24.929 - 20.000 ) 
    Source Clock Delay      (SCD):    5.381ns
    Clock Pessimism Removal (CPR):    0.392ns
  Clock Uncertainty:      0.035ns  ((TSJ^2 + TIJ^2)^1/2 + DJ) / 2 + PE
    Total System Jitter     (TSJ):    0.071ns
    Total Input Jitter      (TIJ):    0.000ns
    Discrete Jitter          (DJ):    0.000ns
    Phase Error              (PE):    0.000ns

    Location             Delay type                Incr(ns)  Path(ns)    Netlist Resource(s)
  -------------------------------------------------------------------    -------------------
                         (clock clk_i rise edge)      0.000     0.000 r  
    U18                                               0.000     0.000 r  clk_i (IN)
                         net (fo=0)                   0.000     0.000    clk_i
    U18                  IBUF (Prop_ibuf_I_O)         1.530     1.530 r  clk_i_IBUF_inst/O
                         net (fo=1, routed)           2.076     3.606    clk_i_IBUF
    BUFGCTRL_X0Y1        BUFG (Prop_bufg_I_O)         0.101     3.707 r  clk_i_IBUF_BUFG_inst/O
                         net (fo=270, routed)         1.674     5.381    u_sys_monitor/u_u2r_cmd_convert/U0/inst_fifo_gen/gconvfifo.rf/grf.rf/rstblk/ngwrdrst.grst.g7serrst.gnsckt_wrst.rst_wr_reg2_inst/dest_clk
    SLICE_X28Y43         FDPE                                         r  u_sys_monitor/u_u2r_cmd_convert/U0/inst_fifo_gen/gconvfifo.rf/grf.rf/rstblk/ngwrdrst.grst.g7serrst.gnsckt_wrst.rst_wr_reg2_inst/arststages_ff_reg[1]/C
  -------------------------------------------------------------------    -------------------
    SLICE_X28Y43         FDPE (Prop_fdpe_C_Q)         0.478     5.859 f  u_sys_monitor/u_u2r_cmd_convert/U0/inst_fifo_gen/gconvfifo.rf/grf.rf/rstblk/ngwrdrst.grst.g7serrst.gnsckt_wrst.rst_wr_reg2_inst/arststages_ff_reg[1]/Q
                         net (fo=9, routed)           0.530     6.389    u_sys_monitor/u_u2r_cmd_convert/U0/inst_fifo_gen/gconvfifo.rf/grf.rf/rstblk/rst_wr_reg2
    SLICE_X26Y43         FDPE                                         f  u_sys_monitor/u_u2r_cmd_convert/U0/inst_fifo_gen/gconvfifo.rf/grf.rf/rstblk/grstd1.grst_full.grst_f.rst_d1_reg/PRE
  -------------------------------------------------------------------    -------------------

                         (clock clk_i rise edge)     20.000    20.000 r  
    U18                                               0.000    20.000 r  clk_i (IN)
                         net (fo=0)                   0.000    20.000    clk_i
    U18                  IBUF (Prop_ibuf_I_O)         1.459    21.459 r  clk_i_IBUF_inst/O
                         net (fo=1, routed)           1.880    23.339    clk_i_IBUF
    BUFGCTRL_X0Y1        BUFG (Prop_bufg_I_O)         0.091    23.430 r  clk_i_IBUF_BUFG_inst/O
                         net (fo=270, routed)         1.499    24.929    u_sys_monitor/u_u2r_cmd_convert/U0/inst_fifo_gen/gconvfifo.rf/grf.rf/rstblk/wr_clk
    SLICE_X26Y43         FDPE                                         r  u_sys_monitor/u_u2r_cmd_convert/U0/inst_fifo_gen/gconvfifo.rf/grf.rf/rstblk/grstd1.grst_full.grst_f.rst_d1_reg/C
                         clock pessimism              0.392    25.321    
                         clock uncertainty           -0.035    25.286    
    SLICE_X26Y43         FDPE (Recov_fdpe_C_PRE)     -0.530    24.756    u_sys_monitor/u_u2r_cmd_convert/U0/inst_fifo_gen/gconvfifo.rf/grf.rf/rstblk/grstd1.grst_full.grst_f.rst_d1_reg
  -------------------------------------------------------------------
                         required time                         24.756    
                         arrival time                          -6.389    
  -------------------------------------------------------------------
                         slack                                 18.367    

Slack (MET) :             18.367ns  (required time - arrival time)
  Source:                 u_sys_monitor/u_u2r_cmd_convert/U0/inst_fifo_gen/gconvfifo.rf/grf.rf/rstblk/ngwrdrst.grst.g7serrst.gnsckt_wrst.rst_wr_reg2_inst/arststages_ff_reg[1]/C
                            (rising edge-triggered cell FDPE clocked by clk_i  {rise@0.000ns fall@10.000ns period=20.000ns})
  Destination:            u_sys_monitor/u_u2r_cmd_convert/U0/inst_fifo_gen/gconvfifo.rf/grf.rf/rstblk/grstd1.grst_full.grst_f.rst_d2_reg/PRE
                            (recovery check against rising-edge clock clk_i  {rise@0.000ns fall@10.000ns period=20.000ns})
  Path Group:             **async_default**
  Path Type:              Recovery (Max at Slow Process Corner)
  Requirement:            20.000ns  (clk_i rise@20.000ns - clk_i rise@0.000ns)
  Data Path Delay:        1.008ns  (logic 0.478ns (47.428%)  route 0.530ns (52.572%))
  Logic Levels:           0  
  Clock Path Skew:        -0.060ns (DCD - SCD + CPR)
    Destination Clock Delay (DCD):    4.929ns = ( 24.929 - 20.000 ) 
    Source Clock Delay      (SCD):    5.381ns
    Clock Pessimism Removal (CPR):    0.392ns
  Clock Uncertainty:      0.035ns  ((TSJ^2 + TIJ^2)^1/2 + DJ) / 2 + PE
    Total System Jitter     (TSJ):    0.071ns
    Total Input Jitter      (TIJ):    0.000ns
    Discrete Jitter          (DJ):    0.000ns
    Phase Error              (PE):    0.000ns

    Location             Delay type                Incr(ns)  Path(ns)    Netlist Resource(s)
  -------------------------------------------------------------------    -------------------
                         (clock clk_i rise edge)      0.000     0.000 r  
    U18                                               0.000     0.000 r  clk_i (IN)
                         net (fo=0)                   0.000     0.000    clk_i
    U18                  IBUF (Prop_ibuf_I_O)         1.530     1.530 r  clk_i_IBUF_inst/O
                         net (fo=1, routed)           2.076     3.606    clk_i_IBUF
    BUFGCTRL_X0Y1        BUFG (Prop_bufg_I_O)         0.101     3.707 r  clk_i_IBUF_BUFG_inst/O
                         net (fo=270, routed)         1.674     5.381    u_sys_monitor/u_u2r_cmd_convert/U0/inst_fifo_gen/gconvfifo.rf/grf.rf/rstblk/ngwrdrst.grst.g7serrst.gnsckt_wrst.rst_wr_reg2_inst/dest_clk
    SLICE_X28Y43         FDPE                                         r  u_sys_monitor/u_u2r_cmd_convert/U0/inst_fifo_gen/gconvfifo.rf/grf.rf/rstblk/ngwrdrst.grst.g7serrst.gnsckt_wrst.rst_wr_reg2_inst/arststages_ff_reg[1]/C
  -------------------------------------------------------------------    -------------------
    SLICE_X28Y43         FDPE (Prop_fdpe_C_Q)         0.478     5.859 f  u_sys_monitor/u_u2r_cmd_convert/U0/inst_fifo_gen/gconvfifo.rf/grf.rf/rstblk/ngwrdrst.grst.g7serrst.gnsckt_wrst.rst_wr_reg2_inst/arststages_ff_reg[1]/Q
                         net (fo=9, routed)           0.530     6.389    u_sys_monitor/u_u2r_cmd_convert/U0/inst_fifo_gen/gconvfifo.rf/grf.rf/rstblk/rst_wr_reg2
    SLICE_X26Y43         FDPE                                         f  u_sys_monitor/u_u2r_cmd_convert/U0/inst_fifo_gen/gconvfifo.rf/grf.rf/rstblk/grstd1.grst_full.grst_f.rst_d2_reg/PRE
  -------------------------------------------------------------------    -------------------

                         (clock clk_i rise edge)     20.000    20.000 r  
    U18                                               0.000    20.000 r  clk_i (IN)
                         net (fo=0)                   0.000    20.000    clk_i
    U18                  IBUF (Prop_ibuf_I_O)         1.459    21.459 r  clk_i_IBUF_inst/O
                         net (fo=1, routed)           1.880    23.339    clk_i_IBUF
    BUFGCTRL_X0Y1        BUFG (Prop_bufg_I_O)         0.091    23.430 r  clk_i_IBUF_BUFG_inst/O
                         net (fo=270, routed)         1.499    24.929    u_sys_monitor/u_u2r_cmd_convert/U0/inst_fifo_gen/gconvfifo.rf/grf.rf/rstblk/wr_clk
    SLICE_X26Y43         FDPE                                         r  u_sys_monitor/u_u2r_cmd_convert/U0/inst_fifo_gen/gconvfifo.rf/grf.rf/rstblk/grstd1.grst_full.grst_f.rst_d2_reg/C
                         clock pessimism              0.392    25.321    
                         clock uncertainty           -0.035    25.286    
    SLICE_X26Y43         FDPE (Recov_fdpe_C_PRE)     -0.530    24.756    u_sys_monitor/u_u2r_cmd_convert/U0/inst_fifo_gen/gconvfifo.rf/grf.rf/rstblk/grstd1.grst_full.grst_f.rst_d2_reg
  -------------------------------------------------------------------
                         required time                         24.756    
                         arrival time                          -6.389    
  -------------------------------------------------------------------
                         slack                                 18.367    

Slack (MET) :             18.371ns  (required time - arrival time)
  Source:                 u_sys_monitor/u_u2r_cmd_convert/U0/inst_fifo_gen/gconvfifo.rf/grf.rf/rstblk/ngwrdrst.grst.g7serrst.gnsckt_wrst.rst_wr_reg2_inst/arststages_ff_reg[1]/C
                            (rising edge-triggered cell FDPE clocked by clk_i  {rise@0.000ns fall@10.000ns period=20.000ns})
  Destination:            u_sys_monitor/u_u2r_cmd_convert/U0/inst_fifo_gen/gconvfifo.rf/grf.rf/rstblk/grstd1.grst_full.grst_f.rst_d3_reg/PRE
                            (recovery check against rising-edge clock clk_i  {rise@0.000ns fall@10.000ns period=20.000ns})
  Path Group:             **async_default**
  Path Type:              Recovery (Max at Slow Process Corner)
  Requirement:            20.000ns  (clk_i rise@20.000ns - clk_i rise@0.000ns)
  Data Path Delay:        1.003ns  (logic 0.478ns (47.634%)  route 0.525ns (52.366%))
  Logic Levels:           0  
  Clock Path Skew:        -0.060ns (DCD - SCD + CPR)
    Destination Clock Delay (DCD):    4.929ns = ( 24.929 - 20.000 ) 
    Source Clock Delay      (SCD):    5.381ns
    Clock Pessimism Removal (CPR):    0.392ns
  Clock Uncertainty:      0.035ns  ((TSJ^2 + TIJ^2)^1/2 + DJ) / 2 + PE
    Total System Jitter     (TSJ):    0.071ns
    Total Input Jitter      (TIJ):    0.000ns
    Discrete Jitter          (DJ):    0.000ns
    Phase Error              (PE):    0.000ns

    Location             Delay type                Incr(ns)  Path(ns)    Netlist Resource(s)
  -------------------------------------------------------------------    -------------------
                         (clock clk_i rise edge)      0.000     0.000 r  
    U18                                               0.000     0.000 r  clk_i (IN)
                         net (fo=0)                   0.000     0.000    clk_i
    U18                  IBUF (Prop_ibuf_I_O)         1.530     1.530 r  clk_i_IBUF_inst/O
                         net (fo=1, routed)           2.076     3.606    clk_i_IBUF
    BUFGCTRL_X0Y1        BUFG (Prop_bufg_I_O)         0.101     3.707 r  clk_i_IBUF_BUFG_inst/O
                         net (fo=270, routed)         1.674     5.381    u_sys_monitor/u_u2r_cmd_convert/U0/inst_fifo_gen/gconvfifo.rf/grf.rf/rstblk/ngwrdrst.grst.g7serrst.gnsckt_wrst.rst_wr_reg2_inst/dest_clk
    SLICE_X28Y43         FDPE                                         r  u_sys_monitor/u_u2r_cmd_convert/U0/inst_fifo_gen/gconvfifo.rf/grf.rf/rstblk/ngwrdrst.grst.g7serrst.gnsckt_wrst.rst_wr_reg2_inst/arststages_ff_reg[1]/C
  -------------------------------------------------------------------    -------------------
    SLICE_X28Y43         FDPE (Prop_fdpe_C_Q)         0.478     5.859 f  u_sys_monitor/u_u2r_cmd_convert/U0/inst_fifo_gen/gconvfifo.rf/grf.rf/rstblk/ngwrdrst.grst.g7serrst.gnsckt_wrst.rst_wr_reg2_inst/arststages_ff_reg[1]/Q
                         net (fo=9, routed)           0.525     6.385    u_sys_monitor/u_u2r_cmd_convert/U0/inst_fifo_gen/gconvfifo.rf/grf.rf/rstblk/rst_wr_reg2
    SLICE_X27Y43         FDPE                                         f  u_sys_monitor/u_u2r_cmd_convert/U0/inst_fifo_gen/gconvfifo.rf/grf.rf/rstblk/grstd1.grst_full.grst_f.rst_d3_reg/PRE
  -------------------------------------------------------------------    -------------------

                         (clock clk_i rise edge)     20.000    20.000 r  
    U18                                               0.000    20.000 r  clk_i (IN)
                         net (fo=0)                   0.000    20.000    clk_i
    U18                  IBUF (Prop_ibuf_I_O)         1.459    21.459 r  clk_i_IBUF_inst/O
                         net (fo=1, routed)           1.880    23.339    clk_i_IBUF
    BUFGCTRL_X0Y1        BUFG (Prop_bufg_I_O)         0.091    23.430 r  clk_i_IBUF_BUFG_inst/O
                         net (fo=270, routed)         1.499    24.929    u_sys_monitor/u_u2r_cmd_convert/U0/inst_fifo_gen/gconvfifo.rf/grf.rf/rstblk/wr_clk
    SLICE_X27Y43         FDPE                                         r  u_sys_monitor/u_u2r_cmd_convert/U0/inst_fifo_gen/gconvfifo.rf/grf.rf/rstblk/grstd1.grst_full.grst_f.rst_d3_reg/C
                         clock pessimism              0.392    25.321    
                         clock uncertainty           -0.035    25.286    
    SLICE_X27Y43         FDPE (Recov_fdpe_C_PRE)     -0.530    24.756    u_sys_monitor/u_u2r_cmd_convert/U0/inst_fifo_gen/gconvfifo.rf/grf.rf/rstblk/grstd1.grst_full.grst_f.rst_d3_reg
  -------------------------------------------------------------------
                         required time                         24.756    
                         arrival time                          -6.385    
  -------------------------------------------------------------------
                         slack                                 18.371    

Slack (MET) :             18.371ns  (required time - arrival time)
  Source:                 u_sys_monitor/u_u2r_cmd_convert/U0/inst_fifo_gen/gconvfifo.rf/grf.rf/rstblk/ngwrdrst.grst.g7serrst.gnsckt_wrst.rst_wr_reg2_inst/arststages_ff_reg[1]/C
                            (rising edge-triggered cell FDPE clocked by clk_i  {rise@0.000ns fall@10.000ns period=20.000ns})
  Destination:            u_sys_monitor/u_u2r_cmd_convert/U0/inst_fifo_gen/gconvfifo.rf/grf.rf/rstblk/ngwrdrst.grst.g7serrst.gnsckt_wrst.gic_rst.sckt_wr_rst_ic_reg/PRE
                            (recovery check against rising-edge clock clk_i  {rise@0.000ns fall@10.000ns period=20.000ns})
  Path Group:             **async_default**
  Path Type:              Recovery (Max at Slow Process Corner)
  Requirement:            20.000ns  (clk_i rise@20.000ns - clk_i rise@0.000ns)
  Data Path Delay:        1.003ns  (logic 0.478ns (47.634%)  route 0.525ns (52.366%))
  Logic Levels:           0  
  Clock Path Skew:        -0.060ns (DCD - SCD + CPR)
    Destination Clock Delay (DCD):    4.929ns = ( 24.929 - 20.000 ) 
    Source Clock Delay      (SCD):    5.381ns
    Clock Pessimism Removal (CPR):    0.392ns
  Clock Uncertainty:      0.035ns  ((TSJ^2 + TIJ^2)^1/2 + DJ) / 2 + PE
    Total System Jitter     (TSJ):    0.071ns
    Total Input Jitter      (TIJ):    0.000ns
    Discrete Jitter          (DJ):    0.000ns
    Phase Error              (PE):    0.000ns

    Location             Delay type                Incr(ns)  Path(ns)    Netlist Resource(s)
  -------------------------------------------------------------------    -------------------
                         (clock clk_i rise edge)      0.000     0.000 r  
    U18                                               0.000     0.000 r  clk_i (IN)
                         net (fo=0)                   0.000     0.000    clk_i
    U18                  IBUF (Prop_ibuf_I_O)         1.530     1.530 r  clk_i_IBUF_inst/O
                         net (fo=1, routed)           2.076     3.606    clk_i_IBUF
    BUFGCTRL_X0Y1        BUFG (Prop_bufg_I_O)         0.101     3.707 r  clk_i_IBUF_BUFG_inst/O
                         net (fo=270, routed)         1.674     5.381    u_sys_monitor/u_u2r_cmd_convert/U0/inst_fifo_gen/gconvfifo.rf/grf.rf/rstblk/ngwrdrst.grst.g7serrst.gnsckt_wrst.rst_wr_reg2_inst/dest_clk
    SLICE_X28Y43         FDPE                                         r  u_sys_monitor/u_u2r_cmd_convert/U0/inst_fifo_gen/gconvfifo.rf/grf.rf/rstblk/ngwrdrst.grst.g7serrst.gnsckt_wrst.rst_wr_reg2_inst/arststages_ff_reg[1]/C
  -------------------------------------------------------------------    -------------------
    SLICE_X28Y43         FDPE (Prop_fdpe_C_Q)         0.478     5.859 f  u_sys_monitor/u_u2r_cmd_convert/U0/inst_fifo_gen/gconvfifo.rf/grf.rf/rstblk/ngwrdrst.grst.g7serrst.gnsckt_wrst.rst_wr_reg2_inst/arststages_ff_reg[1]/Q
                         net (fo=9, routed)           0.525     6.385    u_sys_monitor/u_u2r_cmd_convert/U0/inst_fifo_gen/gconvfifo.rf/grf.rf/rstblk/rst_wr_reg2
    SLICE_X27Y43         FDPE                                         f  u_sys_monitor/u_u2r_cmd_convert/U0/inst_fifo_gen/gconvfifo.rf/grf.rf/rstblk/ngwrdrst.grst.g7serrst.gnsckt_wrst.gic_rst.sckt_wr_rst_ic_reg/PRE
  -------------------------------------------------------------------    -------------------

                         (clock clk_i rise edge)     20.000    20.000 r  
    U18                                               0.000    20.000 r  clk_i (IN)
                         net (fo=0)                   0.000    20.000    clk_i
    U18                  IBUF (Prop_ibuf_I_O)         1.459    21.459 r  clk_i_IBUF_inst/O
                         net (fo=1, routed)           1.880    23.339    clk_i_IBUF
    BUFGCTRL_X0Y1        BUFG (Prop_bufg_I_O)         0.091    23.430 r  clk_i_IBUF_BUFG_inst/O
                         net (fo=270, routed)         1.499    24.929    u_sys_monitor/u_u2r_cmd_convert/U0/inst_fifo_gen/gconvfifo.rf/grf.rf/rstblk/wr_clk
    SLICE_X27Y43         FDPE                                         r  u_sys_monitor/u_u2r_cmd_convert/U0/inst_fifo_gen/gconvfifo.rf/grf.rf/rstblk/ngwrdrst.grst.g7serrst.gnsckt_wrst.gic_rst.sckt_wr_rst_ic_reg/C
                         clock pessimism              0.392    25.321    
                         clock uncertainty           -0.035    25.286    
    SLICE_X27Y43         FDPE (Recov_fdpe_C_PRE)     -0.530    24.756    u_sys_monitor/u_u2r_cmd_convert/U0/inst_fifo_gen/gconvfifo.rf/grf.rf/rstblk/ngwrdrst.grst.g7serrst.gnsckt_wrst.gic_rst.sckt_wr_rst_ic_reg
  -------------------------------------------------------------------
                         required time                         24.756    
                         arrival time                          -6.385    
  -------------------------------------------------------------------
                         slack                                 18.371    

Slack (MET) :             18.371ns  (required time - arrival time)
  Source:                 u_sys_monitor/u_u2r_cmd_convert/U0/inst_fifo_gen/gconvfifo.rf/grf.rf/rstblk/ngwrdrst.grst.g7serrst.gnsckt_wrst.rst_wr_reg2_inst/arststages_ff_reg[1]/C
                            (rising edge-triggered cell FDPE clocked by clk_i  {rise@0.000ns fall@10.000ns period=20.000ns})
  Destination:            u_sys_monitor/u_u2r_cmd_convert/U0/inst_fifo_gen/gconvfifo.rf/grf.rf/rstblk/ngwrdrst.grst.g7serrst.gnsckt_wrst.gic_rst.wr_rst_busy_i_reg/PRE
                            (recovery check against rising-edge clock clk_i  {rise@0.000ns fall@10.000ns period=20.000ns})
  Path Group:             **async_default**
  Path Type:              Recovery (Max at Slow Process Corner)
  Requirement:            20.000ns  (clk_i rise@20.000ns - clk_i rise@0.000ns)
  Data Path Delay:        1.003ns  (logic 0.478ns (47.634%)  route 0.525ns (52.366%))
  Logic Levels:           0  
  Clock Path Skew:        -0.060ns (DCD - SCD + CPR)
    Destination Clock Delay (DCD):    4.929ns = ( 24.929 - 20.000 ) 
    Source Clock Delay      (SCD):    5.381ns
    Clock Pessimism Removal (CPR):    0.392ns
  Clock Uncertainty:      0.035ns  ((TSJ^2 + TIJ^2)^1/2 + DJ) / 2 + PE
    Total System Jitter     (TSJ):    0.071ns
    Total Input Jitter      (TIJ):    0.000ns
    Discrete Jitter          (DJ):    0.000ns
    Phase Error              (PE):    0.000ns

    Location             Delay type                Incr(ns)  Path(ns)    Netlist Resource(s)
  -------------------------------------------------------------------    -------------------
                         (clock clk_i rise edge)      0.000     0.000 r  
    U18                                               0.000     0.000 r  clk_i (IN)
                         net (fo=0)                   0.000     0.000    clk_i
    U18                  IBUF (Prop_ibuf_I_O)         1.530     1.530 r  clk_i_IBUF_inst/O
                         net (fo=1, routed)           2.076     3.606    clk_i_IBUF
    BUFGCTRL_X0Y1        BUFG (Prop_bufg_I_O)         0.101     3.707 r  clk_i_IBUF_BUFG_inst/O
                         net (fo=270, routed)         1.674     5.381    u_sys_monitor/u_u2r_cmd_convert/U0/inst_fifo_gen/gconvfifo.rf/grf.rf/rstblk/ngwrdrst.grst.g7serrst.gnsckt_wrst.rst_wr_reg2_inst/dest_clk
    SLICE_X28Y43         FDPE                                         r  u_sys_monitor/u_u2r_cmd_convert/U0/inst_fifo_gen/gconvfifo.rf/grf.rf/rstblk/ngwrdrst.grst.g7serrst.gnsckt_wrst.rst_wr_reg2_inst/arststages_ff_reg[1]/C
  -------------------------------------------------------------------    -------------------
    SLICE_X28Y43         FDPE (Prop_fdpe_C_Q)         0.478     5.859 f  u_sys_monitor/u_u2r_cmd_convert/U0/inst_fifo_gen/gconvfifo.rf/grf.rf/rstblk/ngwrdrst.grst.g7serrst.gnsckt_wrst.rst_wr_reg2_inst/arststages_ff_reg[1]/Q
                         net (fo=9, routed)           0.525     6.385    u_sys_monitor/u_u2r_cmd_convert/U0/inst_fifo_gen/gconvfifo.rf/grf.rf/rstblk/rst_wr_reg2
    SLICE_X27Y43         FDPE                                         f  u_sys_monitor/u_u2r_cmd_convert/U0/inst_fifo_gen/gconvfifo.rf/grf.rf/rstblk/ngwrdrst.grst.g7serrst.gnsckt_wrst.gic_rst.wr_rst_busy_i_reg/PRE
  -------------------------------------------------------------------    -------------------

                         (clock clk_i rise edge)     20.000    20.000 r  
    U18                                               0.000    20.000 r  clk_i (IN)
                         net (fo=0)                   0.000    20.000    clk_i
    U18                  IBUF (Prop_ibuf_I_O)         1.459    21.459 r  clk_i_IBUF_inst/O
                         net (fo=1, routed)           1.880    23.339    clk_i_IBUF
    BUFGCTRL_X0Y1        BUFG (Prop_bufg_I_O)         0.091    23.430 r  clk_i_IBUF_BUFG_inst/O
                         net (fo=270, routed)         1.499    24.929    u_sys_monitor/u_u2r_cmd_convert/U0/inst_fifo_gen/gconvfifo.rf/grf.rf/rstblk/wr_clk
    SLICE_X27Y43         FDPE                                         r  u_sys_monitor/u_u2r_cmd_convert/U0/inst_fifo_gen/gconvfifo.rf/grf.rf/rstblk/ngwrdrst.grst.g7serrst.gnsckt_wrst.gic_rst.wr_rst_busy_i_reg/C
                         clock pessimism              0.392    25.321    
                         clock uncertainty           -0.035    25.286    
    SLICE_X27Y43         FDPE (Recov_fdpe_C_PRE)     -0.530    24.756    u_sys_monitor/u_u2r_cmd_convert/U0/inst_fifo_gen/gconvfifo.rf/grf.rf/rstblk/ngwrdrst.grst.g7serrst.gnsckt_wrst.gic_rst.wr_rst_busy_i_reg
  -------------------------------------------------------------------
                         required time                         24.756    
                         arrival time                          -6.385    
  -------------------------------------------------------------------
                         slack                                 18.371    

Slack (MET) :             18.373ns  (required time - arrival time)
  Source:                 u_sys_monitor/u_u2r_cmd_convert/U0/inst_fifo_gen/gconvfifo.rf/grf.rf/rstblk/ngwrdrst.grst.g7serrst.gnsckt_wrst.gic_rst.sckt_wr_rst_ic_reg/C
                            (rising edge-triggered cell FDPE clocked by clk_i  {rise@0.000ns fall@10.000ns period=20.000ns})
  Destination:            u_sys_monitor/u_u2r_cmd_convert/U0/inst_fifo_gen/gconvfifo.rf/grf.rf/gntv_or_sync_fifo.gl0.wr/wpntr/gic0.gc0.count_d2_reg[0]/CLR
                            (recovery check against rising-edge clock clk_i  {rise@0.000ns fall@10.000ns period=20.000ns})
  Path Group:             **async_default**
  Path Type:              Recovery (Max at Slow Process Corner)
  Requirement:            20.000ns  (clk_i rise@20.000ns - clk_i rise@0.000ns)
  Data Path Delay:        1.161ns  (logic 0.456ns (39.271%)  route 0.705ns (60.729%))
  Logic Levels:           0  
  Clock Path Skew:        -0.025ns (DCD - SCD + CPR)
    Destination Clock Delay (DCD):    4.929ns = ( 24.929 - 20.000 ) 
    Source Clock Delay      (SCD):    5.380ns
    Clock Pessimism Removal (CPR):    0.426ns
  Clock Uncertainty:      0.035ns  ((TSJ^2 + TIJ^2)^1/2 + DJ) / 2 + PE
    Total System Jitter     (TSJ):    0.071ns
    Total Input Jitter      (TIJ):    0.000ns
    Discrete Jitter          (DJ):    0.000ns
    Phase Error              (PE):    0.000ns

    Location             Delay type                Incr(ns)  Path(ns)    Netlist Resource(s)
  -------------------------------------------------------------------    -------------------
                         (clock clk_i rise edge)      0.000     0.000 r  
    U18                                               0.000     0.000 r  clk_i (IN)
                         net (fo=0)                   0.000     0.000    clk_i
    U18                  IBUF (Prop_ibuf_I_O)         1.530     1.530 r  clk_i_IBUF_inst/O
                         net (fo=1, routed)           2.076     3.606    clk_i_IBUF
    BUFGCTRL_X0Y1        BUFG (Prop_bufg_I_O)         0.101     3.707 r  clk_i_IBUF_BUFG_inst/O
                         net (fo=270, routed)         1.673     5.380    u_sys_monitor/u_u2r_cmd_convert/U0/inst_fifo_gen/gconvfifo.rf/grf.rf/rstblk/wr_clk
    SLICE_X27Y43         FDPE                                         r  u_sys_monitor/u_u2r_cmd_convert/U0/inst_fifo_gen/gconvfifo.rf/grf.rf/rstblk/ngwrdrst.grst.g7serrst.gnsckt_wrst.gic_rst.sckt_wr_rst_ic_reg/C
  -------------------------------------------------------------------    -------------------
    SLICE_X27Y43         FDPE (Prop_fdpe_C_Q)         0.456     5.836 f  u_sys_monitor/u_u2r_cmd_convert/U0/inst_fifo_gen/gconvfifo.rf/grf.rf/rstblk/ngwrdrst.grst.g7serrst.gnsckt_wrst.gic_rst.sckt_wr_rst_ic_reg/Q
                         net (fo=15, routed)          0.705     6.541    u_sys_monitor/u_u2r_cmd_convert/U0/inst_fifo_gen/gconvfifo.rf/grf.rf/gntv_or_sync_fifo.gl0.wr/wpntr/AR[0]
    SLICE_X27Y45         FDCE                                         f  u_sys_monitor/u_u2r_cmd_convert/U0/inst_fifo_gen/gconvfifo.rf/grf.rf/gntv_or_sync_fifo.gl0.wr/wpntr/gic0.gc0.count_d2_reg[0]/CLR
  -------------------------------------------------------------------    -------------------

                         (clock clk_i rise edge)     20.000    20.000 r  
    U18                                               0.000    20.000 r  clk_i (IN)
                         net (fo=0)                   0.000    20.000    clk_i
    U18                  IBUF (Prop_ibuf_I_O)         1.459    21.459 r  clk_i_IBUF_inst/O
                         net (fo=1, routed)           1.880    23.339    clk_i_IBUF
    BUFGCTRL_X0Y1        BUFG (Prop_bufg_I_O)         0.091    23.430 r  clk_i_IBUF_BUFG_inst/O
                         net (fo=270, routed)         1.499    24.929    u_sys_monitor/u_u2r_cmd_convert/U0/inst_fifo_gen/gconvfifo.rf/grf.rf/gntv_or_sync_fifo.gl0.wr/wpntr/wr_clk
    SLICE_X27Y45         FDCE                                         r  u_sys_monitor/u_u2r_cmd_convert/U0/inst_fifo_gen/gconvfifo.rf/grf.rf/gntv_or_sync_fifo.gl0.wr/wpntr/gic0.gc0.count_d2_reg[0]/C
                         clock pessimism              0.426    25.355    
                         clock uncertainty           -0.035    25.320    
    SLICE_X27Y45         FDCE (Recov_fdce_C_CLR)     -0.405    24.915    u_sys_monitor/u_u2r_cmd_convert/U0/inst_fifo_gen/gconvfifo.rf/grf.rf/gntv_or_sync_fifo.gl0.wr/wpntr/gic0.gc0.count_d2_reg[0]
  -------------------------------------------------------------------
                         required time                         24.915    
                         arrival time                          -6.541    
  -------------------------------------------------------------------
                         slack                                 18.373    





Min Delay Paths
--------------------------------------------------------------------------------------
Slack (MET) :             0.399ns  (arrival time - required time)
  Source:                 u_sys_monitor/u_u2r_cmd_convert/U0/inst_fifo_gen/gconvfifo.rf/grf.rf/rstblk/grstd1.grst_full.grst_f.rst_d2_reg/C
                            (rising edge-triggered cell FDPE clocked by clk_i  {rise@0.000ns fall@10.000ns period=20.000ns})
  Destination:            u_sys_monitor/u_u2r_cmd_convert/U0/inst_fifo_gen/gconvfifo.rf/grf.rf/gntv_or_sync_fifo.gl0.wr/gwas.wsts/ram_full_fb_i_reg/PRE
                            (removal check against rising-edge clock clk_i  {rise@0.000ns fall@10.000ns period=20.000ns})
  Path Group:             **async_default**
  Path Type:              Removal (Min at Fast Process Corner)
  Requirement:            0.000ns  (clk_i rise@0.000ns - clk_i rise@0.000ns)
  Data Path Delay:        0.266ns  (logic 0.128ns (48.183%)  route 0.138ns (51.817%))
  Logic Levels:           0  
  Clock Path Skew:        0.016ns (DCD - SCD - CPR)
    Destination Clock Delay (DCD):    2.029ns
    Source Clock Delay      (SCD):    1.513ns
    Clock Pessimism Removal (CPR):    0.500ns

    Location             Delay type                Incr(ns)  Path(ns)    Netlist Resource(s)
  -------------------------------------------------------------------    -------------------
                         (clock clk_i rise edge)      0.000     0.000 r  
    U18                                               0.000     0.000 r  clk_i (IN)
                         net (fo=0)                   0.000     0.000    clk_i
    U18                  IBUF (Prop_ibuf_I_O)         0.297     0.297 r  clk_i_IBUF_inst/O
                         net (fo=1, routed)           0.627     0.925    clk_i_IBUF
    BUFGCTRL_X0Y1        BUFG (Prop_bufg_I_O)         0.026     0.951 r  clk_i_IBUF_BUFG_inst/O
                         net (fo=270, routed)         0.563     1.513    u_sys_monitor/u_u2r_cmd_convert/U0/inst_fifo_gen/gconvfifo.rf/grf.rf/rstblk/wr_clk
    SLICE_X26Y43         FDPE                                         r  u_sys_monitor/u_u2r_cmd_convert/U0/inst_fifo_gen/gconvfifo.rf/grf.rf/rstblk/grstd1.grst_full.grst_f.rst_d2_reg/C
  -------------------------------------------------------------------    -------------------
    SLICE_X26Y43         FDPE (Prop_fdpe_C_Q)         0.128     1.641 f  u_sys_monitor/u_u2r_cmd_convert/U0/inst_fifo_gen/gconvfifo.rf/grf.rf/rstblk/grstd1.grst_full.grst_f.rst_d2_reg/Q
                         net (fo=3, routed)           0.138     1.779    u_sys_monitor/u_u2r_cmd_convert/U0/inst_fifo_gen/gconvfifo.rf/grf.rf/gntv_or_sync_fifo.gl0.wr/gwas.wsts/out
    SLICE_X26Y44         FDPE                                         f  u_sys_monitor/u_u2r_cmd_convert/U0/inst_fifo_gen/gconvfifo.rf/grf.rf/gntv_or_sync_fifo.gl0.wr/gwas.wsts/ram_full_fb_i_reg/PRE
  -------------------------------------------------------------------    -------------------

                         (clock clk_i rise edge)      0.000     0.000 r  
    U18                                               0.000     0.000 r  clk_i (IN)
                         net (fo=0)                   0.000     0.000    clk_i
    U18                  IBUF (Prop_ibuf_I_O)         0.486     0.486 r  clk_i_IBUF_inst/O
                         net (fo=1, routed)           0.683     1.169    clk_i_IBUF
    BUFGCTRL_X0Y1        BUFG (Prop_bufg_I_O)         0.029     1.198 r  clk_i_IBUF_BUFG_inst/O
                         net (fo=270, routed)         0.831     2.029    u_sys_monitor/u_u2r_cmd_convert/U0/inst_fifo_gen/gconvfifo.rf/grf.rf/gntv_or_sync_fifo.gl0.wr/gwas.wsts/wr_clk
    SLICE_X26Y44         FDPE                                         r  u_sys_monitor/u_u2r_cmd_convert/U0/inst_fifo_gen/gconvfifo.rf/grf.rf/gntv_or_sync_fifo.gl0.wr/gwas.wsts/ram_full_fb_i_reg/C
                         clock pessimism             -0.500     1.529    
    SLICE_X26Y44         FDPE (Remov_fdpe_C_PRE)     -0.149     1.380    u_sys_monitor/u_u2r_cmd_convert/U0/inst_fifo_gen/gconvfifo.rf/grf.rf/gntv_or_sync_fifo.gl0.wr/gwas.wsts/ram_full_fb_i_reg
  -------------------------------------------------------------------
                         required time                         -1.380    
                         arrival time                           1.779    
  -------------------------------------------------------------------
                         slack                                  0.399    

Slack (MET) :             0.399ns  (arrival time - required time)
  Source:                 u_sys_monitor/u_u2r_cmd_convert/U0/inst_fifo_gen/gconvfifo.rf/grf.rf/rstblk/grstd1.grst_full.grst_f.rst_d2_reg/C
                            (rising edge-triggered cell FDPE clocked by clk_i  {rise@0.000ns fall@10.000ns period=20.000ns})
  Destination:            u_sys_monitor/u_u2r_cmd_convert/U0/inst_fifo_gen/gconvfifo.rf/grf.rf/gntv_or_sync_fifo.gl0.wr/gwas.wsts/ram_full_i_reg/PRE
                            (removal check against rising-edge clock clk_i  {rise@0.000ns fall@10.000ns period=20.000ns})
  Path Group:             **async_default**
  Path Type:              Removal (Min at Fast Process Corner)
  Requirement:            0.000ns  (clk_i rise@0.000ns - clk_i rise@0.000ns)
  Data Path Delay:        0.266ns  (logic 0.128ns (48.183%)  route 0.138ns (51.817%))
  Logic Levels:           0  
  Clock Path Skew:        0.016ns (DCD - SCD - CPR)
    Destination Clock Delay (DCD):    2.029ns
    Source Clock Delay      (SCD):    1.513ns
    Clock Pessimism Removal (CPR):    0.500ns

    Location             Delay type                Incr(ns)  Path(ns)    Netlist Resource(s)
  -------------------------------------------------------------------    -------------------
                         (clock clk_i rise edge)      0.000     0.000 r  
    U18                                               0.000     0.000 r  clk_i (IN)
                         net (fo=0)                   0.000     0.000    clk_i
    U18                  IBUF (Prop_ibuf_I_O)         0.297     0.297 r  clk_i_IBUF_inst/O
                         net (fo=1, routed)           0.627     0.925    clk_i_IBUF
    BUFGCTRL_X0Y1        BUFG (Prop_bufg_I_O)         0.026     0.951 r  clk_i_IBUF_BUFG_inst/O
                         net (fo=270, routed)         0.563     1.513    u_sys_monitor/u_u2r_cmd_convert/U0/inst_fifo_gen/gconvfifo.rf/grf.rf/rstblk/wr_clk
    SLICE_X26Y43         FDPE                                         r  u_sys_monitor/u_u2r_cmd_convert/U0/inst_fifo_gen/gconvfifo.rf/grf.rf/rstblk/grstd1.grst_full.grst_f.rst_d2_reg/C
  -------------------------------------------------------------------    -------------------
    SLICE_X26Y43         FDPE (Prop_fdpe_C_Q)         0.128     1.641 f  u_sys_monitor/u_u2r_cmd_convert/U0/inst_fifo_gen/gconvfifo.rf/grf.rf/rstblk/grstd1.grst_full.grst_f.rst_d2_reg/Q
                         net (fo=3, routed)           0.138     1.779    u_sys_monitor/u_u2r_cmd_convert/U0/inst_fifo_gen/gconvfifo.rf/grf.rf/gntv_or_sync_fifo.gl0.wr/gwas.wsts/out
    SLICE_X26Y44         FDPE                                         f  u_sys_monitor/u_u2r_cmd_convert/U0/inst_fifo_gen/gconvfifo.rf/grf.rf/gntv_or_sync_fifo.gl0.wr/gwas.wsts/ram_full_i_reg/PRE
  -------------------------------------------------------------------    -------------------

                         (clock clk_i rise edge)      0.000     0.000 r  
    U18                                               0.000     0.000 r  clk_i (IN)
                         net (fo=0)                   0.000     0.000    clk_i
    U18                  IBUF (Prop_ibuf_I_O)         0.486     0.486 r  clk_i_IBUF_inst/O
                         net (fo=1, routed)           0.683     1.169    clk_i_IBUF
    BUFGCTRL_X0Y1        BUFG (Prop_bufg_I_O)         0.029     1.198 r  clk_i_IBUF_BUFG_inst/O
                         net (fo=270, routed)         0.831     2.029    u_sys_monitor/u_u2r_cmd_convert/U0/inst_fifo_gen/gconvfifo.rf/grf.rf/gntv_or_sync_fifo.gl0.wr/gwas.wsts/wr_clk
    SLICE_X26Y44         FDPE                                         r  u_sys_monitor/u_u2r_cmd_convert/U0/inst_fifo_gen/gconvfifo.rf/grf.rf/gntv_or_sync_fifo.gl0.wr/gwas.wsts/ram_full_i_reg/C
                         clock pessimism             -0.500     1.529    
    SLICE_X26Y44         FDPE (Remov_fdpe_C_PRE)     -0.149     1.380    u_sys_monitor/u_u2r_cmd_convert/U0/inst_fifo_gen/gconvfifo.rf/grf.rf/gntv_or_sync_fifo.gl0.wr/gwas.wsts/ram_full_i_reg
  -------------------------------------------------------------------
                         required time                         -1.380    
                         arrival time                           1.779    
  -------------------------------------------------------------------
                         slack                                  0.399    

Slack (MET) :             0.445ns  (arrival time - required time)
  Source:                 u_sys_monitor/u_u2r_cmd_convert/U0/inst_fifo_gen/gconvfifo.rf/grf.rf/rstblk/ngwrdrst.grst.g7serrst.gnsckt_wrst.gic_rst.sckt_wr_rst_ic_reg/C
                            (rising edge-triggered cell FDPE clocked by clk_i  {rise@0.000ns fall@10.000ns period=20.000ns})
  Destination:            u_sys_monitor/u_u2r_cmd_convert/U0/inst_fifo_gen/gconvfifo.rf/grf.rf/gntv_or_sync_fifo.gl0.wr/wpntr/gic0.gc0.count_d1_reg[1]/CLR
                            (removal check against rising-edge clock clk_i  {rise@0.000ns fall@10.000ns period=20.000ns})
  Path Group:             **async_default**
  Path Type:              Removal (Min at Fast Process Corner)
  Requirement:            0.000ns  (clk_i rise@0.000ns - clk_i rise@0.000ns)
  Data Path Delay:        0.369ns  (logic 0.141ns (38.170%)  route 0.228ns (61.830%))
  Logic Levels:           0  
  Clock Path Skew:        0.016ns (DCD - SCD - CPR)
    Destination Clock Delay (DCD):    2.029ns
    Source Clock Delay      (SCD):    1.513ns
    Clock Pessimism Removal (CPR):    0.500ns

    Location             Delay type                Incr(ns)  Path(ns)    Netlist Resource(s)
  -------------------------------------------------------------------    -------------------
                         (clock clk_i rise edge)      0.000     0.000 r  
    U18                                               0.000     0.000 r  clk_i (IN)
                         net (fo=0)                   0.000     0.000    clk_i
    U18                  IBUF (Prop_ibuf_I_O)         0.297     0.297 r  clk_i_IBUF_inst/O
                         net (fo=1, routed)           0.627     0.925    clk_i_IBUF
    BUFGCTRL_X0Y1        BUFG (Prop_bufg_I_O)         0.026     0.951 r  clk_i_IBUF_BUFG_inst/O
                         net (fo=270, routed)         0.563     1.513    u_sys_monitor/u_u2r_cmd_convert/U0/inst_fifo_gen/gconvfifo.rf/grf.rf/rstblk/wr_clk
    SLICE_X27Y43         FDPE                                         r  u_sys_monitor/u_u2r_cmd_convert/U0/inst_fifo_gen/gconvfifo.rf/grf.rf/rstblk/ngwrdrst.grst.g7serrst.gnsckt_wrst.gic_rst.sckt_wr_rst_ic_reg/C
  -------------------------------------------------------------------    -------------------
    SLICE_X27Y43         FDPE (Prop_fdpe_C_Q)         0.141     1.654 f  u_sys_monitor/u_u2r_cmd_convert/U0/inst_fifo_gen/gconvfifo.rf/grf.rf/rstblk/ngwrdrst.grst.g7serrst.gnsckt_wrst.gic_rst.sckt_wr_rst_ic_reg/Q
                         net (fo=15, routed)          0.228     1.883    u_sys_monitor/u_u2r_cmd_convert/U0/inst_fifo_gen/gconvfifo.rf/grf.rf/gntv_or_sync_fifo.gl0.wr/wpntr/AR[0]
    SLICE_X27Y44         FDCE                                         f  u_sys_monitor/u_u2r_cmd_convert/U0/inst_fifo_gen/gconvfifo.rf/grf.rf/gntv_or_sync_fifo.gl0.wr/wpntr/gic0.gc0.count_d1_reg[1]/CLR
  -------------------------------------------------------------------    -------------------

                         (clock clk_i rise edge)      0.000     0.000 r  
    U18                                               0.000     0.000 r  clk_i (IN)
                         net (fo=0)                   0.000     0.000    clk_i
    U18                  IBUF (Prop_ibuf_I_O)         0.486     0.486 r  clk_i_IBUF_inst/O
                         net (fo=1, routed)           0.683     1.169    clk_i_IBUF
    BUFGCTRL_X0Y1        BUFG (Prop_bufg_I_O)         0.029     1.198 r  clk_i_IBUF_BUFG_inst/O
                         net (fo=270, routed)         0.831     2.029    u_sys_monitor/u_u2r_cmd_convert/U0/inst_fifo_gen/gconvfifo.rf/grf.rf/gntv_or_sync_fifo.gl0.wr/wpntr/wr_clk
    SLICE_X27Y44         FDCE                                         r  u_sys_monitor/u_u2r_cmd_convert/U0/inst_fifo_gen/gconvfifo.rf/grf.rf/gntv_or_sync_fifo.gl0.wr/wpntr/gic0.gc0.count_d1_reg[1]/C
                         clock pessimism             -0.500     1.529    
    SLICE_X27Y44         FDCE (Remov_fdce_C_CLR)     -0.092     1.437    u_sys_monitor/u_u2r_cmd_convert/U0/inst_fifo_gen/gconvfifo.rf/grf.rf/gntv_or_sync_fifo.gl0.wr/wpntr/gic0.gc0.count_d1_reg[1]
  -------------------------------------------------------------------
                         required time                         -1.437    
                         arrival time                           1.883    
  -------------------------------------------------------------------
                         slack                                  0.445    

Slack (MET) :             0.445ns  (arrival time - required time)
  Source:                 u_sys_monitor/u_u2r_cmd_convert/U0/inst_fifo_gen/gconvfifo.rf/grf.rf/rstblk/ngwrdrst.grst.g7serrst.gnsckt_wrst.gic_rst.sckt_wr_rst_ic_reg/C
                            (rising edge-triggered cell FDPE clocked by clk_i  {rise@0.000ns fall@10.000ns period=20.000ns})
  Destination:            u_sys_monitor/u_u2r_cmd_convert/U0/inst_fifo_gen/gconvfifo.rf/grf.rf/gntv_or_sync_fifo.gl0.wr/wpntr/gic0.gc0.count_d1_reg[2]/CLR
                            (removal check against rising-edge clock clk_i  {rise@0.000ns fall@10.000ns period=20.000ns})
  Path Group:             **async_default**
  Path Type:              Removal (Min at Fast Process Corner)
  Requirement:            0.000ns  (clk_i rise@0.000ns - clk_i rise@0.000ns)
  Data Path Delay:        0.369ns  (logic 0.141ns (38.170%)  route 0.228ns (61.830%))
  Logic Levels:           0  
  Clock Path Skew:        0.016ns (DCD - SCD - CPR)
    Destination Clock Delay (DCD):    2.029ns
    Source Clock Delay      (SCD):    1.513ns
    Clock Pessimism Removal (CPR):    0.500ns

    Location             Delay type                Incr(ns)  Path(ns)    Netlist Resource(s)
  -------------------------------------------------------------------    -------------------
                         (clock clk_i rise edge)      0.000     0.000 r  
    U18                                               0.000     0.000 r  clk_i (IN)
                         net (fo=0)                   0.000     0.000    clk_i
    U18                  IBUF (Prop_ibuf_I_O)         0.297     0.297 r  clk_i_IBUF_inst/O
                         net (fo=1, routed)           0.627     0.925    clk_i_IBUF
    BUFGCTRL_X0Y1        BUFG (Prop_bufg_I_O)         0.026     0.951 r  clk_i_IBUF_BUFG_inst/O
                         net (fo=270, routed)         0.563     1.513    u_sys_monitor/u_u2r_cmd_convert/U0/inst_fifo_gen/gconvfifo.rf/grf.rf/rstblk/wr_clk
    SLICE_X27Y43         FDPE                                         r  u_sys_monitor/u_u2r_cmd_convert/U0/inst_fifo_gen/gconvfifo.rf/grf.rf/rstblk/ngwrdrst.grst.g7serrst.gnsckt_wrst.gic_rst.sckt_wr_rst_ic_reg/C
  -------------------------------------------------------------------    -------------------
    SLICE_X27Y43         FDPE (Prop_fdpe_C_Q)         0.141     1.654 f  u_sys_monitor/u_u2r_cmd_convert/U0/inst_fifo_gen/gconvfifo.rf/grf.rf/rstblk/ngwrdrst.grst.g7serrst.gnsckt_wrst.gic_rst.sckt_wr_rst_ic_reg/Q
                         net (fo=15, routed)          0.228     1.883    u_sys_monitor/u_u2r_cmd_convert/U0/inst_fifo_gen/gconvfifo.rf/grf.rf/gntv_or_sync_fifo.gl0.wr/wpntr/AR[0]
    SLICE_X27Y44         FDCE                                         f  u_sys_monitor/u_u2r_cmd_convert/U0/inst_fifo_gen/gconvfifo.rf/grf.rf/gntv_or_sync_fifo.gl0.wr/wpntr/gic0.gc0.count_d1_reg[2]/CLR
  -------------------------------------------------------------------    -------------------

                         (clock clk_i rise edge)      0.000     0.000 r  
    U18                                               0.000     0.000 r  clk_i (IN)
                         net (fo=0)                   0.000     0.000    clk_i
    U18                  IBUF (Prop_ibuf_I_O)         0.486     0.486 r  clk_i_IBUF_inst/O
                         net (fo=1, routed)           0.683     1.169    clk_i_IBUF
    BUFGCTRL_X0Y1        BUFG (Prop_bufg_I_O)         0.029     1.198 r  clk_i_IBUF_BUFG_inst/O
                         net (fo=270, routed)         0.831     2.029    u_sys_monitor/u_u2r_cmd_convert/U0/inst_fifo_gen/gconvfifo.rf/grf.rf/gntv_or_sync_fifo.gl0.wr/wpntr/wr_clk
    SLICE_X27Y44         FDCE                                         r  u_sys_monitor/u_u2r_cmd_convert/U0/inst_fifo_gen/gconvfifo.rf/grf.rf/gntv_or_sync_fifo.gl0.wr/wpntr/gic0.gc0.count_d1_reg[2]/C
                         clock pessimism             -0.500     1.529    
    SLICE_X27Y44         FDCE (Remov_fdce_C_CLR)     -0.092     1.437    u_sys_monitor/u_u2r_cmd_convert/U0/inst_fifo_gen/gconvfifo.rf/grf.rf/gntv_or_sync_fifo.gl0.wr/wpntr/gic0.gc0.count_d1_reg[2]
  -------------------------------------------------------------------
                         required time                         -1.437    
                         arrival time                           1.883    
  -------------------------------------------------------------------
                         slack                                  0.445    

Slack (MET) :             0.445ns  (arrival time - required time)
  Source:                 u_sys_monitor/u_u2r_cmd_convert/U0/inst_fifo_gen/gconvfifo.rf/grf.rf/rstblk/ngwrdrst.grst.g7serrst.gnsckt_wrst.gic_rst.sckt_wr_rst_ic_reg/C
                            (rising edge-triggered cell FDPE clocked by clk_i  {rise@0.000ns fall@10.000ns period=20.000ns})
  Destination:            u_sys_monitor/u_u2r_cmd_convert/U0/inst_fifo_gen/gconvfifo.rf/grf.rf/gntv_or_sync_fifo.gl0.wr/wpntr/gic0.gc0.count_d1_reg[3]/CLR
                            (removal check against rising-edge clock clk_i  {rise@0.000ns fall@10.000ns period=20.000ns})
  Path Group:             **async_default**
  Path Type:              Removal (Min at Fast Process Corner)
  Requirement:            0.000ns  (clk_i rise@0.000ns - clk_i rise@0.000ns)
  Data Path Delay:        0.369ns  (logic 0.141ns (38.170%)  route 0.228ns (61.830%))
  Logic Levels:           0  
  Clock Path Skew:        0.016ns (DCD - SCD - CPR)
    Destination Clock Delay (DCD):    2.029ns
    Source Clock Delay      (SCD):    1.513ns
    Clock Pessimism Removal (CPR):    0.500ns

    Location             Delay type                Incr(ns)  Path(ns)    Netlist Resource(s)
  -------------------------------------------------------------------    -------------------
                         (clock clk_i rise edge)      0.000     0.000 r  
    U18                                               0.000     0.000 r  clk_i (IN)
                         net (fo=0)                   0.000     0.000    clk_i
    U18                  IBUF (Prop_ibuf_I_O)         0.297     0.297 r  clk_i_IBUF_inst/O
                         net (fo=1, routed)           0.627     0.925    clk_i_IBUF
    BUFGCTRL_X0Y1        BUFG (Prop_bufg_I_O)         0.026     0.951 r  clk_i_IBUF_BUFG_inst/O
                         net (fo=270, routed)         0.563     1.513    u_sys_monitor/u_u2r_cmd_convert/U0/inst_fifo_gen/gconvfifo.rf/grf.rf/rstblk/wr_clk
    SLICE_X27Y43         FDPE                                         r  u_sys_monitor/u_u2r_cmd_convert/U0/inst_fifo_gen/gconvfifo.rf/grf.rf/rstblk/ngwrdrst.grst.g7serrst.gnsckt_wrst.gic_rst.sckt_wr_rst_ic_reg/C
  -------------------------------------------------------------------    -------------------
    SLICE_X27Y43         FDPE (Prop_fdpe_C_Q)         0.141     1.654 f  u_sys_monitor/u_u2r_cmd_convert/U0/inst_fifo_gen/gconvfifo.rf/grf.rf/rstblk/ngwrdrst.grst.g7serrst.gnsckt_wrst.gic_rst.sckt_wr_rst_ic_reg/Q
                         net (fo=15, routed)          0.228     1.883    u_sys_monitor/u_u2r_cmd_convert/U0/inst_fifo_gen/gconvfifo.rf/grf.rf/gntv_or_sync_fifo.gl0.wr/wpntr/AR[0]
    SLICE_X27Y44         FDCE                                         f  u_sys_monitor/u_u2r_cmd_convert/U0/inst_fifo_gen/gconvfifo.rf/grf.rf/gntv_or_sync_fifo.gl0.wr/wpntr/gic0.gc0.count_d1_reg[3]/CLR
  -------------------------------------------------------------------    -------------------

                         (clock clk_i rise edge)      0.000     0.000 r  
    U18                                               0.000     0.000 r  clk_i (IN)
                         net (fo=0)                   0.000     0.000    clk_i
    U18                  IBUF (Prop_ibuf_I_O)         0.486     0.486 r  clk_i_IBUF_inst/O
                         net (fo=1, routed)           0.683     1.169    clk_i_IBUF
    BUFGCTRL_X0Y1        BUFG (Prop_bufg_I_O)         0.029     1.198 r  clk_i_IBUF_BUFG_inst/O
                         net (fo=270, routed)         0.831     2.029    u_sys_monitor/u_u2r_cmd_convert/U0/inst_fifo_gen/gconvfifo.rf/grf.rf/gntv_or_sync_fifo.gl0.wr/wpntr/wr_clk
    SLICE_X27Y44         FDCE                                         r  u_sys_monitor/u_u2r_cmd_convert/U0/inst_fifo_gen/gconvfifo.rf/grf.rf/gntv_or_sync_fifo.gl0.wr/wpntr/gic0.gc0.count_d1_reg[3]/C
                         clock pessimism             -0.500     1.529    
    SLICE_X27Y44         FDCE (Remov_fdce_C_CLR)     -0.092     1.437    u_sys_monitor/u_u2r_cmd_convert/U0/inst_fifo_gen/gconvfifo.rf/grf.rf/gntv_or_sync_fifo.gl0.wr/wpntr/gic0.gc0.count_d1_reg[3]
  -------------------------------------------------------------------
                         required time                         -1.437    
                         arrival time                           1.883    
  -------------------------------------------------------------------
                         slack                                  0.445    

Slack (MET) :             0.445ns  (arrival time - required time)
  Source:                 u_sys_monitor/u_u2r_cmd_convert/U0/inst_fifo_gen/gconvfifo.rf/grf.rf/rstblk/ngwrdrst.grst.g7serrst.gnsckt_wrst.gic_rst.sckt_wr_rst_ic_reg/C
                            (rising edge-triggered cell FDPE clocked by clk_i  {rise@0.000ns fall@10.000ns period=20.000ns})
  Destination:            u_sys_monitor/u_u2r_cmd_convert/U0/inst_fifo_gen/gconvfifo.rf/grf.rf/gntv_or_sync_fifo.gl0.wr/wpntr/gic0.gc0.count_reg[2]/CLR
                            (removal check against rising-edge clock clk_i  {rise@0.000ns fall@10.000ns period=20.000ns})
  Path Group:             **async_default**
  Path Type:              Removal (Min at Fast Process Corner)
  Requirement:            0.000ns  (clk_i rise@0.000ns - clk_i rise@0.000ns)
  Data Path Delay:        0.369ns  (logic 0.141ns (38.170%)  route 0.228ns (61.830%))
  Logic Levels:           0  
  Clock Path Skew:        0.016ns (DCD - SCD - CPR)
    Destination Clock Delay (DCD):    2.029ns
    Source Clock Delay      (SCD):    1.513ns
    Clock Pessimism Removal (CPR):    0.500ns

    Location             Delay type                Incr(ns)  Path(ns)    Netlist Resource(s)
  -------------------------------------------------------------------    -------------------
                         (clock clk_i rise edge)      0.000     0.000 r  
    U18                                               0.000     0.000 r  clk_i (IN)
                         net (fo=0)                   0.000     0.000    clk_i
    U18                  IBUF (Prop_ibuf_I_O)         0.297     0.297 r  clk_i_IBUF_inst/O
                         net (fo=1, routed)           0.627     0.925    clk_i_IBUF
    BUFGCTRL_X0Y1        BUFG (Prop_bufg_I_O)         0.026     0.951 r  clk_i_IBUF_BUFG_inst/O
                         net (fo=270, routed)         0.563     1.513    u_sys_monitor/u_u2r_cmd_convert/U0/inst_fifo_gen/gconvfifo.rf/grf.rf/rstblk/wr_clk
    SLICE_X27Y43         FDPE                                         r  u_sys_monitor/u_u2r_cmd_convert/U0/inst_fifo_gen/gconvfifo.rf/grf.rf/rstblk/ngwrdrst.grst.g7serrst.gnsckt_wrst.gic_rst.sckt_wr_rst_ic_reg/C
  -------------------------------------------------------------------    -------------------
    SLICE_X27Y43         FDPE (Prop_fdpe_C_Q)         0.141     1.654 f  u_sys_monitor/u_u2r_cmd_convert/U0/inst_fifo_gen/gconvfifo.rf/grf.rf/rstblk/ngwrdrst.grst.g7serrst.gnsckt_wrst.gic_rst.sckt_wr_rst_ic_reg/Q
                         net (fo=15, routed)          0.228     1.883    u_sys_monitor/u_u2r_cmd_convert/U0/inst_fifo_gen/gconvfifo.rf/grf.rf/gntv_or_sync_fifo.gl0.wr/wpntr/AR[0]
    SLICE_X27Y44         FDCE                                         f  u_sys_monitor/u_u2r_cmd_convert/U0/inst_fifo_gen/gconvfifo.rf/grf.rf/gntv_or_sync_fifo.gl0.wr/wpntr/gic0.gc0.count_reg[2]/CLR
  -------------------------------------------------------------------    -------------------

                         (clock clk_i rise edge)      0.000     0.000 r  
    U18                                               0.000     0.000 r  clk_i (IN)
                         net (fo=0)                   0.000     0.000    clk_i
    U18                  IBUF (Prop_ibuf_I_O)         0.486     0.486 r  clk_i_IBUF_inst/O
                         net (fo=1, routed)           0.683     1.169    clk_i_IBUF
    BUFGCTRL_X0Y1        BUFG (Prop_bufg_I_O)         0.029     1.198 r  clk_i_IBUF_BUFG_inst/O
                         net (fo=270, routed)         0.831     2.029    u_sys_monitor/u_u2r_cmd_convert/U0/inst_fifo_gen/gconvfifo.rf/grf.rf/gntv_or_sync_fifo.gl0.wr/wpntr/wr_clk
    SLICE_X27Y44         FDCE                                         r  u_sys_monitor/u_u2r_cmd_convert/U0/inst_fifo_gen/gconvfifo.rf/grf.rf/gntv_or_sync_fifo.gl0.wr/wpntr/gic0.gc0.count_reg[2]/C
                         clock pessimism             -0.500     1.529    
    SLICE_X27Y44         FDCE (Remov_fdce_C_CLR)     -0.092     1.437    u_sys_monitor/u_u2r_cmd_convert/U0/inst_fifo_gen/gconvfifo.rf/grf.rf/gntv_or_sync_fifo.gl0.wr/wpntr/gic0.gc0.count_reg[2]
  -------------------------------------------------------------------
                         required time                         -1.437    
                         arrival time                           1.883    
  -------------------------------------------------------------------
                         slack                                  0.445    

Slack (MET) :             0.445ns  (arrival time - required time)
  Source:                 u_sys_monitor/u_u2r_cmd_convert/U0/inst_fifo_gen/gconvfifo.rf/grf.rf/rstblk/ngwrdrst.grst.g7serrst.gnsckt_wrst.gic_rst.sckt_wr_rst_ic_reg/C
                            (rising edge-triggered cell FDPE clocked by clk_i  {rise@0.000ns fall@10.000ns period=20.000ns})
  Destination:            u_sys_monitor/u_u2r_cmd_convert/U0/inst_fifo_gen/gconvfifo.rf/grf.rf/gntv_or_sync_fifo.gl0.wr/wpntr/gic0.gc0.count_reg[3]/CLR
                            (removal check against rising-edge clock clk_i  {rise@0.000ns fall@10.000ns period=20.000ns})
  Path Group:             **async_default**
  Path Type:              Removal (Min at Fast Process Corner)
  Requirement:            0.000ns  (clk_i rise@0.000ns - clk_i rise@0.000ns)
  Data Path Delay:        0.369ns  (logic 0.141ns (38.170%)  route 0.228ns (61.830%))
  Logic Levels:           0  
  Clock Path Skew:        0.016ns (DCD - SCD - CPR)
    Destination Clock Delay (DCD):    2.029ns
    Source Clock Delay      (SCD):    1.513ns
    Clock Pessimism Removal (CPR):    0.500ns

    Location             Delay type                Incr(ns)  Path(ns)    Netlist Resource(s)
  -------------------------------------------------------------------    -------------------
                         (clock clk_i rise edge)      0.000     0.000 r  
    U18                                               0.000     0.000 r  clk_i (IN)
                         net (fo=0)                   0.000     0.000    clk_i
    U18                  IBUF (Prop_ibuf_I_O)         0.297     0.297 r  clk_i_IBUF_inst/O
                         net (fo=1, routed)           0.627     0.925    clk_i_IBUF
    BUFGCTRL_X0Y1        BUFG (Prop_bufg_I_O)         0.026     0.951 r  clk_i_IBUF_BUFG_inst/O
                         net (fo=270, routed)         0.563     1.513    u_sys_monitor/u_u2r_cmd_convert/U0/inst_fifo_gen/gconvfifo.rf/grf.rf/rstblk/wr_clk
    SLICE_X27Y43         FDPE                                         r  u_sys_monitor/u_u2r_cmd_convert/U0/inst_fifo_gen/gconvfifo.rf/grf.rf/rstblk/ngwrdrst.grst.g7serrst.gnsckt_wrst.gic_rst.sckt_wr_rst_ic_reg/C
  -------------------------------------------------------------------    -------------------
    SLICE_X27Y43         FDPE (Prop_fdpe_C_Q)         0.141     1.654 f  u_sys_monitor/u_u2r_cmd_convert/U0/inst_fifo_gen/gconvfifo.rf/grf.rf/rstblk/ngwrdrst.grst.g7serrst.gnsckt_wrst.gic_rst.sckt_wr_rst_ic_reg/Q
                         net (fo=15, routed)          0.228     1.883    u_sys_monitor/u_u2r_cmd_convert/U0/inst_fifo_gen/gconvfifo.rf/grf.rf/gntv_or_sync_fifo.gl0.wr/wpntr/AR[0]
    SLICE_X27Y44         FDCE                                         f  u_sys_monitor/u_u2r_cmd_convert/U0/inst_fifo_gen/gconvfifo.rf/grf.rf/gntv_or_sync_fifo.gl0.wr/wpntr/gic0.gc0.count_reg[3]/CLR
  -------------------------------------------------------------------    -------------------

                         (clock clk_i rise edge)      0.000     0.000 r  
    U18                                               0.000     0.000 r  clk_i (IN)
                         net (fo=0)                   0.000     0.000    clk_i
    U18                  IBUF (Prop_ibuf_I_O)         0.486     0.486 r  clk_i_IBUF_inst/O
                         net (fo=1, routed)           0.683     1.169    clk_i_IBUF
    BUFGCTRL_X0Y1        BUFG (Prop_bufg_I_O)         0.029     1.198 r  clk_i_IBUF_BUFG_inst/O
                         net (fo=270, routed)         0.831     2.029    u_sys_monitor/u_u2r_cmd_convert/U0/inst_fifo_gen/gconvfifo.rf/grf.rf/gntv_or_sync_fifo.gl0.wr/wpntr/wr_clk
    SLICE_X27Y44         FDCE                                         r  u_sys_monitor/u_u2r_cmd_convert/U0/inst_fifo_gen/gconvfifo.rf/grf.rf/gntv_or_sync_fifo.gl0.wr/wpntr/gic0.gc0.count_reg[3]/C
                         clock pessimism             -0.500     1.529    
    SLICE_X27Y44         FDCE (Remov_fdce_C_CLR)     -0.092     1.437    u_sys_monitor/u_u2r_cmd_convert/U0/inst_fifo_gen/gconvfifo.rf/grf.rf/gntv_or_sync_fifo.gl0.wr/wpntr/gic0.gc0.count_reg[3]
  -------------------------------------------------------------------
                         required time                         -1.437    
                         arrival time                           1.883    
  -------------------------------------------------------------------
                         slack                                  0.445    

Slack (MET) :             0.446ns  (arrival time - required time)
  Source:                 u_sys_monitor/u_u2r_cmd_convert/U0/inst_fifo_gen/gconvfifo.rf/grf.rf/rstblk/ngwrdrst.grst.g7serrst.gnsckt_wrst.rst_wr_reg2_inst/arststages_ff_reg[1]/C
                            (rising edge-triggered cell FDPE clocked by clk_i  {rise@0.000ns fall@10.000ns period=20.000ns})
  Destination:            u_sys_monitor/u_u2r_cmd_convert/U0/inst_fifo_gen/gconvfifo.rf/grf.rf/rstblk/ngwrdrst.grst.g7serrst.gnsckt_wrst.gic_rst.rd_rst_wr_ext_reg[2]/CLR
                            (removal check against rising-edge clock clk_i  {rise@0.000ns fall@10.000ns period=20.000ns})
  Path Group:             **async_default**
  Path Type:              Removal (Min at Fast Process Corner)
  Requirement:            0.000ns  (clk_i rise@0.000ns - clk_i rise@0.000ns)
  Data Path Delay:        0.336ns  (logic 0.148ns (43.984%)  route 0.188ns (56.016%))
  Logic Levels:           0  
  Clock Path Skew:        0.035ns (DCD - SCD - CPR)
    Destination Clock Delay (DCD):    2.029ns
    Source Clock Delay      (SCD):    1.513ns
    Clock Pessimism Removal (CPR):    0.481ns

    Location             Delay type                Incr(ns)  Path(ns)    Netlist Resource(s)
  -------------------------------------------------------------------    -------------------
                         (clock clk_i rise edge)      0.000     0.000 r  
    U18                                               0.000     0.000 r  clk_i (IN)
                         net (fo=0)                   0.000     0.000    clk_i
    U18                  IBUF (Prop_ibuf_I_O)         0.297     0.297 r  clk_i_IBUF_inst/O
                         net (fo=1, routed)           0.627     0.925    clk_i_IBUF
    BUFGCTRL_X0Y1        BUFG (Prop_bufg_I_O)         0.026     0.951 r  clk_i_IBUF_BUFG_inst/O
                         net (fo=270, routed)         0.563     1.513    u_sys_monitor/u_u2r_cmd_convert/U0/inst_fifo_gen/gconvfifo.rf/grf.rf/rstblk/ngwrdrst.grst.g7serrst.gnsckt_wrst.rst_wr_reg2_inst/dest_clk
    SLICE_X28Y43         FDPE                                         r  u_sys_monitor/u_u2r_cmd_convert/U0/inst_fifo_gen/gconvfifo.rf/grf.rf/rstblk/ngwrdrst.grst.g7serrst.gnsckt_wrst.rst_wr_reg2_inst/arststages_ff_reg[1]/C
  -------------------------------------------------------------------    -------------------
    SLICE_X28Y43         FDPE (Prop_fdpe_C_Q)         0.148     1.661 f  u_sys_monitor/u_u2r_cmd_convert/U0/inst_fifo_gen/gconvfifo.rf/grf.rf/rstblk/ngwrdrst.grst.g7serrst.gnsckt_wrst.rst_wr_reg2_inst/arststages_ff_reg[1]/Q
                         net (fo=9, routed)           0.188     1.850    u_sys_monitor/u_u2r_cmd_convert/U0/inst_fifo_gen/gconvfifo.rf/grf.rf/rstblk/rst_wr_reg2
    SLICE_X27Y43         FDCE                                         f  u_sys_monitor/u_u2r_cmd_convert/U0/inst_fifo_gen/gconvfifo.rf/grf.rf/rstblk/ngwrdrst.grst.g7serrst.gnsckt_wrst.gic_rst.rd_rst_wr_ext_reg[2]/CLR
  -------------------------------------------------------------------    -------------------

                         (clock clk_i rise edge)      0.000     0.000 r  
    U18                                               0.000     0.000 r  clk_i (IN)
                         net (fo=0)                   0.000     0.000    clk_i
    U18                  IBUF (Prop_ibuf_I_O)         0.486     0.486 r  clk_i_IBUF_inst/O
                         net (fo=1, routed)           0.683     1.169    clk_i_IBUF
    BUFGCTRL_X0Y1        BUFG (Prop_bufg_I_O)         0.029     1.198 r  clk_i_IBUF_BUFG_inst/O
                         net (fo=270, routed)         0.831     2.029    u_sys_monitor/u_u2r_cmd_convert/U0/inst_fifo_gen/gconvfifo.rf/grf.rf/rstblk/wr_clk
    SLICE_X27Y43         FDCE                                         r  u_sys_monitor/u_u2r_cmd_convert/U0/inst_fifo_gen/gconvfifo.rf/grf.rf/rstblk/ngwrdrst.grst.g7serrst.gnsckt_wrst.gic_rst.rd_rst_wr_ext_reg[2]/C
                         clock pessimism             -0.481     1.548    
    SLICE_X27Y43         FDCE (Remov_fdce_C_CLR)     -0.145     1.403    u_sys_monitor/u_u2r_cmd_convert/U0/inst_fifo_gen/gconvfifo.rf/grf.rf/rstblk/ngwrdrst.grst.g7serrst.gnsckt_wrst.gic_rst.rd_rst_wr_ext_reg[2]
  -------------------------------------------------------------------
                         required time                         -1.403    
                         arrival time                           1.850    
  -------------------------------------------------------------------
                         slack                                  0.446    

Slack (MET) :             0.446ns  (arrival time - required time)
  Source:                 u_sys_monitor/u_u2r_cmd_convert/U0/inst_fifo_gen/gconvfifo.rf/grf.rf/rstblk/ngwrdrst.grst.g7serrst.gnsckt_wrst.rst_wr_reg2_inst/arststages_ff_reg[1]/C
                            (rising edge-triggered cell FDPE clocked by clk_i  {rise@0.000ns fall@10.000ns period=20.000ns})
  Destination:            u_sys_monitor/u_u2r_cmd_convert/U0/inst_fifo_gen/gconvfifo.rf/grf.rf/rstblk/ngwrdrst.grst.g7serrst.gnsckt_wrst.gic_rst.rd_rst_wr_ext_reg[3]/CLR
                            (removal check against rising-edge clock clk_i  {rise@0.000ns fall@10.000ns period=20.000ns})
  Path Group:             **async_default**
  Path Type:              Removal (Min at Fast Process Corner)
  Requirement:            0.000ns  (clk_i rise@0.000ns - clk_i rise@0.000ns)
  Data Path Delay:        0.336ns  (logic 0.148ns (43.984%)  route 0.188ns (56.016%))
  Logic Levels:           0  
  Clock Path Skew:        0.035ns (DCD - SCD - CPR)
    Destination Clock Delay (DCD):    2.029ns
    Source Clock Delay      (SCD):    1.513ns
    Clock Pessimism Removal (CPR):    0.481ns

    Location             Delay type                Incr(ns)  Path(ns)    Netlist Resource(s)
  -------------------------------------------------------------------    -------------------
                         (clock clk_i rise edge)      0.000     0.000 r  
    U18                                               0.000     0.000 r  clk_i (IN)
                         net (fo=0)                   0.000     0.000    clk_i
    U18                  IBUF (Prop_ibuf_I_O)         0.297     0.297 r  clk_i_IBUF_inst/O
                         net (fo=1, routed)           0.627     0.925    clk_i_IBUF
    BUFGCTRL_X0Y1        BUFG (Prop_bufg_I_O)         0.026     0.951 r  clk_i_IBUF_BUFG_inst/O
                         net (fo=270, routed)         0.563     1.513    u_sys_monitor/u_u2r_cmd_convert/U0/inst_fifo_gen/gconvfifo.rf/grf.rf/rstblk/ngwrdrst.grst.g7serrst.gnsckt_wrst.rst_wr_reg2_inst/dest_clk
    SLICE_X28Y43         FDPE                                         r  u_sys_monitor/u_u2r_cmd_convert/U0/inst_fifo_gen/gconvfifo.rf/grf.rf/rstblk/ngwrdrst.grst.g7serrst.gnsckt_wrst.rst_wr_reg2_inst/arststages_ff_reg[1]/C
  -------------------------------------------------------------------    -------------------
    SLICE_X28Y43         FDPE (Prop_fdpe_C_Q)         0.148     1.661 f  u_sys_monitor/u_u2r_cmd_convert/U0/inst_fifo_gen/gconvfifo.rf/grf.rf/rstblk/ngwrdrst.grst.g7serrst.gnsckt_wrst.rst_wr_reg2_inst/arststages_ff_reg[1]/Q
                         net (fo=9, routed)           0.188     1.850    u_sys_monitor/u_u2r_cmd_convert/U0/inst_fifo_gen/gconvfifo.rf/grf.rf/rstblk/rst_wr_reg2
    SLICE_X27Y43         FDCE                                         f  u_sys_monitor/u_u2r_cmd_convert/U0/inst_fifo_gen/gconvfifo.rf/grf.rf/rstblk/ngwrdrst.grst.g7serrst.gnsckt_wrst.gic_rst.rd_rst_wr_ext_reg[3]/CLR
  -------------------------------------------------------------------    -------------------

                         (clock clk_i rise edge)      0.000     0.000 r  
    U18                                               0.000     0.000 r  clk_i (IN)
                         net (fo=0)                   0.000     0.000    clk_i
    U18                  IBUF (Prop_ibuf_I_O)         0.486     0.486 r  clk_i_IBUF_inst/O
                         net (fo=1, routed)           0.683     1.169    clk_i_IBUF
    BUFGCTRL_X0Y1        BUFG (Prop_bufg_I_O)         0.029     1.198 r  clk_i_IBUF_BUFG_inst/O
                         net (fo=270, routed)         0.831     2.029    u_sys_monitor/u_u2r_cmd_convert/U0/inst_fifo_gen/gconvfifo.rf/grf.rf/rstblk/wr_clk
    SLICE_X27Y43         FDCE                                         r  u_sys_monitor/u_u2r_cmd_convert/U0/inst_fifo_gen/gconvfifo.rf/grf.rf/rstblk/ngwrdrst.grst.g7serrst.gnsckt_wrst.gic_rst.rd_rst_wr_ext_reg[3]/C
                         clock pessimism             -0.481     1.548    
    SLICE_X27Y43         FDCE (Remov_fdce_C_CLR)     -0.145     1.403    u_sys_monitor/u_u2r_cmd_convert/U0/inst_fifo_gen/gconvfifo.rf/grf.rf/rstblk/ngwrdrst.grst.g7serrst.gnsckt_wrst.gic_rst.rd_rst_wr_ext_reg[3]
  -------------------------------------------------------------------
                         required time                         -1.403    
                         arrival time                           1.850    
  -------------------------------------------------------------------
                         slack                                  0.446    

Slack (MET) :             0.448ns  (arrival time - required time)
  Source:                 u_sys_monitor/u_u2r_cmd_convert/U0/inst_fifo_gen/gconvfifo.rf/grf.rf/rstblk/ngwrdrst.grst.g7serrst.gnsckt_wrst.gic_rst.sckt_wr_rst_ic_reg/C
                            (rising edge-triggered cell FDPE clocked by clk_i  {rise@0.000ns fall@10.000ns period=20.000ns})
  Destination:            u_sys_monitor/u_u2r_cmd_convert/U0/inst_fifo_gen/gconvfifo.rf/grf.rf/gntv_or_sync_fifo.gl0.wr/wpntr/gic0.gc0.count_reg[1]/PRE
                            (removal check against rising-edge clock clk_i  {rise@0.000ns fall@10.000ns period=20.000ns})
  Path Group:             **async_default**
  Path Type:              Removal (Min at Fast Process Corner)
  Requirement:            0.000ns  (clk_i rise@0.000ns - clk_i rise@0.000ns)
  Data Path Delay:        0.369ns  (logic 0.141ns (38.170%)  route 0.228ns (61.830%))
  Logic Levels:           0  
  Clock Path Skew:        0.016ns (DCD - SCD - CPR)
    Destination Clock Delay (DCD):    2.029ns
    Source Clock Delay      (SCD):    1.513ns
    Clock Pessimism Removal (CPR):    0.500ns

    Location             Delay type                Incr(ns)  Path(ns)    Netlist Resource(s)
  -------------------------------------------------------------------    -------------------
                         (clock clk_i rise edge)      0.000     0.000 r  
    U18                                               0.000     0.000 r  clk_i (IN)
                         net (fo=0)                   0.000     0.000    clk_i
    U18                  IBUF (Prop_ibuf_I_O)         0.297     0.297 r  clk_i_IBUF_inst/O
                         net (fo=1, routed)           0.627     0.925    clk_i_IBUF
    BUFGCTRL_X0Y1        BUFG (Prop_bufg_I_O)         0.026     0.951 r  clk_i_IBUF_BUFG_inst/O
                         net (fo=270, routed)         0.563     1.513    u_sys_monitor/u_u2r_cmd_convert/U0/inst_fifo_gen/gconvfifo.rf/grf.rf/rstblk/wr_clk
    SLICE_X27Y43         FDPE                                         r  u_sys_monitor/u_u2r_cmd_convert/U0/inst_fifo_gen/gconvfifo.rf/grf.rf/rstblk/ngwrdrst.grst.g7serrst.gnsckt_wrst.gic_rst.sckt_wr_rst_ic_reg/C
  -------------------------------------------------------------------    -------------------
    SLICE_X27Y43         FDPE (Prop_fdpe_C_Q)         0.141     1.654 f  u_sys_monitor/u_u2r_cmd_convert/U0/inst_fifo_gen/gconvfifo.rf/grf.rf/rstblk/ngwrdrst.grst.g7serrst.gnsckt_wrst.gic_rst.sckt_wr_rst_ic_reg/Q
                         net (fo=15, routed)          0.228     1.883    u_sys_monitor/u_u2r_cmd_convert/U0/inst_fifo_gen/gconvfifo.rf/grf.rf/gntv_or_sync_fifo.gl0.wr/wpntr/AR[0]
    SLICE_X27Y44         FDPE                                         f  u_sys_monitor/u_u2r_cmd_convert/U0/inst_fifo_gen/gconvfifo.rf/grf.rf/gntv_or_sync_fifo.gl0.wr/wpntr/gic0.gc0.count_reg[1]/PRE
  -------------------------------------------------------------------    -------------------

                         (clock clk_i rise edge)      0.000     0.000 r  
    U18                                               0.000     0.000 r  clk_i (IN)
                         net (fo=0)                   0.000     0.000    clk_i
    U18                  IBUF (Prop_ibuf_I_O)         0.486     0.486 r  clk_i_IBUF_inst/O
                         net (fo=1, routed)           0.683     1.169    clk_i_IBUF
    BUFGCTRL_X0Y1        BUFG (Prop_bufg_I_O)         0.029     1.198 r  clk_i_IBUF_BUFG_inst/O
                         net (fo=270, routed)         0.831     2.029    u_sys_monitor/u_u2r_cmd_convert/U0/inst_fifo_gen/gconvfifo.rf/grf.rf/gntv_or_sync_fifo.gl0.wr/wpntr/wr_clk
    SLICE_X27Y44         FDPE                                         r  u_sys_monitor/u_u2r_cmd_convert/U0/inst_fifo_gen/gconvfifo.rf/grf.rf/gntv_or_sync_fifo.gl0.wr/wpntr/gic0.gc0.count_reg[1]/C
                         clock pessimism             -0.500     1.529    
    SLICE_X27Y44         FDPE (Remov_fdpe_C_PRE)     -0.095     1.434    u_sys_monitor/u_u2r_cmd_convert/U0/inst_fifo_gen/gconvfifo.rf/grf.rf/gntv_or_sync_fifo.gl0.wr/wpntr/gic0.gc0.count_reg[1]
  -------------------------------------------------------------------
                         required time                         -1.434    
                         arrival time                           1.883    
  -------------------------------------------------------------------
                         slack                                  0.448    





---------------------------------------------------------------------------------------------------
Path Group:  **default**
From Clock:  clk_i
  To Clock:  

Setup :            0  Failing Endpoints,  Worst Slack       18.639ns,  Total Violation        0.000ns
Hold  :           NA  Failing Endpoints,  Worst Slack           NA  ,  Total Violation           NA
---------------------------------------------------------------------------------------------------


Max Delay Paths
--------------------------------------------------------------------------------------
Slack (MET) :             18.639ns  (required time - arrival time)
  Source:                 u_sys_monitor/u_u2r_cmd_convert/U0/inst_fifo_gen/gconvfifo.rf/grf.rf/gntv_or_sync_fifo.gcx.clkx/wr_pntr_cdc_inst/src_gray_ff_reg[3]/C
                            (rising edge-triggered cell FDRE clocked by clk_i  {rise@0.000ns fall@10.000ns period=20.000ns})
  Destination:            u_sys_monitor/u_u2r_cmd_convert/U0/inst_fifo_gen/gconvfifo.rf/grf.rf/gntv_or_sync_fifo.gcx.clkx/wr_pntr_cdc_inst/dest_graysync_ff_reg[0][3]/D
  Path Group:             **default**
  Path Type:              Setup (Max at Slow Process Corner)
  Requirement:            20.000ns  (MaxDelay Path 20.000ns)
  Data Path Delay:        1.093ns  (logic 0.419ns (38.335%)  route 0.674ns (61.665%))
  Logic Levels:           0  
  Timing Exception:       MaxDelay Path 20.000ns -datapath_only

    Location             Delay type                Incr(ns)  Path(ns)    Netlist Resource(s)
  -------------------------------------------------------------------    -------------------
    SLICE_X26Y46                                      0.000     0.000 r  u_sys_monitor/u_u2r_cmd_convert/U0/inst_fifo_gen/gconvfifo.rf/grf.rf/gntv_or_sync_fifo.gcx.clkx/wr_pntr_cdc_inst/src_gray_ff_reg[3]/C
    SLICE_X26Y46         FDRE (Prop_fdre_C_Q)         0.419     0.419 r  u_sys_monitor/u_u2r_cmd_convert/U0/inst_fifo_gen/gconvfifo.rf/grf.rf/gntv_or_sync_fifo.gcx.clkx/wr_pntr_cdc_inst/src_gray_ff_reg[3]/Q
                         net (fo=1, routed)           0.674     1.093    u_sys_monitor/u_u2r_cmd_convert/U0/inst_fifo_gen/gconvfifo.rf/grf.rf/gntv_or_sync_fifo.gcx.clkx/wr_pntr_cdc_inst/async_path[3]
    SLICE_X25Y46         FDRE                                         r  u_sys_monitor/u_u2r_cmd_convert/U0/inst_fifo_gen/gconvfifo.rf/grf.rf/gntv_or_sync_fifo.gcx.clkx/wr_pntr_cdc_inst/dest_graysync_ff_reg[0][3]/D
  -------------------------------------------------------------------    -------------------

                         max delay                   20.000    20.000    
    SLICE_X25Y46         FDRE (Setup_fdre_C_D)       -0.268    19.732    u_sys_monitor/u_u2r_cmd_convert/U0/inst_fifo_gen/gconvfifo.rf/grf.rf/gntv_or_sync_fifo.gcx.clkx/wr_pntr_cdc_inst/dest_graysync_ff_reg[0][3]
  -------------------------------------------------------------------
                         required time                         19.732    
                         arrival time                          -1.093    
  -------------------------------------------------------------------
                         slack                                 18.639    

Slack (MET) :             18.703ns  (required time - arrival time)
  Source:                 u_sys_monitor/u_run_2_uart_clock/U0/inst_fifo_gen/gconvfifo.rf/grf.rf/gntv_or_sync_fifo.gcx.clkx/rd_pntr_cdc_inst/src_gray_ff_reg[0]/C
                            (rising edge-triggered cell FDRE clocked by clk_i  {rise@0.000ns fall@10.000ns period=20.000ns})
  Destination:            u_sys_monitor/u_run_2_uart_clock/U0/inst_fifo_gen/gconvfifo.rf/grf.rf/gntv_or_sync_fifo.gcx.clkx/rd_pntr_cdc_inst/dest_graysync_ff_reg[0][0]/D
  Path Group:             **default**
  Path Type:              Setup (Max at Slow Process Corner)
  Requirement:            20.000ns  (MaxDelay Path 20.000ns)
  Data Path Delay:        1.194ns  (logic 0.456ns (38.180%)  route 0.738ns (61.820%))
  Logic Levels:           0  
  Timing Exception:       MaxDelay Path 20.000ns -datapath_only

    Location             Delay type                Incr(ns)  Path(ns)    Netlist Resource(s)
  -------------------------------------------------------------------    -------------------
    SLICE_X25Y29                                      0.000     0.000 r  u_sys_monitor/u_run_2_uart_clock/U0/inst_fifo_gen/gconvfifo.rf/grf.rf/gntv_or_sync_fifo.gcx.clkx/rd_pntr_cdc_inst/src_gray_ff_reg[0]/C
    SLICE_X25Y29         FDRE (Prop_fdre_C_Q)         0.456     0.456 r  u_sys_monitor/u_run_2_uart_clock/U0/inst_fifo_gen/gconvfifo.rf/grf.rf/gntv_or_sync_fifo.gcx.clkx/rd_pntr_cdc_inst/src_gray_ff_reg[0]/Q
                         net (fo=1, routed)           0.738     1.194    u_sys_monitor/u_run_2_uart_clock/U0/inst_fifo_gen/gconvfifo.rf/grf.rf/gntv_or_sync_fifo.gcx.clkx/rd_pntr_cdc_inst/async_path[0]
    SLICE_X26Y29         FDRE                                         r  u_sys_monitor/u_run_2_uart_clock/U0/inst_fifo_gen/gconvfifo.rf/grf.rf/gntv_or_sync_fifo.gcx.clkx/rd_pntr_cdc_inst/dest_graysync_ff_reg[0][0]/D
  -------------------------------------------------------------------    -------------------

                         max delay                   20.000    20.000    
    SLICE_X26Y29         FDRE (Setup_fdre_C_D)       -0.103    19.897    u_sys_monitor/u_run_2_uart_clock/U0/inst_fifo_gen/gconvfifo.rf/grf.rf/gntv_or_sync_fifo.gcx.clkx/rd_pntr_cdc_inst/dest_graysync_ff_reg[0][0]
  -------------------------------------------------------------------
                         required time                         19.897    
                         arrival time                          -1.194    
  -------------------------------------------------------------------
                         slack                                 18.703    

Slack (MET) :             18.737ns  (required time - arrival time)
  Source:                 u_sys_monitor/u_run_2_uart_clock/U0/inst_fifo_gen/gconvfifo.rf/grf.rf/gntv_or_sync_fifo.gcx.clkx/rd_pntr_cdc_inst/src_gray_ff_reg[3]/C
                            (rising edge-triggered cell FDRE clocked by clk_i  {rise@0.000ns fall@10.000ns period=20.000ns})
  Destination:            u_sys_monitor/u_run_2_uart_clock/U0/inst_fifo_gen/gconvfifo.rf/grf.rf/gntv_or_sync_fifo.gcx.clkx/rd_pntr_cdc_inst/dest_graysync_ff_reg[0][3]/D
  Path Group:             **default**
  Path Type:              Setup (Max at Slow Process Corner)
  Requirement:            20.000ns  (MaxDelay Path 20.000ns)
  Data Path Delay:        0.998ns  (logic 0.419ns (41.996%)  route 0.579ns (58.004%))
  Logic Levels:           0  
  Timing Exception:       MaxDelay Path 20.000ns -datapath_only

    Location             Delay type                Incr(ns)  Path(ns)    Netlist Resource(s)
  -------------------------------------------------------------------    -------------------
    SLICE_X25Y29                                      0.000     0.000 r  u_sys_monitor/u_run_2_uart_clock/U0/inst_fifo_gen/gconvfifo.rf/grf.rf/gntv_or_sync_fifo.gcx.clkx/rd_pntr_cdc_inst/src_gray_ff_reg[3]/C
    SLICE_X25Y29         FDRE (Prop_fdre_C_Q)         0.419     0.419 r  u_sys_monitor/u_run_2_uart_clock/U0/inst_fifo_gen/gconvfifo.rf/grf.rf/gntv_or_sync_fifo.gcx.clkx/rd_pntr_cdc_inst/src_gray_ff_reg[3]/Q
                         net (fo=1, routed)           0.579     0.998    u_sys_monitor/u_run_2_uart_clock/U0/inst_fifo_gen/gconvfifo.rf/grf.rf/gntv_or_sync_fifo.gcx.clkx/rd_pntr_cdc_inst/async_path[3]
    SLICE_X26Y29         FDRE                                         r  u_sys_monitor/u_run_2_uart_clock/U0/inst_fifo_gen/gconvfifo.rf/grf.rf/gntv_or_sync_fifo.gcx.clkx/rd_pntr_cdc_inst/dest_graysync_ff_reg[0][3]/D
  -------------------------------------------------------------------    -------------------

                         max delay                   20.000    20.000    
    SLICE_X26Y29         FDRE (Setup_fdre_C_D)       -0.265    19.735    u_sys_monitor/u_run_2_uart_clock/U0/inst_fifo_gen/gconvfifo.rf/grf.rf/gntv_or_sync_fifo.gcx.clkx/rd_pntr_cdc_inst/dest_graysync_ff_reg[0][3]
  -------------------------------------------------------------------
                         required time                         19.735    
                         arrival time                          -0.998    
  -------------------------------------------------------------------
                         slack                                 18.737    

Slack (MET) :             18.860ns  (required time - arrival time)
  Source:                 u_sys_monitor/u_run_2_uart_clock/U0/inst_fifo_gen/gconvfifo.rf/grf.rf/gntv_or_sync_fifo.gcx.clkx/rd_pntr_cdc_inst/src_gray_ff_reg[4]/C
                            (rising edge-triggered cell FDRE clocked by clk_i  {rise@0.000ns fall@10.000ns period=20.000ns})
  Destination:            u_sys_monitor/u_run_2_uart_clock/U0/inst_fifo_gen/gconvfifo.rf/grf.rf/gntv_or_sync_fifo.gcx.clkx/rd_pntr_cdc_inst/dest_graysync_ff_reg[0][4]/D
  Path Group:             **default**
  Path Type:              Setup (Max at Slow Process Corner)
  Requirement:            20.000ns  (MaxDelay Path 20.000ns)
  Data Path Delay:        1.037ns  (logic 0.456ns (43.973%)  route 0.581ns (56.027%))
  Logic Levels:           0  
  Timing Exception:       MaxDelay Path 20.000ns -datapath_only

    Location             Delay type                Incr(ns)  Path(ns)    Netlist Resource(s)
  -------------------------------------------------------------------    -------------------
    SLICE_X26Y28                                      0.000     0.000 r  u_sys_monitor/u_run_2_uart_clock/U0/inst_fifo_gen/gconvfifo.rf/grf.rf/gntv_or_sync_fifo.gcx.clkx/rd_pntr_cdc_inst/src_gray_ff_reg[4]/C
    SLICE_X26Y28         FDRE (Prop_fdre_C_Q)         0.456     0.456 r  u_sys_monitor/u_run_2_uart_clock/U0/inst_fifo_gen/gconvfifo.rf/grf.rf/gntv_or_sync_fifo.gcx.clkx/rd_pntr_cdc_inst/src_gray_ff_reg[4]/Q
                         net (fo=1, routed)           0.581     1.037    u_sys_monitor/u_run_2_uart_clock/U0/inst_fifo_gen/gconvfifo.rf/grf.rf/gntv_or_sync_fifo.gcx.clkx/rd_pntr_cdc_inst/async_path[4]
    SLICE_X27Y26         FDRE                                         r  u_sys_monitor/u_run_2_uart_clock/U0/inst_fifo_gen/gconvfifo.rf/grf.rf/gntv_or_sync_fifo.gcx.clkx/rd_pntr_cdc_inst/dest_graysync_ff_reg[0][4]/D
  -------------------------------------------------------------------    -------------------

                         max delay                   20.000    20.000    
    SLICE_X27Y26         FDRE (Setup_fdre_C_D)       -0.103    19.897    u_sys_monitor/u_run_2_uart_clock/U0/inst_fifo_gen/gconvfifo.rf/grf.rf/gntv_or_sync_fifo.gcx.clkx/rd_pntr_cdc_inst/dest_graysync_ff_reg[0][4]
  -------------------------------------------------------------------
                         required time                         19.897    
                         arrival time                          -1.037    
  -------------------------------------------------------------------
                         slack                                 18.860    

Slack (MET) :             18.929ns  (required time - arrival time)
  Source:                 u_sys_monitor/u_run_2_uart_clock/U0/inst_fifo_gen/gconvfifo.rf/grf.rf/gntv_or_sync_fifo.gcx.clkx/rd_pntr_cdc_inst/src_gray_ff_reg[2]/C
                            (rising edge-triggered cell FDRE clocked by clk_i  {rise@0.000ns fall@10.000ns period=20.000ns})
  Destination:            u_sys_monitor/u_run_2_uart_clock/U0/inst_fifo_gen/gconvfifo.rf/grf.rf/gntv_or_sync_fifo.gcx.clkx/rd_pntr_cdc_inst/dest_graysync_ff_reg[0][2]/D
  Path Group:             **default**
  Path Type:              Setup (Max at Slow Process Corner)
  Requirement:            20.000ns  (MaxDelay Path 20.000ns)
  Data Path Delay:        0.978ns  (logic 0.456ns (46.645%)  route 0.522ns (53.355%))
  Logic Levels:           0  
  Timing Exception:       MaxDelay Path 20.000ns -datapath_only

    Location             Delay type                Incr(ns)  Path(ns)    Netlist Resource(s)
  -------------------------------------------------------------------    -------------------
    SLICE_X25Y29                                      0.000     0.000 r  u_sys_monitor/u_run_2_uart_clock/U0/inst_fifo_gen/gconvfifo.rf/grf.rf/gntv_or_sync_fifo.gcx.clkx/rd_pntr_cdc_inst/src_gray_ff_reg[2]/C
    SLICE_X25Y29         FDRE (Prop_fdre_C_Q)         0.456     0.456 r  u_sys_monitor/u_run_2_uart_clock/U0/inst_fifo_gen/gconvfifo.rf/grf.rf/gntv_or_sync_fifo.gcx.clkx/rd_pntr_cdc_inst/src_gray_ff_reg[2]/Q
                         net (fo=1, routed)           0.522     0.978    u_sys_monitor/u_run_2_uart_clock/U0/inst_fifo_gen/gconvfifo.rf/grf.rf/gntv_or_sync_fifo.gcx.clkx/rd_pntr_cdc_inst/async_path[2]
    SLICE_X26Y29         FDRE                                         r  u_sys_monitor/u_run_2_uart_clock/U0/inst_fifo_gen/gconvfifo.rf/grf.rf/gntv_or_sync_fifo.gcx.clkx/rd_pntr_cdc_inst/dest_graysync_ff_reg[0][2]/D
  -------------------------------------------------------------------    -------------------

                         max delay                   20.000    20.000    
    SLICE_X26Y29         FDRE (Setup_fdre_C_D)       -0.093    19.907    u_sys_monitor/u_run_2_uart_clock/U0/inst_fifo_gen/gconvfifo.rf/grf.rf/gntv_or_sync_fifo.gcx.clkx/rd_pntr_cdc_inst/dest_graysync_ff_reg[0][2]
  -------------------------------------------------------------------
                         required time                         19.907    
                         arrival time                          -0.978    
  -------------------------------------------------------------------
                         slack                                 18.929    

Slack (MET) :             18.933ns  (required time - arrival time)
  Source:                 u_sys_monitor/u_u2r_cmd_convert/U0/inst_fifo_gen/gconvfifo.rf/grf.rf/gntv_or_sync_fifo.gcx.clkx/wr_pntr_cdc_inst/src_gray_ff_reg[2]/C
                            (rising edge-triggered cell FDRE clocked by clk_i  {rise@0.000ns fall@10.000ns period=20.000ns})
  Destination:            u_sys_monitor/u_u2r_cmd_convert/U0/inst_fifo_gen/gconvfifo.rf/grf.rf/gntv_or_sync_fifo.gcx.clkx/wr_pntr_cdc_inst/dest_graysync_ff_reg[0][2]/D
  Path Group:             **default**
  Path Type:              Setup (Max at Slow Process Corner)
  Requirement:            20.000ns  (MaxDelay Path 20.000ns)
  Data Path Delay:        0.974ns  (logic 0.456ns (46.839%)  route 0.518ns (53.161%))
  Logic Levels:           0  
  Timing Exception:       MaxDelay Path 20.000ns -datapath_only

    Location             Delay type                Incr(ns)  Path(ns)    Netlist Resource(s)
  -------------------------------------------------------------------    -------------------
    SLICE_X26Y46                                      0.000     0.000 r  u_sys_monitor/u_u2r_cmd_convert/U0/inst_fifo_gen/gconvfifo.rf/grf.rf/gntv_or_sync_fifo.gcx.clkx/wr_pntr_cdc_inst/src_gray_ff_reg[2]/C
    SLICE_X26Y46         FDRE (Prop_fdre_C_Q)         0.456     0.456 r  u_sys_monitor/u_u2r_cmd_convert/U0/inst_fifo_gen/gconvfifo.rf/grf.rf/gntv_or_sync_fifo.gcx.clkx/wr_pntr_cdc_inst/src_gray_ff_reg[2]/Q
                         net (fo=1, routed)           0.518     0.974    u_sys_monitor/u_u2r_cmd_convert/U0/inst_fifo_gen/gconvfifo.rf/grf.rf/gntv_or_sync_fifo.gcx.clkx/wr_pntr_cdc_inst/async_path[2]
    SLICE_X25Y46         FDRE                                         r  u_sys_monitor/u_u2r_cmd_convert/U0/inst_fifo_gen/gconvfifo.rf/grf.rf/gntv_or_sync_fifo.gcx.clkx/wr_pntr_cdc_inst/dest_graysync_ff_reg[0][2]/D
  -------------------------------------------------------------------    -------------------

                         max delay                   20.000    20.000    
    SLICE_X25Y46         FDRE (Setup_fdre_C_D)       -0.093    19.907    u_sys_monitor/u_u2r_cmd_convert/U0/inst_fifo_gen/gconvfifo.rf/grf.rf/gntv_or_sync_fifo.gcx.clkx/wr_pntr_cdc_inst/dest_graysync_ff_reg[0][2]
  -------------------------------------------------------------------
                         required time                         19.907    
                         arrival time                          -0.974    
  -------------------------------------------------------------------
                         slack                                 18.933    

Slack (MET) :             18.989ns  (required time - arrival time)
  Source:                 u_sys_monitor/u_u2r_cmd_convert/U0/inst_fifo_gen/gconvfifo.rf/grf.rf/gntv_or_sync_fifo.gcx.clkx/wr_pntr_cdc_inst/src_gray_ff_reg[0]/C
                            (rising edge-triggered cell FDRE clocked by clk_i  {rise@0.000ns fall@10.000ns period=20.000ns})
  Destination:            u_sys_monitor/u_u2r_cmd_convert/U0/inst_fifo_gen/gconvfifo.rf/grf.rf/gntv_or_sync_fifo.gcx.clkx/wr_pntr_cdc_inst/dest_graysync_ff_reg[0][0]/D
  Path Group:             **default**
  Path Type:              Setup (Max at Slow Process Corner)
  Requirement:            20.000ns  (MaxDelay Path 20.000ns)
  Data Path Delay:        0.916ns  (logic 0.456ns (49.789%)  route 0.460ns (50.211%))
  Logic Levels:           0  
  Timing Exception:       MaxDelay Path 20.000ns -datapath_only

    Location             Delay type                Incr(ns)  Path(ns)    Netlist Resource(s)
  -------------------------------------------------------------------    -------------------
    SLICE_X25Y45                                      0.000     0.000 r  u_sys_monitor/u_u2r_cmd_convert/U0/inst_fifo_gen/gconvfifo.rf/grf.rf/gntv_or_sync_fifo.gcx.clkx/wr_pntr_cdc_inst/src_gray_ff_reg[0]/C
    SLICE_X25Y45         FDRE (Prop_fdre_C_Q)         0.456     0.456 r  u_sys_monitor/u_u2r_cmd_convert/U0/inst_fifo_gen/gconvfifo.rf/grf.rf/gntv_or_sync_fifo.gcx.clkx/wr_pntr_cdc_inst/src_gray_ff_reg[0]/Q
                         net (fo=1, routed)           0.460     0.916    u_sys_monitor/u_u2r_cmd_convert/U0/inst_fifo_gen/gconvfifo.rf/grf.rf/gntv_or_sync_fifo.gcx.clkx/wr_pntr_cdc_inst/async_path[0]
    SLICE_X22Y45         FDRE                                         r  u_sys_monitor/u_u2r_cmd_convert/U0/inst_fifo_gen/gconvfifo.rf/grf.rf/gntv_or_sync_fifo.gcx.clkx/wr_pntr_cdc_inst/dest_graysync_ff_reg[0][0]/D
  -------------------------------------------------------------------    -------------------

                         max delay                   20.000    20.000    
    SLICE_X22Y45         FDRE (Setup_fdre_C_D)       -0.095    19.905    u_sys_monitor/u_u2r_cmd_convert/U0/inst_fifo_gen/gconvfifo.rf/grf.rf/gntv_or_sync_fifo.gcx.clkx/wr_pntr_cdc_inst/dest_graysync_ff_reg[0][0]
  -------------------------------------------------------------------
                         required time                         19.905    
                         arrival time                          -0.916    
  -------------------------------------------------------------------
                         slack                                 18.989    

Slack (MET) :             19.012ns  (required time - arrival time)
  Source:                 u_sys_monitor/u_run_2_uart_clock/U0/inst_fifo_gen/gconvfifo.rf/grf.rf/gntv_or_sync_fifo.gcx.clkx/rd_pntr_cdc_inst/src_gray_ff_reg[1]/C
                            (rising edge-triggered cell FDRE clocked by clk_i  {rise@0.000ns fall@10.000ns period=20.000ns})
  Destination:            u_sys_monitor/u_run_2_uart_clock/U0/inst_fifo_gen/gconvfifo.rf/grf.rf/gntv_or_sync_fifo.gcx.clkx/rd_pntr_cdc_inst/dest_graysync_ff_reg[0][1]/D
  Path Group:             **default**
  Path Type:              Setup (Max at Slow Process Corner)
  Requirement:            20.000ns  (MaxDelay Path 20.000ns)
  Data Path Delay:        0.718ns  (logic 0.419ns (58.353%)  route 0.299ns (41.647%))
  Logic Levels:           0  
  Timing Exception:       MaxDelay Path 20.000ns -datapath_only

    Location             Delay type                Incr(ns)  Path(ns)    Netlist Resource(s)
  -------------------------------------------------------------------    -------------------
    SLICE_X25Y29                                      0.000     0.000 r  u_sys_monitor/u_run_2_uart_clock/U0/inst_fifo_gen/gconvfifo.rf/grf.rf/gntv_or_sync_fifo.gcx.clkx/rd_pntr_cdc_inst/src_gray_ff_reg[1]/C
    SLICE_X25Y29         FDRE (Prop_fdre_C_Q)         0.419     0.419 r  u_sys_monitor/u_run_2_uart_clock/U0/inst_fifo_gen/gconvfifo.rf/grf.rf/gntv_or_sync_fifo.gcx.clkx/rd_pntr_cdc_inst/src_gray_ff_reg[1]/Q
                         net (fo=1, routed)           0.299     0.718    u_sys_monitor/u_run_2_uart_clock/U0/inst_fifo_gen/gconvfifo.rf/grf.rf/gntv_or_sync_fifo.gcx.clkx/rd_pntr_cdc_inst/async_path[1]
    SLICE_X25Y27         FDRE                                         r  u_sys_monitor/u_run_2_uart_clock/U0/inst_fifo_gen/gconvfifo.rf/grf.rf/gntv_or_sync_fifo.gcx.clkx/rd_pntr_cdc_inst/dest_graysync_ff_reg[0][1]/D
  -------------------------------------------------------------------    -------------------

                         max delay                   20.000    20.000    
    SLICE_X25Y27         FDRE (Setup_fdre_C_D)       -0.270    19.730    u_sys_monitor/u_run_2_uart_clock/U0/inst_fifo_gen/gconvfifo.rf/grf.rf/gntv_or_sync_fifo.gcx.clkx/rd_pntr_cdc_inst/dest_graysync_ff_reg[0][1]
  -------------------------------------------------------------------
                         required time                         19.730    
                         arrival time                          -0.718    
  -------------------------------------------------------------------
                         slack                                 19.012    

Slack (MET) :             19.017ns  (required time - arrival time)
  Source:                 u_sys_monitor/u_run_2_uart_clock/U0/inst_fifo_gen/gconvfifo.rf/grf.rf/gntv_or_sync_fifo.gcx.clkx/rd_pntr_cdc_inst/src_gray_ff_reg[5]/C
                            (rising edge-triggered cell FDRE clocked by clk_i  {rise@0.000ns fall@10.000ns period=20.000ns})
  Destination:            u_sys_monitor/u_run_2_uart_clock/U0/inst_fifo_gen/gconvfifo.rf/grf.rf/gntv_or_sync_fifo.gcx.clkx/rd_pntr_cdc_inst/dest_graysync_ff_reg[0][5]/D
  Path Group:             **default**
  Path Type:              Setup (Max at Slow Process Corner)
  Requirement:            20.000ns  (MaxDelay Path 20.000ns)
  Data Path Delay:        0.715ns  (logic 0.419ns (58.598%)  route 0.296ns (41.402%))
  Logic Levels:           0  
  Timing Exception:       MaxDelay Path 20.000ns -datapath_only

    Location             Delay type                Incr(ns)  Path(ns)    Netlist Resource(s)
  -------------------------------------------------------------------    -------------------
    SLICE_X26Y28                                      0.000     0.000 r  u_sys_monitor/u_run_2_uart_clock/U0/inst_fifo_gen/gconvfifo.rf/grf.rf/gntv_or_sync_fifo.gcx.clkx/rd_pntr_cdc_inst/src_gray_ff_reg[5]/C
    SLICE_X26Y28         FDRE (Prop_fdre_C_Q)         0.419     0.419 r  u_sys_monitor/u_run_2_uart_clock/U0/inst_fifo_gen/gconvfifo.rf/grf.rf/gntv_or_sync_fifo.gcx.clkx/rd_pntr_cdc_inst/src_gray_ff_reg[5]/Q
                         net (fo=1, routed)           0.296     0.715    u_sys_monitor/u_run_2_uart_clock/U0/inst_fifo_gen/gconvfifo.rf/grf.rf/gntv_or_sync_fifo.gcx.clkx/rd_pntr_cdc_inst/async_path[5]
    SLICE_X27Y26         FDRE                                         r  u_sys_monitor/u_run_2_uart_clock/U0/inst_fifo_gen/gconvfifo.rf/grf.rf/gntv_or_sync_fifo.gcx.clkx/rd_pntr_cdc_inst/dest_graysync_ff_reg[0][5]/D
  -------------------------------------------------------------------    -------------------

                         max delay                   20.000    20.000    
    SLICE_X27Y26         FDRE (Setup_fdre_C_D)       -0.268    19.732    u_sys_monitor/u_run_2_uart_clock/U0/inst_fifo_gen/gconvfifo.rf/grf.rf/gntv_or_sync_fifo.gcx.clkx/rd_pntr_cdc_inst/dest_graysync_ff_reg[0][5]
  -------------------------------------------------------------------
                         required time                         19.732    
                         arrival time                          -0.715    
  -------------------------------------------------------------------
                         slack                                 19.017    

Slack (MET) :             19.018ns  (required time - arrival time)
  Source:                 u_sys_monitor/u_u2r_cmd_convert/U0/inst_fifo_gen/gconvfifo.rf/grf.rf/gntv_or_sync_fifo.gcx.clkx/wr_pntr_cdc_inst/src_gray_ff_reg[1]/C
                            (rising edge-triggered cell FDRE clocked by clk_i  {rise@0.000ns fall@10.000ns period=20.000ns})
  Destination:            u_sys_monitor/u_u2r_cmd_convert/U0/inst_fifo_gen/gconvfifo.rf/grf.rf/gntv_or_sync_fifo.gcx.clkx/wr_pntr_cdc_inst/dest_graysync_ff_reg[0][1]/D
  Path Group:             **default**
  Path Type:              Setup (Max at Slow Process Corner)
  Requirement:            20.000ns  (MaxDelay Path 20.000ns)
  Data Path Delay:        0.714ns  (logic 0.419ns (58.670%)  route 0.295ns (41.330%))
  Logic Levels:           0  
  Timing Exception:       MaxDelay Path 20.000ns -datapath_only

    Location             Delay type                Incr(ns)  Path(ns)    Netlist Resource(s)
  -------------------------------------------------------------------    -------------------
    SLICE_X25Y45                                      0.000     0.000 r  u_sys_monitor/u_u2r_cmd_convert/U0/inst_fifo_gen/gconvfifo.rf/grf.rf/gntv_or_sync_fifo.gcx.clkx/wr_pntr_cdc_inst/src_gray_ff_reg[1]/C
    SLICE_X25Y45         FDRE (Prop_fdre_C_Q)         0.419     0.419 r  u_sys_monitor/u_u2r_cmd_convert/U0/inst_fifo_gen/gconvfifo.rf/grf.rf/gntv_or_sync_fifo.gcx.clkx/wr_pntr_cdc_inst/src_gray_ff_reg[1]/Q
                         net (fo=1, routed)           0.295     0.714    u_sys_monitor/u_u2r_cmd_convert/U0/inst_fifo_gen/gconvfifo.rf/grf.rf/gntv_or_sync_fifo.gcx.clkx/wr_pntr_cdc_inst/async_path[1]
    SLICE_X22Y45         FDRE                                         r  u_sys_monitor/u_u2r_cmd_convert/U0/inst_fifo_gen/gconvfifo.rf/grf.rf/gntv_or_sync_fifo.gcx.clkx/wr_pntr_cdc_inst/dest_graysync_ff_reg[0][1]/D
  -------------------------------------------------------------------    -------------------

                         max delay                   20.000    20.000    
    SLICE_X22Y45         FDRE (Setup_fdre_C_D)       -0.268    19.732    u_sys_monitor/u_u2r_cmd_convert/U0/inst_fifo_gen/gconvfifo.rf/grf.rf/gntv_or_sync_fifo.gcx.clkx/wr_pntr_cdc_inst/dest_graysync_ff_reg[0][1]
  -------------------------------------------------------------------
                         required time                         19.732    
                         arrival time                          -0.714    
  -------------------------------------------------------------------
                         slack                                 19.018    





