Copyright 1986-2020 Xilinx, Inc. All Rights Reserved.
-----------------------------------------------------------------------------------------------------------------------------------------------------------------------------------------------
| Tool Version : Vivado v.2020.1 (win64) Build 2902540 Wed May 27 19:54:49 MDT 2020
| Date         : Sun Jan 12 16:29:31 2025
| Host         : LAPTOP-RDA9S5SE running 64-bit major release  (build 9200)
| Command      : report_timing_summary -max_paths 10 -file proc_top_timing_summary_routed.rpt -pb proc_top_timing_summary_routed.pb -rpx proc_top_timing_summary_routed.rpx -warn_on_violation
| Design       : proc_top
| Device       : 7z010-clg400
| Speed File   : -1  PRODUCTION 1.12 2019-11-22
-----------------------------------------------------------------------------------------------------------------------------------------------------------------------------------------------

Timing Summary Report

------------------------------------------------------------------------------------------------
| Timer Settings
| --------------
------------------------------------------------------------------------------------------------

  Enable Multi Corner Analysis               :  Yes
  Enable Pessimism Removal                   :  Yes
  Pessimism Removal Resolution               :  Nearest Common Node
  Enable Input Delay Default Clock           :  No
  Enable Preset / Clear Arcs                 :  No
  Disable Flight Delays                      :  No
  Ignore I/O Paths                           :  No
  Timing Early Launch at Borrowing Latches   :  No
  Borrow Time for Max Delay Exceptions       :  Yes
  Merge Timing Exceptions                    :  Yes

  Corner  Analyze    Analyze    
  Name    Max Paths  Min Paths  
  ------  ---------  ---------  
  Slow    Yes        Yes        
  Fast    Yes        Yes        



check_timing report

Table of Contents
-----------------
1. checking no_clock (837)
2. checking constant_clock (0)
3. checking pulse_width_clock (0)
4. checking unconstrained_internal_endpoints (1860)
5. checking no_input_delay (2)
6. checking no_output_delay (1)
7. checking multiple_clock (0)
8. checking generated_clocks (0)
9. checking loops (0)
10. checking partial_input_delay (0)
11. checking partial_output_delay (0)
12. checking latch_loops (0)

1. checking no_clock (837)
--------------------------
 There are 459 register/latch pins with no clock driven by root clock pin: u_clk_div/clk_run_reg/Q (HIGH)

 There are 63 register/latch pins with no clock driven by root clock pin: u_top/u_inst_rom/U0/inst_blk_mem_gen/gnbram.gnativebmg.native_blk_mem_gen/valid.cstr/ramloop[0].ram.r/prim_init.ram/DEVICE_7SERIES.NO_BMM_INFO.SP.WIDE_PRIM18.ram/DOBDO[10] (HIGH)

 There are 63 register/latch pins with no clock driven by root clock pin: u_top/u_inst_rom/U0/inst_blk_mem_gen/gnbram.gnativebmg.native_blk_mem_gen/valid.cstr/ramloop[0].ram.r/prim_init.ram/DEVICE_7SERIES.NO_BMM_INFO.SP.WIDE_PRIM18.ram/DOBDO[11] (HIGH)

 There are 63 register/latch pins with no clock driven by root clock pin: u_top/u_inst_rom/U0/inst_blk_mem_gen/gnbram.gnativebmg.native_blk_mem_gen/valid.cstr/ramloop[0].ram.r/prim_init.ram/DEVICE_7SERIES.NO_BMM_INFO.SP.WIDE_PRIM18.ram/DOBDO[12] (HIGH)

 There are 63 register/latch pins with no clock driven by root clock pin: u_top/u_inst_rom/U0/inst_blk_mem_gen/gnbram.gnativebmg.native_blk_mem_gen/valid.cstr/ramloop[0].ram.r/prim_init.ram/DEVICE_7SERIES.NO_BMM_INFO.SP.WIDE_PRIM18.ram/DOBDO[13] (HIGH)

 There are 63 register/latch pins with no clock driven by root clock pin: u_top/u_inst_rom/U0/inst_blk_mem_gen/gnbram.gnativebmg.native_blk_mem_gen/valid.cstr/ramloop[0].ram.r/prim_init.ram/DEVICE_7SERIES.NO_BMM_INFO.SP.WIDE_PRIM18.ram/DOBDO[14] (HIGH)

 There are 63 register/latch pins with no clock driven by root clock pin: u_top/u_inst_rom/U0/inst_blk_mem_gen/gnbram.gnativebmg.native_blk_mem_gen/valid.cstr/ramloop[0].ram.r/prim_init.ram/DEVICE_7SERIES.NO_BMM_INFO.SP.WIDE_PRIM18.ram/DOBDO[15] (HIGH)


2. checking constant_clock (0)
------------------------------
 There are 0 register/latch pins with constant_clock.


3. checking pulse_width_clock (0)
---------------------------------
 There are 0 register/latch pins which need pulse_width check


4. checking unconstrained_internal_endpoints (1860)
---------------------------------------------------
 There are 1860 pins that are not constrained for maximum delay. (HIGH)

 There are 0 pins that are not constrained for maximum delay due to constant clock.


5. checking no_input_delay (2)
------------------------------
 There are 2 input ports with no input delay specified. (HIGH)

 There are 0 input ports with no input delay but user has a false path constraint.


6. checking no_output_delay (1)
-------------------------------
 There is 1 port with no output delay specified. (HIGH)

 There are 0 ports with no output delay but user has a false path constraint

 There are 0 ports with no output delay but with a timing clock defined on it or propagating through it


7. checking multiple_clock (0)
------------------------------
 There are 0 register/latch pins with multiple clocks.


8. checking generated_clocks (0)
--------------------------------
 There are 0 generated clocks that are not connected to a clock source.


9. checking loops (0)
---------------------
 There are 0 combinational loops in the design.


10. checking partial_input_delay (0)
------------------------------------
 There are 0 input ports with partial input delay specified.


11. checking partial_output_delay (0)
-------------------------------------
 There are 0 ports with partial output delay specified.


12. checking latch_loops (0)
----------------------------
 There are 0 combinational latch loops in the design through latch input



------------------------------------------------------------------------------------------------
| Design Timing Summary
| ---------------------
------------------------------------------------------------------------------------------------

    WNS(ns)      TNS(ns)  TNS Failing Endpoints  TNS Total Endpoints      WHS(ns)      THS(ns)  THS Failing Endpoints  THS Total Endpoints     WPWS(ns)     TPWS(ns)  TPWS Failing Endpoints  TPWS Total Endpoints  
    -------      -------  ---------------------  -------------------      -------      -------  ---------------------  -------------------     --------     --------  ----------------------  --------------------  
     15.886        0.000                      0                  405        0.066        0.000                      0                  385        8.750        0.000                       0                   263  


All user specified timing constraints are met.


------------------------------------------------------------------------------------------------
| Clock Summary
| -------------
------------------------------------------------------------------------------------------------

Clock  Waveform(ns)       Period(ns)      Frequency(MHz)
-----  ------------       ----------      --------------
clk_i  {0.000 10.000}     20.000          50.000          


------------------------------------------------------------------------------------------------
| Intra Clock Table
| -----------------
------------------------------------------------------------------------------------------------

Clock             WNS(ns)      TNS(ns)  TNS Failing Endpoints  TNS Total Endpoints      WHS(ns)      THS(ns)  THS Failing Endpoints  THS Total Endpoints     WPWS(ns)     TPWS(ns)  TPWS Failing Endpoints  TPWS Total Endpoints  
-----             -------      -------  ---------------------  -------------------      -------      -------  ---------------------  -------------------     --------     --------  ----------------------  --------------------  
clk_i              15.886        0.000                      0                  345        0.066        0.000                      0                  345        8.750        0.000                       0                   263  


------------------------------------------------------------------------------------------------
| Inter Clock Table
| -----------------
------------------------------------------------------------------------------------------------

From Clock    To Clock          WNS(ns)      TNS(ns)  TNS Failing Endpoints  TNS Total Endpoints      WHS(ns)      THS(ns)  THS Failing Endpoints  THS Total Endpoints  
----------    --------          -------      -------  ---------------------  -------------------      -------      -------  ---------------------  -------------------  
              clk_i             998.735        0.000                      0                   10                                                                        


------------------------------------------------------------------------------------------------
| Other Path Groups Table
| -----------------------
------------------------------------------------------------------------------------------------

Path Group         From Clock         To Clock               WNS(ns)      TNS(ns)  TNS Failing Endpoints  TNS Total Endpoints      WHS(ns)      THS(ns)  THS Failing Endpoints  THS Total Endpoints  
----------         ----------         --------               -------      -------  ---------------------  -------------------      -------      -------  ---------------------  -------------------  
**async_default**  clk_i              clk_i                   17.532        0.000                      0                   40        0.409        0.000                      0                   40  
**default**        clk_i                                      18.751        0.000                      0                   10                                                                        


------------------------------------------------------------------------------------------------
| Timing Details
| --------------
------------------------------------------------------------------------------------------------


---------------------------------------------------------------------------------------------------
From Clock:  clk_i
  To Clock:  clk_i

Setup :            0  Failing Endpoints,  Worst Slack       15.886ns,  Total Violation        0.000ns
Hold  :            0  Failing Endpoints,  Worst Slack        0.066ns,  Total Violation        0.000ns
PW    :            0  Failing Endpoints,  Worst Slack        8.750ns,  Total Violation        0.000ns
---------------------------------------------------------------------------------------------------


Max Delay Paths
--------------------------------------------------------------------------------------
Slack (MET) :             15.886ns  (required time - arrival time)
  Source:                 u_sys_monitor/u_run_2_uart_clock/U0/inst_fifo_gen/gconvfifo.rf/grf.rf/gntv_or_sync_fifo.gcx.clkx/wr_pntr_cdc_inst/dest_out_bin_ff_reg[4]/C
                            (rising edge-triggered cell FDRE clocked by clk_i  {rise@0.000ns fall@10.000ns period=20.000ns})
  Destination:            u_sys_monitor/u_run_2_uart_clock/U0/inst_fifo_gen/gconvfifo.rf/grf.rf/gntv_or_sync_fifo.gl0.rd/gras.rsts/ram_empty_fb_i_reg/D
                            (rising edge-triggered cell FDPE clocked by clk_i  {rise@0.000ns fall@10.000ns period=20.000ns})
  Path Group:             clk_i
  Path Type:              Setup (Max at Slow Process Corner)
  Requirement:            20.000ns  (clk_i rise@20.000ns - clk_i rise@0.000ns)
  Data Path Delay:        3.960ns  (logic 0.828ns (20.909%)  route 3.132ns (79.091%))
  Logic Levels:           3  (LUT5=1 LUT6=2)
  Clock Path Skew:        -0.052ns (DCD - SCD + CPR)
    Destination Clock Delay (DCD):    4.921ns = ( 24.921 - 20.000 ) 
    Source Clock Delay      (SCD):    5.365ns
    Clock Pessimism Removal (CPR):    0.392ns
  Clock Uncertainty:      0.035ns  ((TSJ^2 + TIJ^2)^1/2 + DJ) / 2 + PE
    Total System Jitter     (TSJ):    0.071ns
    Total Input Jitter      (TIJ):    0.000ns
    Discrete Jitter          (DJ):    0.000ns
    Phase Error              (PE):    0.000ns

    Location             Delay type                Incr(ns)  Path(ns)    Netlist Resource(s)
  -------------------------------------------------------------------    -------------------
                         (clock clk_i rise edge)      0.000     0.000 r  
    U18                                               0.000     0.000 r  clk_i (IN)
                         net (fo=0)                   0.000     0.000    clk_i
    U18                  IBUF (Prop_ibuf_I_O)         1.530     1.530 r  clk_i_IBUF_inst/O
                         net (fo=1, routed)           2.076     3.606    clk_i_IBUF
    BUFGCTRL_X0Y1        BUFG (Prop_bufg_I_O)         0.101     3.707 r  clk_i_IBUF_BUFG_inst/O
                         net (fo=262, routed)         1.658     5.365    u_sys_monitor/u_run_2_uart_clock/U0/inst_fifo_gen/gconvfifo.rf/grf.rf/gntv_or_sync_fifo.gcx.clkx/wr_pntr_cdc_inst/dest_clk
    SLICE_X25Y31         FDRE                                         r  u_sys_monitor/u_run_2_uart_clock/U0/inst_fifo_gen/gconvfifo.rf/grf.rf/gntv_or_sync_fifo.gcx.clkx/wr_pntr_cdc_inst/dest_out_bin_ff_reg[4]/C
  -------------------------------------------------------------------    -------------------
    SLICE_X25Y31         FDRE (Prop_fdre_C_Q)         0.456     5.821 r  u_sys_monitor/u_run_2_uart_clock/U0/inst_fifo_gen/gconvfifo.rf/grf.rf/gntv_or_sync_fifo.gcx.clkx/wr_pntr_cdc_inst/dest_out_bin_ff_reg[4]/Q
                         net (fo=2, routed)           1.000     6.821    u_sys_monitor/u_run_2_uart_clock/U0/inst_fifo_gen/gconvfifo.rf/grf.rf/gntv_or_sync_fifo.gcx.clkx/WR_PNTR_RD[4]
    SLICE_X25Y32         LUT6 (Prop_lut6_I0_O)        0.124     6.945 r  u_sys_monitor/u_run_2_uart_clock/U0/inst_fifo_gen/gconvfifo.rf/grf.rf/gntv_or_sync_fifo.gcx.clkx/ram_empty_i_i_4/O
                         net (fo=1, routed)           0.727     7.672    u_sys_monitor/u_run_2_uart_clock/U0/inst_fifo_gen/gconvfifo.rf/grf.rf/gntv_or_sync_fifo.gcx.clkx/ram_empty_i_i_4_n_0
    SLICE_X24Y32         LUT5 (Prop_lut5_I0_O)        0.124     7.796 r  u_sys_monitor/u_run_2_uart_clock/U0/inst_fifo_gen/gconvfifo.rf/grf.rf/gntv_or_sync_fifo.gcx.clkx/ram_empty_i_i_2/O
                         net (fo=1, routed)           0.638     8.434    u_sys_monitor/u_run_2_uart_clock/U0/inst_fifo_gen/gconvfifo.rf/grf.rf/gntv_or_sync_fifo.gcx.clkx/ram_empty_i_i_2_n_0
    SLICE_X25Y33         LUT6 (Prop_lut6_I0_O)        0.124     8.558 r  u_sys_monitor/u_run_2_uart_clock/U0/inst_fifo_gen/gconvfifo.rf/grf.rf/gntv_or_sync_fifo.gcx.clkx/ram_empty_i_i_1/O
                         net (fo=2, routed)           0.767     9.325    u_sys_monitor/u_run_2_uart_clock/U0/inst_fifo_gen/gconvfifo.rf/grf.rf/gntv_or_sync_fifo.gl0.rd/gras.rsts/ram_empty_fb_i_reg_0
    SLICE_X26Y32         FDPE                                         r  u_sys_monitor/u_run_2_uart_clock/U0/inst_fifo_gen/gconvfifo.rf/grf.rf/gntv_or_sync_fifo.gl0.rd/gras.rsts/ram_empty_fb_i_reg/D
  -------------------------------------------------------------------    -------------------

                         (clock clk_i rise edge)     20.000    20.000 r  
    U18                                               0.000    20.000 r  clk_i (IN)
                         net (fo=0)                   0.000    20.000    clk_i
    U18                  IBUF (Prop_ibuf_I_O)         1.459    21.459 r  clk_i_IBUF_inst/O
                         net (fo=1, routed)           1.880    23.339    clk_i_IBUF
    BUFGCTRL_X0Y1        BUFG (Prop_bufg_I_O)         0.091    23.430 r  clk_i_IBUF_BUFG_inst/O
                         net (fo=262, routed)         1.491    24.921    u_sys_monitor/u_run_2_uart_clock/U0/inst_fifo_gen/gconvfifo.rf/grf.rf/gntv_or_sync_fifo.gl0.rd/gras.rsts/rd_clk
    SLICE_X26Y32         FDPE                                         r  u_sys_monitor/u_run_2_uart_clock/U0/inst_fifo_gen/gconvfifo.rf/grf.rf/gntv_or_sync_fifo.gl0.rd/gras.rsts/ram_empty_fb_i_reg/C
                         clock pessimism              0.392    25.313    
                         clock uncertainty           -0.035    25.278    
    SLICE_X26Y32         FDPE (Setup_fdpe_C_D)       -0.067    25.211    u_sys_monitor/u_run_2_uart_clock/U0/inst_fifo_gen/gconvfifo.rf/grf.rf/gntv_or_sync_fifo.gl0.rd/gras.rsts/ram_empty_fb_i_reg
  -------------------------------------------------------------------
                         required time                         25.211    
                         arrival time                          -9.325    
  -------------------------------------------------------------------
                         slack                                 15.886    

Slack (MET) :             15.887ns  (required time - arrival time)
  Source:                 u_sys_monitor/u_uart_top/rx_cnt_reg[0]_inv/C
                            (rising edge-triggered cell FDPE clocked by clk_i  {rise@0.000ns fall@10.000ns period=20.000ns})
  Destination:            u_sys_monitor/u_uart_top/u_uart_rx/FSM_sequential_CS_reg[1]/D
                            (rising edge-triggered cell FDCE clocked by clk_i  {rise@0.000ns fall@10.000ns period=20.000ns})
  Path Group:             clk_i
  Path Type:              Setup (Max at Slow Process Corner)
  Requirement:            20.000ns  (clk_i rise@20.000ns - clk_i rise@0.000ns)
  Data Path Delay:        4.122ns  (logic 0.828ns (20.085%)  route 3.294ns (79.915%))
  Logic Levels:           3  (LUT4=2 LUT6=1)
  Clock Path Skew:        0.016ns (DCD - SCD + CPR)
    Destination Clock Delay (DCD):    5.005ns = ( 25.005 - 20.000 ) 
    Source Clock Delay      (SCD):    5.381ns
    Clock Pessimism Removal (CPR):    0.392ns
  Clock Uncertainty:      0.035ns  ((TSJ^2 + TIJ^2)^1/2 + DJ) / 2 + PE
    Total System Jitter     (TSJ):    0.071ns
    Total Input Jitter      (TIJ):    0.000ns
    Discrete Jitter          (DJ):    0.000ns
    Phase Error              (PE):    0.000ns

    Location             Delay type                Incr(ns)  Path(ns)    Netlist Resource(s)
  -------------------------------------------------------------------    -------------------
                         (clock clk_i rise edge)      0.000     0.000 r  
    U18                                               0.000     0.000 r  clk_i (IN)
                         net (fo=0)                   0.000     0.000    clk_i
    U18                  IBUF (Prop_ibuf_I_O)         1.530     1.530 r  clk_i_IBUF_inst/O
                         net (fo=1, routed)           2.076     3.606    clk_i_IBUF
    BUFGCTRL_X0Y1        BUFG (Prop_bufg_I_O)         0.101     3.707 r  clk_i_IBUF_BUFG_inst/O
                         net (fo=262, routed)         1.674     5.381    u_sys_monitor/u_uart_top/CLK
    SLICE_X33Y46         FDPE                                         r  u_sys_monitor/u_uart_top/rx_cnt_reg[0]_inv/C
  -------------------------------------------------------------------    -------------------
    SLICE_X33Y46         FDPE (Prop_fdpe_C_Q)         0.456     5.837 r  u_sys_monitor/u_uart_top/rx_cnt_reg[0]_inv/Q
                         net (fo=11, routed)          1.503     7.340    u_sys_monitor/u_uart_top/u_uart_rx/inner_rx_ready
    SLICE_X33Y46         LUT4 (Prop_lut4_I3_O)        0.124     7.464 r  u_sys_monitor/u_uart_top/u_uart_rx/FSM_sequential_CS[2]_i_4/O
                         net (fo=1, routed)           0.948     8.412    u_sys_monitor/u_uart_top/u_uart_rx/FSM_sequential_CS[2]_i_4_n_1
    SLICE_X33Y47         LUT6 (Prop_lut6_I4_O)        0.124     8.536 r  u_sys_monitor/u_uart_top/u_uart_rx/FSM_sequential_CS[2]_i_3/O
                         net (fo=3, routed)           0.844     9.380    u_sys_monitor/u_uart_top/u_uart_rx/NS
    SLICE_X36Y46         LUT4 (Prop_lut4_I2_O)        0.124     9.504 r  u_sys_monitor/u_uart_top/u_uart_rx/FSM_sequential_CS[1]_i_1/O
                         net (fo=1, routed)           0.000     9.504    u_sys_monitor/u_uart_top/u_uart_rx/FSM_sequential_CS[1]_i_1_n_1
    SLICE_X36Y46         FDCE                                         r  u_sys_monitor/u_uart_top/u_uart_rx/FSM_sequential_CS_reg[1]/D
  -------------------------------------------------------------------    -------------------

                         (clock clk_i rise edge)     20.000    20.000 r  
    U18                                               0.000    20.000 r  clk_i (IN)
                         net (fo=0)                   0.000    20.000    clk_i
    U18                  IBUF (Prop_ibuf_I_O)         1.459    21.459 r  clk_i_IBUF_inst/O
                         net (fo=1, routed)           1.880    23.339    clk_i_IBUF
    BUFGCTRL_X0Y1        BUFG (Prop_bufg_I_O)         0.091    23.430 r  clk_i_IBUF_BUFG_inst/O
                         net (fo=262, routed)         1.575    25.005    u_sys_monitor/u_uart_top/u_uart_rx/CLK
    SLICE_X36Y46         FDCE                                         r  u_sys_monitor/u_uart_top/u_uart_rx/FSM_sequential_CS_reg[1]/C
                         clock pessimism              0.392    25.397    
                         clock uncertainty           -0.035    25.362    
    SLICE_X36Y46         FDCE (Setup_fdce_C_D)        0.029    25.391    u_sys_monitor/u_uart_top/u_uart_rx/FSM_sequential_CS_reg[1]
  -------------------------------------------------------------------
                         required time                         25.391    
                         arrival time                          -9.504    
  -------------------------------------------------------------------
                         slack                                 15.887    

Slack (MET) :             15.900ns  (required time - arrival time)
  Source:                 u_sys_monitor/u_uart_top/rx_cnt_reg[0]_inv/C
                            (rising edge-triggered cell FDPE clocked by clk_i  {rise@0.000ns fall@10.000ns period=20.000ns})
  Destination:            u_sys_monitor/u_uart_top/u_uart_rx/FSM_sequential_CS_reg[0]/D
                            (rising edge-triggered cell FDCE clocked by clk_i  {rise@0.000ns fall@10.000ns period=20.000ns})
  Path Group:             clk_i
  Path Type:              Setup (Max at Slow Process Corner)
  Requirement:            20.000ns  (clk_i rise@20.000ns - clk_i rise@0.000ns)
  Data Path Delay:        4.111ns  (logic 0.828ns (20.140%)  route 3.283ns (79.860%))
  Logic Levels:           3  (LUT4=2 LUT6=1)
  Clock Path Skew:        0.016ns (DCD - SCD + CPR)
    Destination Clock Delay (DCD):    5.005ns = ( 25.005 - 20.000 ) 
    Source Clock Delay      (SCD):    5.381ns
    Clock Pessimism Removal (CPR):    0.392ns
  Clock Uncertainty:      0.035ns  ((TSJ^2 + TIJ^2)^1/2 + DJ) / 2 + PE
    Total System Jitter     (TSJ):    0.071ns
    Total Input Jitter      (TIJ):    0.000ns
    Discrete Jitter          (DJ):    0.000ns
    Phase Error              (PE):    0.000ns

    Location             Delay type                Incr(ns)  Path(ns)    Netlist Resource(s)
  -------------------------------------------------------------------    -------------------
                         (clock clk_i rise edge)      0.000     0.000 r  
    U18                                               0.000     0.000 r  clk_i (IN)
                         net (fo=0)                   0.000     0.000    clk_i
    U18                  IBUF (Prop_ibuf_I_O)         1.530     1.530 r  clk_i_IBUF_inst/O
                         net (fo=1, routed)           2.076     3.606    clk_i_IBUF
    BUFGCTRL_X0Y1        BUFG (Prop_bufg_I_O)         0.101     3.707 r  clk_i_IBUF_BUFG_inst/O
                         net (fo=262, routed)         1.674     5.381    u_sys_monitor/u_uart_top/CLK
    SLICE_X33Y46         FDPE                                         r  u_sys_monitor/u_uart_top/rx_cnt_reg[0]_inv/C
  -------------------------------------------------------------------    -------------------
    SLICE_X33Y46         FDPE (Prop_fdpe_C_Q)         0.456     5.837 r  u_sys_monitor/u_uart_top/rx_cnt_reg[0]_inv/Q
                         net (fo=11, routed)          1.503     7.340    u_sys_monitor/u_uart_top/u_uart_rx/inner_rx_ready
    SLICE_X33Y46         LUT4 (Prop_lut4_I3_O)        0.124     7.464 r  u_sys_monitor/u_uart_top/u_uart_rx/FSM_sequential_CS[2]_i_4/O
                         net (fo=1, routed)           0.948     8.412    u_sys_monitor/u_uart_top/u_uart_rx/FSM_sequential_CS[2]_i_4_n_1
    SLICE_X33Y47         LUT6 (Prop_lut6_I4_O)        0.124     8.536 r  u_sys_monitor/u_uart_top/u_uart_rx/FSM_sequential_CS[2]_i_3/O
                         net (fo=3, routed)           0.832     9.368    u_sys_monitor/u_uart_top/u_uart_rx/NS
    SLICE_X36Y46         LUT4 (Prop_lut4_I2_O)        0.124     9.492 r  u_sys_monitor/u_uart_top/u_uart_rx/FSM_sequential_CS[0]_i_1/O
                         net (fo=1, routed)           0.000     9.492    u_sys_monitor/u_uart_top/u_uart_rx/FSM_sequential_CS[0]_i_1_n_1
    SLICE_X36Y46         FDCE                                         r  u_sys_monitor/u_uart_top/u_uart_rx/FSM_sequential_CS_reg[0]/D
  -------------------------------------------------------------------    -------------------

                         (clock clk_i rise edge)     20.000    20.000 r  
    U18                                               0.000    20.000 r  clk_i (IN)
                         net (fo=0)                   0.000    20.000    clk_i
    U18                  IBUF (Prop_ibuf_I_O)         1.459    21.459 r  clk_i_IBUF_inst/O
                         net (fo=1, routed)           1.880    23.339    clk_i_IBUF
    BUFGCTRL_X0Y1        BUFG (Prop_bufg_I_O)         0.091    23.430 r  clk_i_IBUF_BUFG_inst/O
                         net (fo=262, routed)         1.575    25.005    u_sys_monitor/u_uart_top/u_uart_rx/CLK
    SLICE_X36Y46         FDCE                                         r  u_sys_monitor/u_uart_top/u_uart_rx/FSM_sequential_CS_reg[0]/C
                         clock pessimism              0.392    25.397    
                         clock uncertainty           -0.035    25.362    
    SLICE_X36Y46         FDCE (Setup_fdce_C_D)        0.031    25.393    u_sys_monitor/u_uart_top/u_uart_rx/FSM_sequential_CS_reg[0]
  -------------------------------------------------------------------
                         required time                         25.393    
                         arrival time                          -9.492    
  -------------------------------------------------------------------
                         slack                                 15.900    

Slack (MET) :             15.907ns  (required time - arrival time)
  Source:                 u_sys_monitor/u_uart_top/rx_cnt_reg[0]_inv/C
                            (rising edge-triggered cell FDPE clocked by clk_i  {rise@0.000ns fall@10.000ns period=20.000ns})
  Destination:            u_sys_monitor/u_uart_top/u_uart_rx/FSM_sequential_CS_reg[2]/D
                            (rising edge-triggered cell FDCE clocked by clk_i  {rise@0.000ns fall@10.000ns period=20.000ns})
  Path Group:             clk_i
  Path Type:              Setup (Max at Slow Process Corner)
  Requirement:            20.000ns  (clk_i rise@20.000ns - clk_i rise@0.000ns)
  Data Path Delay:        4.148ns  (logic 0.854ns (20.586%)  route 3.294ns (79.414%))
  Logic Levels:           3  (LUT4=2 LUT6=1)
  Clock Path Skew:        0.016ns (DCD - SCD + CPR)
    Destination Clock Delay (DCD):    5.005ns = ( 25.005 - 20.000 ) 
    Source Clock Delay      (SCD):    5.381ns
    Clock Pessimism Removal (CPR):    0.392ns
  Clock Uncertainty:      0.035ns  ((TSJ^2 + TIJ^2)^1/2 + DJ) / 2 + PE
    Total System Jitter     (TSJ):    0.071ns
    Total Input Jitter      (TIJ):    0.000ns
    Discrete Jitter          (DJ):    0.000ns
    Phase Error              (PE):    0.000ns

    Location             Delay type                Incr(ns)  Path(ns)    Netlist Resource(s)
  -------------------------------------------------------------------    -------------------
                         (clock clk_i rise edge)      0.000     0.000 r  
    U18                                               0.000     0.000 r  clk_i (IN)
                         net (fo=0)                   0.000     0.000    clk_i
    U18                  IBUF (Prop_ibuf_I_O)         1.530     1.530 r  clk_i_IBUF_inst/O
                         net (fo=1, routed)           2.076     3.606    clk_i_IBUF
    BUFGCTRL_X0Y1        BUFG (Prop_bufg_I_O)         0.101     3.707 r  clk_i_IBUF_BUFG_inst/O
                         net (fo=262, routed)         1.674     5.381    u_sys_monitor/u_uart_top/CLK
    SLICE_X33Y46         FDPE                                         r  u_sys_monitor/u_uart_top/rx_cnt_reg[0]_inv/C
  -------------------------------------------------------------------    -------------------
    SLICE_X33Y46         FDPE (Prop_fdpe_C_Q)         0.456     5.837 r  u_sys_monitor/u_uart_top/rx_cnt_reg[0]_inv/Q
                         net (fo=11, routed)          1.503     7.340    u_sys_monitor/u_uart_top/u_uart_rx/inner_rx_ready
    SLICE_X33Y46         LUT4 (Prop_lut4_I3_O)        0.124     7.464 r  u_sys_monitor/u_uart_top/u_uart_rx/FSM_sequential_CS[2]_i_4/O
                         net (fo=1, routed)           0.948     8.412    u_sys_monitor/u_uart_top/u_uart_rx/FSM_sequential_CS[2]_i_4_n_1
    SLICE_X33Y47         LUT6 (Prop_lut6_I4_O)        0.124     8.536 r  u_sys_monitor/u_uart_top/u_uart_rx/FSM_sequential_CS[2]_i_3/O
                         net (fo=3, routed)           0.844     9.380    u_sys_monitor/u_uart_top/u_uart_rx/NS
    SLICE_X36Y46         LUT4 (Prop_lut4_I2_O)        0.150     9.530 r  u_sys_monitor/u_uart_top/u_uart_rx/FSM_sequential_CS[2]_i_1/O
                         net (fo=1, routed)           0.000     9.530    u_sys_monitor/u_uart_top/u_uart_rx/FSM_sequential_CS[2]_i_1_n_1
    SLICE_X36Y46         FDCE                                         r  u_sys_monitor/u_uart_top/u_uart_rx/FSM_sequential_CS_reg[2]/D
  -------------------------------------------------------------------    -------------------

                         (clock clk_i rise edge)     20.000    20.000 r  
    U18                                               0.000    20.000 r  clk_i (IN)
                         net (fo=0)                   0.000    20.000    clk_i
    U18                  IBUF (Prop_ibuf_I_O)         1.459    21.459 r  clk_i_IBUF_inst/O
                         net (fo=1, routed)           1.880    23.339    clk_i_IBUF
    BUFGCTRL_X0Y1        BUFG (Prop_bufg_I_O)         0.091    23.430 r  clk_i_IBUF_BUFG_inst/O
                         net (fo=262, routed)         1.575    25.005    u_sys_monitor/u_uart_top/u_uart_rx/CLK
    SLICE_X36Y46         FDCE                                         r  u_sys_monitor/u_uart_top/u_uart_rx/FSM_sequential_CS_reg[2]/C
                         clock pessimism              0.392    25.397    
                         clock uncertainty           -0.035    25.362    
    SLICE_X36Y46         FDCE (Setup_fdce_C_D)        0.075    25.437    u_sys_monitor/u_uart_top/u_uart_rx/FSM_sequential_CS_reg[2]
  -------------------------------------------------------------------
                         required time                         25.437    
                         arrival time                          -9.530    
  -------------------------------------------------------------------
                         slack                                 15.907    

Slack (MET) :             15.913ns  (required time - arrival time)
  Source:                 u_sys_monitor/u_uart_top/u_uart_tx/baud_cnt_reg[5]/C
                            (rising edge-triggered cell FDCE clocked by clk_i  {rise@0.000ns fall@10.000ns period=20.000ns})
  Destination:            u_sys_monitor/u_uart_top/u_uart_tx/baud_cnt_reg[15]/D
                            (rising edge-triggered cell FDCE clocked by clk_i  {rise@0.000ns fall@10.000ns period=20.000ns})
  Path Group:             clk_i
  Path Type:              Setup (Max at Slow Process Corner)
  Requirement:            20.000ns  (clk_i rise@20.000ns - clk_i rise@0.000ns)
  Data Path Delay:        3.787ns  (logic 0.980ns (25.879%)  route 2.807ns (74.121%))
  Logic Levels:           4  (LUT4=1 LUT5=2 LUT6=1)
  Clock Path Skew:        -0.025ns (DCD - SCD + CPR)
    Destination Clock Delay (DCD):    4.998ns = ( 24.998 - 20.000 ) 
    Source Clock Delay      (SCD):    5.452ns
    Clock Pessimism Removal (CPR):    0.429ns
  Clock Uncertainty:      0.035ns  ((TSJ^2 + TIJ^2)^1/2 + DJ) / 2 + PE
    Total System Jitter     (TSJ):    0.071ns
    Total Input Jitter      (TIJ):    0.000ns
    Discrete Jitter          (DJ):    0.000ns
    Phase Error              (PE):    0.000ns

    Location             Delay type                Incr(ns)  Path(ns)    Netlist Resource(s)
  -------------------------------------------------------------------    -------------------
                         (clock clk_i rise edge)      0.000     0.000 r  
    U18                                               0.000     0.000 r  clk_i (IN)
                         net (fo=0)                   0.000     0.000    clk_i
    U18                  IBUF (Prop_ibuf_I_O)         1.530     1.530 r  clk_i_IBUF_inst/O
                         net (fo=1, routed)           2.076     3.606    clk_i_IBUF
    BUFGCTRL_X0Y1        BUFG (Prop_bufg_I_O)         0.101     3.707 r  clk_i_IBUF_BUFG_inst/O
                         net (fo=262, routed)         1.745     5.452    u_sys_monitor/u_uart_top/u_uart_tx/CLK
    SLICE_X37Y34         FDCE                                         r  u_sys_monitor/u_uart_top/u_uart_tx/baud_cnt_reg[5]/C
  -------------------------------------------------------------------    -------------------
    SLICE_X37Y34         FDCE (Prop_fdce_C_Q)         0.456     5.908 f  u_sys_monitor/u_uart_top/u_uart_tx/baud_cnt_reg[5]/Q
                         net (fo=2, routed)           0.847     6.756    u_sys_monitor/u_uart_top/u_uart_tx/baud_cnt_reg_n_1_[5]
    SLICE_X38Y33         LUT4 (Prop_lut4_I3_O)        0.124     6.880 f  u_sys_monitor/u_uart_top/u_uart_tx/baud_cnt[15]_i_5__0/O
                         net (fo=1, routed)           0.282     7.162    u_sys_monitor/u_uart_top/u_uart_tx/baud_cnt[15]_i_5__0_n_1
    SLICE_X38Y33         LUT5 (Prop_lut5_I4_O)        0.124     7.286 r  u_sys_monitor/u_uart_top/u_uart_tx/baud_cnt[15]_i_4__0/O
                         net (fo=1, routed)           0.314     7.600    u_sys_monitor/u_uart_top/u_uart_tx/baud_cnt[15]_i_4__0_n_1
    SLICE_X38Y35         LUT6 (Prop_lut6_I5_O)        0.124     7.724 f  u_sys_monitor/u_uart_top/u_uart_tx/baud_cnt[15]_i_2__0/O
                         net (fo=17, routed)          1.027     8.751    u_sys_monitor/u_uart_top/u_uart_tx/baud_cnt1__14
    SLICE_X38Y33         LUT5 (Prop_lut5_I3_O)        0.152     8.903 r  u_sys_monitor/u_uart_top/u_uart_tx/baud_cnt[15]_i_1__0/O
                         net (fo=1, routed)           0.336     9.239    u_sys_monitor/u_uart_top/u_uart_tx/baud_cnt[15]_i_1__0_n_1
    SLICE_X38Y33         FDCE                                         r  u_sys_monitor/u_uart_top/u_uart_tx/baud_cnt_reg[15]/D
  -------------------------------------------------------------------    -------------------

                         (clock clk_i rise edge)     20.000    20.000 r  
    U18                                               0.000    20.000 r  clk_i (IN)
                         net (fo=0)                   0.000    20.000    clk_i
    U18                  IBUF (Prop_ibuf_I_O)         1.459    21.459 r  clk_i_IBUF_inst/O
                         net (fo=1, routed)           1.880    23.339    clk_i_IBUF
    BUFGCTRL_X0Y1        BUFG (Prop_bufg_I_O)         0.091    23.430 r  clk_i_IBUF_BUFG_inst/O
                         net (fo=262, routed)         1.568    24.998    u_sys_monitor/u_uart_top/u_uart_tx/CLK
    SLICE_X38Y33         FDCE                                         r  u_sys_monitor/u_uart_top/u_uart_tx/baud_cnt_reg[15]/C
                         clock pessimism              0.429    25.427    
                         clock uncertainty           -0.035    25.392    
    SLICE_X38Y33         FDCE (Setup_fdce_C_D)       -0.240    25.152    u_sys_monitor/u_uart_top/u_uart_tx/baud_cnt_reg[15]
  -------------------------------------------------------------------
                         required time                         25.152    
                         arrival time                          -9.239    
  -------------------------------------------------------------------
                         slack                                 15.913    

Slack (MET) :             15.952ns  (required time - arrival time)
  Source:                 u_sys_monitor/u_uart_top/u_uart_rx/FSM_sequential_CS_reg[2]/C
                            (rising edge-triggered cell FDCE clocked by clk_i  {rise@0.000ns fall@10.000ns period=20.000ns})
  Destination:            u_sys_monitor/u_uart_top/u_uart_rx/baud_cnt_reg[4]/D
                            (rising edge-triggered cell FDCE clocked by clk_i  {rise@0.000ns fall@10.000ns period=20.000ns})
  Path Group:             clk_i
  Path Type:              Setup (Max at Slow Process Corner)
  Requirement:            20.000ns  (clk_i rise@20.000ns - clk_i rise@0.000ns)
  Data Path Delay:        3.957ns  (logic 1.202ns (30.379%)  route 2.755ns (69.621%))
  Logic Levels:           3  (LUT3=1 LUT4=1 LUT5=1)
  Clock Path Skew:        -0.137ns (DCD - SCD + CPR)
    Destination Clock Delay (DCD):    4.930ns = ( 24.930 - 20.000 ) 
    Source Clock Delay      (SCD):    5.459ns
    Clock Pessimism Removal (CPR):    0.392ns
  Clock Uncertainty:      0.035ns  ((TSJ^2 + TIJ^2)^1/2 + DJ) / 2 + PE
    Total System Jitter     (TSJ):    0.071ns
    Total Input Jitter      (TIJ):    0.000ns
    Discrete Jitter          (DJ):    0.000ns
    Phase Error              (PE):    0.000ns

    Location             Delay type                Incr(ns)  Path(ns)    Netlist Resource(s)
  -------------------------------------------------------------------    -------------------
                         (clock clk_i rise edge)      0.000     0.000 r  
    U18                                               0.000     0.000 r  clk_i (IN)
                         net (fo=0)                   0.000     0.000    clk_i
    U18                  IBUF (Prop_ibuf_I_O)         1.530     1.530 r  clk_i_IBUF_inst/O
                         net (fo=1, routed)           2.076     3.606    clk_i_IBUF
    BUFGCTRL_X0Y1        BUFG (Prop_bufg_I_O)         0.101     3.707 r  clk_i_IBUF_BUFG_inst/O
                         net (fo=262, routed)         1.752     5.459    u_sys_monitor/u_uart_top/u_uart_rx/CLK
    SLICE_X36Y46         FDCE                                         r  u_sys_monitor/u_uart_top/u_uart_rx/FSM_sequential_CS_reg[2]/C
  -------------------------------------------------------------------    -------------------
    SLICE_X36Y46         FDCE (Prop_fdce_C_Q)         0.419     5.878 r  u_sys_monitor/u_uart_top/u_uart_rx/FSM_sequential_CS_reg[2]/Q
                         net (fo=11, routed)          1.562     7.440    u_sys_monitor/u_uart_top/u_uart_rx/CS[2]
    SLICE_X34Y48         LUT5 (Prop_lut5_I1_O)        0.328     7.768 r  u_sys_monitor/u_uart_top/u_uart_rx/baud_cnt[15]_i_6/O
                         net (fo=1, routed)           0.317     8.085    u_sys_monitor/u_uart_top/u_uart_rx/baud_cnt[15]_i_6_n_1
    SLICE_X34Y47         LUT4 (Prop_lut4_I2_O)        0.331     8.416 r  u_sys_monitor/u_uart_top/u_uart_rx/baud_cnt[15]_i_2/O
                         net (fo=16, routed)          0.876     9.292    u_sys_monitor/u_uart_top/u_uart_rx/baud_cnt[15]_i_2_n_1
    SLICE_X34Y45         LUT3 (Prop_lut3_I0_O)        0.124     9.416 r  u_sys_monitor/u_uart_top/u_uart_rx/baud_cnt[4]_i_1/O
                         net (fo=1, routed)           0.000     9.416    u_sys_monitor/u_uart_top/u_uart_rx/baud_cnt[4]_i_1_n_1
    SLICE_X34Y45         FDCE                                         r  u_sys_monitor/u_uart_top/u_uart_rx/baud_cnt_reg[4]/D
  -------------------------------------------------------------------    -------------------

                         (clock clk_i rise edge)     20.000    20.000 r  
    U18                                               0.000    20.000 r  clk_i (IN)
                         net (fo=0)                   0.000    20.000    clk_i
    U18                  IBUF (Prop_ibuf_I_O)         1.459    21.459 r  clk_i_IBUF_inst/O
                         net (fo=1, routed)           1.880    23.339    clk_i_IBUF
    BUFGCTRL_X0Y1        BUFG (Prop_bufg_I_O)         0.091    23.430 r  clk_i_IBUF_BUFG_inst/O
                         net (fo=262, routed)         1.500    24.930    u_sys_monitor/u_uart_top/u_uart_rx/CLK
    SLICE_X34Y45         FDCE                                         r  u_sys_monitor/u_uart_top/u_uart_rx/baud_cnt_reg[4]/C
                         clock pessimism              0.392    25.322    
                         clock uncertainty           -0.035    25.287    
    SLICE_X34Y45         FDCE (Setup_fdce_C_D)        0.081    25.368    u_sys_monitor/u_uart_top/u_uart_rx/baud_cnt_reg[4]
  -------------------------------------------------------------------
                         required time                         25.368    
                         arrival time                          -9.416    
  -------------------------------------------------------------------
                         slack                                 15.952    

Slack (MET) :             15.960ns  (required time - arrival time)
  Source:                 u_sys_monitor/u_uart_top/u_uart_rx/FSM_sequential_CS_reg[2]/C
                            (rising edge-triggered cell FDCE clocked by clk_i  {rise@0.000ns fall@10.000ns period=20.000ns})
  Destination:            u_sys_monitor/u_uart_top/u_uart_rx/baud_cnt_reg[2]/D
                            (rising edge-triggered cell FDCE clocked by clk_i  {rise@0.000ns fall@10.000ns period=20.000ns})
  Path Group:             clk_i
  Path Type:              Setup (Max at Slow Process Corner)
  Requirement:            20.000ns  (clk_i rise@20.000ns - clk_i rise@0.000ns)
  Data Path Delay:        3.944ns  (logic 1.202ns (30.474%)  route 2.742ns (69.526%))
  Logic Levels:           3  (LUT3=1 LUT4=1 LUT5=1)
  Clock Path Skew:        -0.137ns (DCD - SCD + CPR)
    Destination Clock Delay (DCD):    4.930ns = ( 24.930 - 20.000 ) 
    Source Clock Delay      (SCD):    5.459ns
    Clock Pessimism Removal (CPR):    0.392ns
  Clock Uncertainty:      0.035ns  ((TSJ^2 + TIJ^2)^1/2 + DJ) / 2 + PE
    Total System Jitter     (TSJ):    0.071ns
    Total Input Jitter      (TIJ):    0.000ns
    Discrete Jitter          (DJ):    0.000ns
    Phase Error              (PE):    0.000ns

    Location             Delay type                Incr(ns)  Path(ns)    Netlist Resource(s)
  -------------------------------------------------------------------    -------------------
                         (clock clk_i rise edge)      0.000     0.000 r  
    U18                                               0.000     0.000 r  clk_i (IN)
                         net (fo=0)                   0.000     0.000    clk_i
    U18                  IBUF (Prop_ibuf_I_O)         1.530     1.530 r  clk_i_IBUF_inst/O
                         net (fo=1, routed)           2.076     3.606    clk_i_IBUF
    BUFGCTRL_X0Y1        BUFG (Prop_bufg_I_O)         0.101     3.707 r  clk_i_IBUF_BUFG_inst/O
                         net (fo=262, routed)         1.752     5.459    u_sys_monitor/u_uart_top/u_uart_rx/CLK
    SLICE_X36Y46         FDCE                                         r  u_sys_monitor/u_uart_top/u_uart_rx/FSM_sequential_CS_reg[2]/C
  -------------------------------------------------------------------    -------------------
    SLICE_X36Y46         FDCE (Prop_fdce_C_Q)         0.419     5.878 r  u_sys_monitor/u_uart_top/u_uart_rx/FSM_sequential_CS_reg[2]/Q
                         net (fo=11, routed)          1.562     7.440    u_sys_monitor/u_uart_top/u_uart_rx/CS[2]
    SLICE_X34Y48         LUT5 (Prop_lut5_I1_O)        0.328     7.768 r  u_sys_monitor/u_uart_top/u_uart_rx/baud_cnt[15]_i_6/O
                         net (fo=1, routed)           0.317     8.085    u_sys_monitor/u_uart_top/u_uart_rx/baud_cnt[15]_i_6_n_1
    SLICE_X34Y47         LUT4 (Prop_lut4_I2_O)        0.331     8.416 r  u_sys_monitor/u_uart_top/u_uart_rx/baud_cnt[15]_i_2/O
                         net (fo=16, routed)          0.864     9.279    u_sys_monitor/u_uart_top/u_uart_rx/baud_cnt[15]_i_2_n_1
    SLICE_X34Y45         LUT3 (Prop_lut3_I0_O)        0.124     9.403 r  u_sys_monitor/u_uart_top/u_uart_rx/baud_cnt[2]_i_1/O
                         net (fo=1, routed)           0.000     9.403    u_sys_monitor/u_uart_top/u_uart_rx/baud_cnt[2]_i_1_n_1
    SLICE_X34Y45         FDCE                                         r  u_sys_monitor/u_uart_top/u_uart_rx/baud_cnt_reg[2]/D
  -------------------------------------------------------------------    -------------------

                         (clock clk_i rise edge)     20.000    20.000 r  
    U18                                               0.000    20.000 r  clk_i (IN)
                         net (fo=0)                   0.000    20.000    clk_i
    U18                  IBUF (Prop_ibuf_I_O)         1.459    21.459 r  clk_i_IBUF_inst/O
                         net (fo=1, routed)           1.880    23.339    clk_i_IBUF
    BUFGCTRL_X0Y1        BUFG (Prop_bufg_I_O)         0.091    23.430 r  clk_i_IBUF_BUFG_inst/O
                         net (fo=262, routed)         1.500    24.930    u_sys_monitor/u_uart_top/u_uart_rx/CLK
    SLICE_X34Y45         FDCE                                         r  u_sys_monitor/u_uart_top/u_uart_rx/baud_cnt_reg[2]/C
                         clock pessimism              0.392    25.322    
                         clock uncertainty           -0.035    25.287    
    SLICE_X34Y45         FDCE (Setup_fdce_C_D)        0.077    25.364    u_sys_monitor/u_uart_top/u_uart_rx/baud_cnt_reg[2]
  -------------------------------------------------------------------
                         required time                         25.364    
                         arrival time                          -9.403    
  -------------------------------------------------------------------
                         slack                                 15.960    

Slack (MET) :             15.963ns  (required time - arrival time)
  Source:                 u_sys_monitor/u_uart_top/u_uart_rx/FSM_sequential_CS_reg[2]/C
                            (rising edge-triggered cell FDCE clocked by clk_i  {rise@0.000ns fall@10.000ns period=20.000ns})
  Destination:            u_sys_monitor/u_uart_top/u_uart_rx/baud_cnt_reg[5]/D
                            (rising edge-triggered cell FDCE clocked by clk_i  {rise@0.000ns fall@10.000ns period=20.000ns})
  Path Group:             clk_i
  Path Type:              Setup (Max at Slow Process Corner)
  Requirement:            20.000ns  (clk_i rise@20.000ns - clk_i rise@0.000ns)
  Data Path Delay:        3.983ns  (logic 1.228ns (30.833%)  route 2.755ns (69.167%))
  Logic Levels:           3  (LUT3=1 LUT4=1 LUT5=1)
  Clock Path Skew:        -0.137ns (DCD - SCD + CPR)
    Destination Clock Delay (DCD):    4.930ns = ( 24.930 - 20.000 ) 
    Source Clock Delay      (SCD):    5.459ns
    Clock Pessimism Removal (CPR):    0.392ns
  Clock Uncertainty:      0.035ns  ((TSJ^2 + TIJ^2)^1/2 + DJ) / 2 + PE
    Total System Jitter     (TSJ):    0.071ns
    Total Input Jitter      (TIJ):    0.000ns
    Discrete Jitter          (DJ):    0.000ns
    Phase Error              (PE):    0.000ns

    Location             Delay type                Incr(ns)  Path(ns)    Netlist Resource(s)
  -------------------------------------------------------------------    -------------------
                         (clock clk_i rise edge)      0.000     0.000 r  
    U18                                               0.000     0.000 r  clk_i (IN)
                         net (fo=0)                   0.000     0.000    clk_i
    U18                  IBUF (Prop_ibuf_I_O)         1.530     1.530 r  clk_i_IBUF_inst/O
                         net (fo=1, routed)           2.076     3.606    clk_i_IBUF
    BUFGCTRL_X0Y1        BUFG (Prop_bufg_I_O)         0.101     3.707 r  clk_i_IBUF_BUFG_inst/O
                         net (fo=262, routed)         1.752     5.459    u_sys_monitor/u_uart_top/u_uart_rx/CLK
    SLICE_X36Y46         FDCE                                         r  u_sys_monitor/u_uart_top/u_uart_rx/FSM_sequential_CS_reg[2]/C
  -------------------------------------------------------------------    -------------------
    SLICE_X36Y46         FDCE (Prop_fdce_C_Q)         0.419     5.878 r  u_sys_monitor/u_uart_top/u_uart_rx/FSM_sequential_CS_reg[2]/Q
                         net (fo=11, routed)          1.562     7.440    u_sys_monitor/u_uart_top/u_uart_rx/CS[2]
    SLICE_X34Y48         LUT5 (Prop_lut5_I1_O)        0.328     7.768 r  u_sys_monitor/u_uart_top/u_uart_rx/baud_cnt[15]_i_6/O
                         net (fo=1, routed)           0.317     8.085    u_sys_monitor/u_uart_top/u_uart_rx/baud_cnt[15]_i_6_n_1
    SLICE_X34Y47         LUT4 (Prop_lut4_I2_O)        0.331     8.416 r  u_sys_monitor/u_uart_top/u_uart_rx/baud_cnt[15]_i_2/O
                         net (fo=16, routed)          0.876     9.292    u_sys_monitor/u_uart_top/u_uart_rx/baud_cnt[15]_i_2_n_1
    SLICE_X34Y45         LUT3 (Prop_lut3_I0_O)        0.150     9.442 r  u_sys_monitor/u_uart_top/u_uart_rx/baud_cnt[5]_i_1/O
                         net (fo=1, routed)           0.000     9.442    u_sys_monitor/u_uart_top/u_uart_rx/baud_cnt[5]_i_1_n_1
    SLICE_X34Y45         FDCE                                         r  u_sys_monitor/u_uart_top/u_uart_rx/baud_cnt_reg[5]/D
  -------------------------------------------------------------------    -------------------

                         (clock clk_i rise edge)     20.000    20.000 r  
    U18                                               0.000    20.000 r  clk_i (IN)
                         net (fo=0)                   0.000    20.000    clk_i
    U18                  IBUF (Prop_ibuf_I_O)         1.459    21.459 r  clk_i_IBUF_inst/O
                         net (fo=1, routed)           1.880    23.339    clk_i_IBUF
    BUFGCTRL_X0Y1        BUFG (Prop_bufg_I_O)         0.091    23.430 r  clk_i_IBUF_BUFG_inst/O
                         net (fo=262, routed)         1.500    24.930    u_sys_monitor/u_uart_top/u_uart_rx/CLK
    SLICE_X34Y45         FDCE                                         r  u_sys_monitor/u_uart_top/u_uart_rx/baud_cnt_reg[5]/C
                         clock pessimism              0.392    25.322    
                         clock uncertainty           -0.035    25.287    
    SLICE_X34Y45         FDCE (Setup_fdce_C_D)        0.118    25.405    u_sys_monitor/u_uart_top/u_uart_rx/baud_cnt_reg[5]
  -------------------------------------------------------------------
                         required time                         25.405    
                         arrival time                          -9.442    
  -------------------------------------------------------------------
                         slack                                 15.963    

Slack (MET) :             15.965ns  (required time - arrival time)
  Source:                 u_sys_monitor/u_run_2_uart_clock/U0/inst_fifo_gen/gconvfifo.rf/grf.rf/gntv_or_sync_fifo.mem/gbm.gbmg.gbmga.ngecc.bmg/inst_blk_mem_gen/gnbram.gnativebmg.native_blk_mem_gen/valid.cstr/ramloop[0].ram.r/prim_noinit.ram/DEVICE_7SERIES.NO_BMM_INFO.SDP.WIDE_PRIM36_NO_ECC.ram/CLKARDCLK
                            (rising edge-triggered cell RAMB36E1 clocked by clk_i  {rise@0.000ns fall@10.000ns period=20.000ns})
  Destination:            u_sys_monitor/u_uart_top/tx_data_reg_reg[29]/D
                            (rising edge-triggered cell FDCE clocked by clk_i  {rise@0.000ns fall@10.000ns period=20.000ns})
  Path Group:             clk_i
  Path Type:              Setup (Max at Slow Process Corner)
  Requirement:            20.000ns  (clk_i rise@20.000ns - clk_i rise@0.000ns)
  Data Path Delay:        3.792ns  (logic 2.454ns (64.721%)  route 1.338ns (35.279%))
  Logic Levels:           0  
  Clock Path Skew:        -0.103ns (DCD - SCD + CPR)
    Destination Clock Delay (DCD):    4.924ns = ( 24.924 - 20.000 ) 
    Source Clock Delay      (SCD):    5.420ns
    Clock Pessimism Removal (CPR):    0.392ns
  Clock Uncertainty:      0.035ns  ((TSJ^2 + TIJ^2)^1/2 + DJ) / 2 + PE
    Total System Jitter     (TSJ):    0.071ns
    Total Input Jitter      (TIJ):    0.000ns
    Discrete Jitter          (DJ):    0.000ns
    Phase Error              (PE):    0.000ns

    Location             Delay type                Incr(ns)  Path(ns)    Netlist Resource(s)
  -------------------------------------------------------------------    -------------------
                         (clock clk_i rise edge)      0.000     0.000 r  
    U18                                               0.000     0.000 r  clk_i (IN)
                         net (fo=0)                   0.000     0.000    clk_i
    U18                  IBUF (Prop_ibuf_I_O)         1.530     1.530 r  clk_i_IBUF_inst/O
                         net (fo=1, routed)           2.076     3.606    clk_i_IBUF
    BUFGCTRL_X0Y1        BUFG (Prop_bufg_I_O)         0.101     3.707 r  clk_i_IBUF_BUFG_inst/O
                         net (fo=262, routed)         1.712     5.420    u_sys_monitor/u_run_2_uart_clock/U0/inst_fifo_gen/gconvfifo.rf/grf.rf/gntv_or_sync_fifo.mem/gbm.gbmg.gbmga.ngecc.bmg/inst_blk_mem_gen/gnbram.gnativebmg.native_blk_mem_gen/valid.cstr/ramloop[0].ram.r/prim_noinit.ram/rd_clk
    RAMB36_X1Y7          RAMB36E1                                     r  u_sys_monitor/u_run_2_uart_clock/U0/inst_fifo_gen/gconvfifo.rf/grf.rf/gntv_or_sync_fifo.mem/gbm.gbmg.gbmga.ngecc.bmg/inst_blk_mem_gen/gnbram.gnativebmg.native_blk_mem_gen/valid.cstr/ramloop[0].ram.r/prim_noinit.ram/DEVICE_7SERIES.NO_BMM_INFO.SDP.WIDE_PRIM36_NO_ECC.ram/CLKARDCLK
  -------------------------------------------------------------------    -------------------
    RAMB36_X1Y7          RAMB36E1 (Prop_ramb36e1_CLKARDCLK_DOBDO[29])
                                                      2.454     7.874 r  u_sys_monitor/u_run_2_uart_clock/U0/inst_fifo_gen/gconvfifo.rf/grf.rf/gntv_or_sync_fifo.mem/gbm.gbmg.gbmga.ngecc.bmg/inst_blk_mem_gen/gnbram.gnativebmg.native_blk_mem_gen/valid.cstr/ramloop[0].ram.r/prim_noinit.ram/DEVICE_7SERIES.NO_BMM_INFO.SDP.WIDE_PRIM36_NO_ECC.ram/DOBDO[29]
                         net (fo=1, routed)           1.338     9.211    u_sys_monitor/u_uart_top/tx_data_reg_reg[31]_0[29]
    SLICE_X31Y36         FDCE                                         r  u_sys_monitor/u_uart_top/tx_data_reg_reg[29]/D
  -------------------------------------------------------------------    -------------------

                         (clock clk_i rise edge)     20.000    20.000 r  
    U18                                               0.000    20.000 r  clk_i (IN)
                         net (fo=0)                   0.000    20.000    clk_i
    U18                  IBUF (Prop_ibuf_I_O)         1.459    21.459 r  clk_i_IBUF_inst/O
                         net (fo=1, routed)           1.880    23.339    clk_i_IBUF
    BUFGCTRL_X0Y1        BUFG (Prop_bufg_I_O)         0.091    23.430 r  clk_i_IBUF_BUFG_inst/O
                         net (fo=262, routed)         1.494    24.924    u_sys_monitor/u_uart_top/CLK
    SLICE_X31Y36         FDCE                                         r  u_sys_monitor/u_uart_top/tx_data_reg_reg[29]/C
                         clock pessimism              0.392    25.316    
                         clock uncertainty           -0.035    25.281    
    SLICE_X31Y36         FDCE (Setup_fdce_C_D)       -0.105    25.176    u_sys_monitor/u_uart_top/tx_data_reg_reg[29]
  -------------------------------------------------------------------
                         required time                         25.176    
                         arrival time                          -9.211    
  -------------------------------------------------------------------
                         slack                                 15.965    

Slack (MET) :             15.975ns  (required time - arrival time)
  Source:                 u_sys_monitor/u_uart_top/u_uart_rx/FSM_sequential_CS_reg[2]/C
                            (rising edge-triggered cell FDCE clocked by clk_i  {rise@0.000ns fall@10.000ns period=20.000ns})
  Destination:            u_sys_monitor/u_uart_top/u_uart_rx/baud_cnt_reg[3]/D
                            (rising edge-triggered cell FDCE clocked by clk_i  {rise@0.000ns fall@10.000ns period=20.000ns})
  Path Group:             clk_i
  Path Type:              Setup (Max at Slow Process Corner)
  Requirement:            20.000ns  (clk_i rise@20.000ns - clk_i rise@0.000ns)
  Data Path Delay:        3.970ns  (logic 1.228ns (30.929%)  route 2.742ns (69.071%))
  Logic Levels:           3  (LUT3=1 LUT4=1 LUT5=1)
  Clock Path Skew:        -0.137ns (DCD - SCD + CPR)
    Destination Clock Delay (DCD):    4.930ns = ( 24.930 - 20.000 ) 
    Source Clock Delay      (SCD):    5.459ns
    Clock Pessimism Removal (CPR):    0.392ns
  Clock Uncertainty:      0.035ns  ((TSJ^2 + TIJ^2)^1/2 + DJ) / 2 + PE
    Total System Jitter     (TSJ):    0.071ns
    Total Input Jitter      (TIJ):    0.000ns
    Discrete Jitter          (DJ):    0.000ns
    Phase Error              (PE):    0.000ns

    Location             Delay type                Incr(ns)  Path(ns)    Netlist Resource(s)
  -------------------------------------------------------------------    -------------------
                         (clock clk_i rise edge)      0.000     0.000 r  
    U18                                               0.000     0.000 r  clk_i (IN)
                         net (fo=0)                   0.000     0.000    clk_i
    U18                  IBUF (Prop_ibuf_I_O)         1.530     1.530 r  clk_i_IBUF_inst/O
                         net (fo=1, routed)           2.076     3.606    clk_i_IBUF
    BUFGCTRL_X0Y1        BUFG (Prop_bufg_I_O)         0.101     3.707 r  clk_i_IBUF_BUFG_inst/O
                         net (fo=262, routed)         1.752     5.459    u_sys_monitor/u_uart_top/u_uart_rx/CLK
    SLICE_X36Y46         FDCE                                         r  u_sys_monitor/u_uart_top/u_uart_rx/FSM_sequential_CS_reg[2]/C
  -------------------------------------------------------------------    -------------------
    SLICE_X36Y46         FDCE (Prop_fdce_C_Q)         0.419     5.878 r  u_sys_monitor/u_uart_top/u_uart_rx/FSM_sequential_CS_reg[2]/Q
                         net (fo=11, routed)          1.562     7.440    u_sys_monitor/u_uart_top/u_uart_rx/CS[2]
    SLICE_X34Y48         LUT5 (Prop_lut5_I1_O)        0.328     7.768 r  u_sys_monitor/u_uart_top/u_uart_rx/baud_cnt[15]_i_6/O
                         net (fo=1, routed)           0.317     8.085    u_sys_monitor/u_uart_top/u_uart_rx/baud_cnt[15]_i_6_n_1
    SLICE_X34Y47         LUT4 (Prop_lut4_I2_O)        0.331     8.416 r  u_sys_monitor/u_uart_top/u_uart_rx/baud_cnt[15]_i_2/O
                         net (fo=16, routed)          0.864     9.279    u_sys_monitor/u_uart_top/u_uart_rx/baud_cnt[15]_i_2_n_1
    SLICE_X34Y45         LUT3 (Prop_lut3_I0_O)        0.150     9.429 r  u_sys_monitor/u_uart_top/u_uart_rx/baud_cnt[3]_i_1/O
                         net (fo=1, routed)           0.000     9.429    u_sys_monitor/u_uart_top/u_uart_rx/baud_cnt[3]_i_1_n_1
    SLICE_X34Y45         FDCE                                         r  u_sys_monitor/u_uart_top/u_uart_rx/baud_cnt_reg[3]/D
  -------------------------------------------------------------------    -------------------

                         (clock clk_i rise edge)     20.000    20.000 r  
    U18                                               0.000    20.000 r  clk_i (IN)
                         net (fo=0)                   0.000    20.000    clk_i
    U18                  IBUF (Prop_ibuf_I_O)         1.459    21.459 r  clk_i_IBUF_inst/O
                         net (fo=1, routed)           1.880    23.339    clk_i_IBUF
    BUFGCTRL_X0Y1        BUFG (Prop_bufg_I_O)         0.091    23.430 r  clk_i_IBUF_BUFG_inst/O
                         net (fo=262, routed)         1.500    24.930    u_sys_monitor/u_uart_top/u_uart_rx/CLK
    SLICE_X34Y45         FDCE                                         r  u_sys_monitor/u_uart_top/u_uart_rx/baud_cnt_reg[3]/C
                         clock pessimism              0.392    25.322    
                         clock uncertainty           -0.035    25.287    
    SLICE_X34Y45         FDCE (Setup_fdce_C_D)        0.118    25.405    u_sys_monitor/u_uart_top/u_uart_rx/baud_cnt_reg[3]
  -------------------------------------------------------------------
                         required time                         25.405    
                         arrival time                          -9.429    
  -------------------------------------------------------------------
                         slack                                 15.975    





Min Delay Paths
--------------------------------------------------------------------------------------
Slack (MET) :             0.066ns  (arrival time - required time)
  Source:                 u_sys_monitor/u_u2r_cmd_convert/U0/inst_fifo_gen/gconvfifo.rf/grf.rf/gntv_or_sync_fifo.gl0.wr/wpntr/gic0.gc0.count_d2_reg[0]/C
                            (rising edge-triggered cell FDCE clocked by clk_i  {rise@0.000ns fall@10.000ns period=20.000ns})
  Destination:            u_sys_monitor/u_u2r_cmd_convert/U0/inst_fifo_gen/gconvfifo.rf/grf.rf/gntv_or_sync_fifo.mem/gdm.dm_gen.dm/RAM_reg_0_15_0_5/RAMA/WADR0
                            (rising edge-triggered cell RAMD32 clocked by clk_i  {rise@0.000ns fall@10.000ns period=20.000ns})
  Path Group:             clk_i
  Path Type:              Hold (Min at Fast Process Corner)
  Requirement:            0.000ns  (clk_i rise@0.000ns - clk_i rise@0.000ns)
  Data Path Delay:        0.392ns  (logic 0.141ns (35.935%)  route 0.251ns (64.065%))
  Logic Levels:           0  
  Clock Path Skew:        0.016ns (DCD - SCD - CPR)
    Destination Clock Delay (DCD):    2.029ns
    Source Clock Delay      (SCD):    1.513ns
    Clock Pessimism Removal (CPR):    0.500ns

    Location             Delay type                Incr(ns)  Path(ns)    Netlist Resource(s)
  -------------------------------------------------------------------    -------------------
                         (clock clk_i rise edge)      0.000     0.000 r  
    U18                                               0.000     0.000 r  clk_i (IN)
                         net (fo=0)                   0.000     0.000    clk_i
    U18                  IBUF (Prop_ibuf_I_O)         0.297     0.297 r  clk_i_IBUF_inst/O
                         net (fo=1, routed)           0.627     0.925    clk_i_IBUF
    BUFGCTRL_X0Y1        BUFG (Prop_bufg_I_O)         0.026     0.951 r  clk_i_IBUF_BUFG_inst/O
                         net (fo=262, routed)         0.563     1.513    u_sys_monitor/u_u2r_cmd_convert/U0/inst_fifo_gen/gconvfifo.rf/grf.rf/gntv_or_sync_fifo.gl0.wr/wpntr/wr_clk
    SLICE_X29Y45         FDCE                                         r  u_sys_monitor/u_u2r_cmd_convert/U0/inst_fifo_gen/gconvfifo.rf/grf.rf/gntv_or_sync_fifo.gl0.wr/wpntr/gic0.gc0.count_d2_reg[0]/C
  -------------------------------------------------------------------    -------------------
    SLICE_X29Y45         FDCE (Prop_fdce_C_Q)         0.141     1.654 r  u_sys_monitor/u_u2r_cmd_convert/U0/inst_fifo_gen/gconvfifo.rf/grf.rf/gntv_or_sync_fifo.gl0.wr/wpntr/gic0.gc0.count_d2_reg[0]/Q
                         net (fo=17, routed)          0.251     1.906    u_sys_monitor/u_u2r_cmd_convert/U0/inst_fifo_gen/gconvfifo.rf/grf.rf/gntv_or_sync_fifo.mem/gdm.dm_gen.dm/RAM_reg_0_15_0_5/ADDRD0
    SLICE_X30Y45         RAMD32                                       r  u_sys_monitor/u_u2r_cmd_convert/U0/inst_fifo_gen/gconvfifo.rf/grf.rf/gntv_or_sync_fifo.mem/gdm.dm_gen.dm/RAM_reg_0_15_0_5/RAMA/WADR0
  -------------------------------------------------------------------    -------------------

                         (clock clk_i rise edge)      0.000     0.000 r  
    U18                                               0.000     0.000 r  clk_i (IN)
                         net (fo=0)                   0.000     0.000    clk_i
    U18                  IBUF (Prop_ibuf_I_O)         0.486     0.486 r  clk_i_IBUF_inst/O
                         net (fo=1, routed)           0.683     1.169    clk_i_IBUF
    BUFGCTRL_X0Y1        BUFG (Prop_bufg_I_O)         0.029     1.198 r  clk_i_IBUF_BUFG_inst/O
                         net (fo=262, routed)         0.831     2.029    u_sys_monitor/u_u2r_cmd_convert/U0/inst_fifo_gen/gconvfifo.rf/grf.rf/gntv_or_sync_fifo.mem/gdm.dm_gen.dm/RAM_reg_0_15_0_5/WCLK
    SLICE_X30Y45         RAMD32                                       r  u_sys_monitor/u_u2r_cmd_convert/U0/inst_fifo_gen/gconvfifo.rf/grf.rf/gntv_or_sync_fifo.mem/gdm.dm_gen.dm/RAM_reg_0_15_0_5/RAMA/CLK
                         clock pessimism             -0.500     1.529    
    SLICE_X30Y45         RAMD32 (Hold_ramd32_CLK_WADR0)
                                                      0.310     1.839    u_sys_monitor/u_u2r_cmd_convert/U0/inst_fifo_gen/gconvfifo.rf/grf.rf/gntv_or_sync_fifo.mem/gdm.dm_gen.dm/RAM_reg_0_15_0_5/RAMA
  -------------------------------------------------------------------
                         required time                         -1.839    
                         arrival time                           1.906    
  -------------------------------------------------------------------
                         slack                                  0.066    

Slack (MET) :             0.066ns  (arrival time - required time)
  Source:                 u_sys_monitor/u_u2r_cmd_convert/U0/inst_fifo_gen/gconvfifo.rf/grf.rf/gntv_or_sync_fifo.gl0.wr/wpntr/gic0.gc0.count_d2_reg[0]/C
                            (rising edge-triggered cell FDCE clocked by clk_i  {rise@0.000ns fall@10.000ns period=20.000ns})
  Destination:            u_sys_monitor/u_u2r_cmd_convert/U0/inst_fifo_gen/gconvfifo.rf/grf.rf/gntv_or_sync_fifo.mem/gdm.dm_gen.dm/RAM_reg_0_15_0_5/RAMA_D1/WADR0
                            (rising edge-triggered cell RAMD32 clocked by clk_i  {rise@0.000ns fall@10.000ns period=20.000ns})
  Path Group:             clk_i
  Path Type:              Hold (Min at Fast Process Corner)
  Requirement:            0.000ns  (clk_i rise@0.000ns - clk_i rise@0.000ns)
  Data Path Delay:        0.392ns  (logic 0.141ns (35.935%)  route 0.251ns (64.065%))
  Logic Levels:           0  
  Clock Path Skew:        0.016ns (DCD - SCD - CPR)
    Destination Clock Delay (DCD):    2.029ns
    Source Clock Delay      (SCD):    1.513ns
    Clock Pessimism Removal (CPR):    0.500ns

    Location             Delay type                Incr(ns)  Path(ns)    Netlist Resource(s)
  -------------------------------------------------------------------    -------------------
                         (clock clk_i rise edge)      0.000     0.000 r  
    U18                                               0.000     0.000 r  clk_i (IN)
                         net (fo=0)                   0.000     0.000    clk_i
    U18                  IBUF (Prop_ibuf_I_O)         0.297     0.297 r  clk_i_IBUF_inst/O
                         net (fo=1, routed)           0.627     0.925    clk_i_IBUF
    BUFGCTRL_X0Y1        BUFG (Prop_bufg_I_O)         0.026     0.951 r  clk_i_IBUF_BUFG_inst/O
                         net (fo=262, routed)         0.563     1.513    u_sys_monitor/u_u2r_cmd_convert/U0/inst_fifo_gen/gconvfifo.rf/grf.rf/gntv_or_sync_fifo.gl0.wr/wpntr/wr_clk
    SLICE_X29Y45         FDCE                                         r  u_sys_monitor/u_u2r_cmd_convert/U0/inst_fifo_gen/gconvfifo.rf/grf.rf/gntv_or_sync_fifo.gl0.wr/wpntr/gic0.gc0.count_d2_reg[0]/C
  -------------------------------------------------------------------    -------------------
    SLICE_X29Y45         FDCE (Prop_fdce_C_Q)         0.141     1.654 r  u_sys_monitor/u_u2r_cmd_convert/U0/inst_fifo_gen/gconvfifo.rf/grf.rf/gntv_or_sync_fifo.gl0.wr/wpntr/gic0.gc0.count_d2_reg[0]/Q
                         net (fo=17, routed)          0.251     1.906    u_sys_monitor/u_u2r_cmd_convert/U0/inst_fifo_gen/gconvfifo.rf/grf.rf/gntv_or_sync_fifo.mem/gdm.dm_gen.dm/RAM_reg_0_15_0_5/ADDRD0
    SLICE_X30Y45         RAMD32                                       r  u_sys_monitor/u_u2r_cmd_convert/U0/inst_fifo_gen/gconvfifo.rf/grf.rf/gntv_or_sync_fifo.mem/gdm.dm_gen.dm/RAM_reg_0_15_0_5/RAMA_D1/WADR0
  -------------------------------------------------------------------    -------------------

                         (clock clk_i rise edge)      0.000     0.000 r  
    U18                                               0.000     0.000 r  clk_i (IN)
                         net (fo=0)                   0.000     0.000    clk_i
    U18                  IBUF (Prop_ibuf_I_O)         0.486     0.486 r  clk_i_IBUF_inst/O
                         net (fo=1, routed)           0.683     1.169    clk_i_IBUF
    BUFGCTRL_X0Y1        BUFG (Prop_bufg_I_O)         0.029     1.198 r  clk_i_IBUF_BUFG_inst/O
                         net (fo=262, routed)         0.831     2.029    u_sys_monitor/u_u2r_cmd_convert/U0/inst_fifo_gen/gconvfifo.rf/grf.rf/gntv_or_sync_fifo.mem/gdm.dm_gen.dm/RAM_reg_0_15_0_5/WCLK
    SLICE_X30Y45         RAMD32                                       r  u_sys_monitor/u_u2r_cmd_convert/U0/inst_fifo_gen/gconvfifo.rf/grf.rf/gntv_or_sync_fifo.mem/gdm.dm_gen.dm/RAM_reg_0_15_0_5/RAMA_D1/CLK
                         clock pessimism             -0.500     1.529    
    SLICE_X30Y45         RAMD32 (Hold_ramd32_CLK_WADR0)
                                                      0.310     1.839    u_sys_monitor/u_u2r_cmd_convert/U0/inst_fifo_gen/gconvfifo.rf/grf.rf/gntv_or_sync_fifo.mem/gdm.dm_gen.dm/RAM_reg_0_15_0_5/RAMA_D1
  -------------------------------------------------------------------
                         required time                         -1.839    
                         arrival time                           1.906    
  -------------------------------------------------------------------
                         slack                                  0.066    

Slack (MET) :             0.066ns  (arrival time - required time)
  Source:                 u_sys_monitor/u_u2r_cmd_convert/U0/inst_fifo_gen/gconvfifo.rf/grf.rf/gntv_or_sync_fifo.gl0.wr/wpntr/gic0.gc0.count_d2_reg[0]/C
                            (rising edge-triggered cell FDCE clocked by clk_i  {rise@0.000ns fall@10.000ns period=20.000ns})
  Destination:            u_sys_monitor/u_u2r_cmd_convert/U0/inst_fifo_gen/gconvfifo.rf/grf.rf/gntv_or_sync_fifo.mem/gdm.dm_gen.dm/RAM_reg_0_15_0_5/RAMB/WADR0
                            (rising edge-triggered cell RAMD32 clocked by clk_i  {rise@0.000ns fall@10.000ns period=20.000ns})
  Path Group:             clk_i
  Path Type:              Hold (Min at Fast Process Corner)
  Requirement:            0.000ns  (clk_i rise@0.000ns - clk_i rise@0.000ns)
  Data Path Delay:        0.392ns  (logic 0.141ns (35.935%)  route 0.251ns (64.065%))
  Logic Levels:           0  
  Clock Path Skew:        0.016ns (DCD - SCD - CPR)
    Destination Clock Delay (DCD):    2.029ns
    Source Clock Delay      (SCD):    1.513ns
    Clock Pessimism Removal (CPR):    0.500ns

    Location             Delay type                Incr(ns)  Path(ns)    Netlist Resource(s)
  -------------------------------------------------------------------    -------------------
                         (clock clk_i rise edge)      0.000     0.000 r  
    U18                                               0.000     0.000 r  clk_i (IN)
                         net (fo=0)                   0.000     0.000    clk_i
    U18                  IBUF (Prop_ibuf_I_O)         0.297     0.297 r  clk_i_IBUF_inst/O
                         net (fo=1, routed)           0.627     0.925    clk_i_IBUF
    BUFGCTRL_X0Y1        BUFG (Prop_bufg_I_O)         0.026     0.951 r  clk_i_IBUF_BUFG_inst/O
                         net (fo=262, routed)         0.563     1.513    u_sys_monitor/u_u2r_cmd_convert/U0/inst_fifo_gen/gconvfifo.rf/grf.rf/gntv_or_sync_fifo.gl0.wr/wpntr/wr_clk
    SLICE_X29Y45         FDCE                                         r  u_sys_monitor/u_u2r_cmd_convert/U0/inst_fifo_gen/gconvfifo.rf/grf.rf/gntv_or_sync_fifo.gl0.wr/wpntr/gic0.gc0.count_d2_reg[0]/C
  -------------------------------------------------------------------    -------------------
    SLICE_X29Y45         FDCE (Prop_fdce_C_Q)         0.141     1.654 r  u_sys_monitor/u_u2r_cmd_convert/U0/inst_fifo_gen/gconvfifo.rf/grf.rf/gntv_or_sync_fifo.gl0.wr/wpntr/gic0.gc0.count_d2_reg[0]/Q
                         net (fo=17, routed)          0.251     1.906    u_sys_monitor/u_u2r_cmd_convert/U0/inst_fifo_gen/gconvfifo.rf/grf.rf/gntv_or_sync_fifo.mem/gdm.dm_gen.dm/RAM_reg_0_15_0_5/ADDRD0
    SLICE_X30Y45         RAMD32                                       r  u_sys_monitor/u_u2r_cmd_convert/U0/inst_fifo_gen/gconvfifo.rf/grf.rf/gntv_or_sync_fifo.mem/gdm.dm_gen.dm/RAM_reg_0_15_0_5/RAMB/WADR0
  -------------------------------------------------------------------    -------------------

                         (clock clk_i rise edge)      0.000     0.000 r  
    U18                                               0.000     0.000 r  clk_i (IN)
                         net (fo=0)                   0.000     0.000    clk_i
    U18                  IBUF (Prop_ibuf_I_O)         0.486     0.486 r  clk_i_IBUF_inst/O
                         net (fo=1, routed)           0.683     1.169    clk_i_IBUF
    BUFGCTRL_X0Y1        BUFG (Prop_bufg_I_O)         0.029     1.198 r  clk_i_IBUF_BUFG_inst/O
                         net (fo=262, routed)         0.831     2.029    u_sys_monitor/u_u2r_cmd_convert/U0/inst_fifo_gen/gconvfifo.rf/grf.rf/gntv_or_sync_fifo.mem/gdm.dm_gen.dm/RAM_reg_0_15_0_5/WCLK
    SLICE_X30Y45         RAMD32                                       r  u_sys_monitor/u_u2r_cmd_convert/U0/inst_fifo_gen/gconvfifo.rf/grf.rf/gntv_or_sync_fifo.mem/gdm.dm_gen.dm/RAM_reg_0_15_0_5/RAMB/CLK
                         clock pessimism             -0.500     1.529    
    SLICE_X30Y45         RAMD32 (Hold_ramd32_CLK_WADR0)
                                                      0.310     1.839    u_sys_monitor/u_u2r_cmd_convert/U0/inst_fifo_gen/gconvfifo.rf/grf.rf/gntv_or_sync_fifo.mem/gdm.dm_gen.dm/RAM_reg_0_15_0_5/RAMB
  -------------------------------------------------------------------
                         required time                         -1.839    
                         arrival time                           1.906    
  -------------------------------------------------------------------
                         slack                                  0.066    

Slack (MET) :             0.066ns  (arrival time - required time)
  Source:                 u_sys_monitor/u_u2r_cmd_convert/U0/inst_fifo_gen/gconvfifo.rf/grf.rf/gntv_or_sync_fifo.gl0.wr/wpntr/gic0.gc0.count_d2_reg[0]/C
                            (rising edge-triggered cell FDCE clocked by clk_i  {rise@0.000ns fall@10.000ns period=20.000ns})
  Destination:            u_sys_monitor/u_u2r_cmd_convert/U0/inst_fifo_gen/gconvfifo.rf/grf.rf/gntv_or_sync_fifo.mem/gdm.dm_gen.dm/RAM_reg_0_15_0_5/RAMB_D1/WADR0
                            (rising edge-triggered cell RAMD32 clocked by clk_i  {rise@0.000ns fall@10.000ns period=20.000ns})
  Path Group:             clk_i
  Path Type:              Hold (Min at Fast Process Corner)
  Requirement:            0.000ns  (clk_i rise@0.000ns - clk_i rise@0.000ns)
  Data Path Delay:        0.392ns  (logic 0.141ns (35.935%)  route 0.251ns (64.065%))
  Logic Levels:           0  
  Clock Path Skew:        0.016ns (DCD - SCD - CPR)
    Destination Clock Delay (DCD):    2.029ns
    Source Clock Delay      (SCD):    1.513ns
    Clock Pessimism Removal (CPR):    0.500ns

    Location             Delay type                Incr(ns)  Path(ns)    Netlist Resource(s)
  -------------------------------------------------------------------    -------------------
                         (clock clk_i rise edge)      0.000     0.000 r  
    U18                                               0.000     0.000 r  clk_i (IN)
                         net (fo=0)                   0.000     0.000    clk_i
    U18                  IBUF (Prop_ibuf_I_O)         0.297     0.297 r  clk_i_IBUF_inst/O
                         net (fo=1, routed)           0.627     0.925    clk_i_IBUF
    BUFGCTRL_X0Y1        BUFG (Prop_bufg_I_O)         0.026     0.951 r  clk_i_IBUF_BUFG_inst/O
                         net (fo=262, routed)         0.563     1.513    u_sys_monitor/u_u2r_cmd_convert/U0/inst_fifo_gen/gconvfifo.rf/grf.rf/gntv_or_sync_fifo.gl0.wr/wpntr/wr_clk
    SLICE_X29Y45         FDCE                                         r  u_sys_monitor/u_u2r_cmd_convert/U0/inst_fifo_gen/gconvfifo.rf/grf.rf/gntv_or_sync_fifo.gl0.wr/wpntr/gic0.gc0.count_d2_reg[0]/C
  -------------------------------------------------------------------    -------------------
    SLICE_X29Y45         FDCE (Prop_fdce_C_Q)         0.141     1.654 r  u_sys_monitor/u_u2r_cmd_convert/U0/inst_fifo_gen/gconvfifo.rf/grf.rf/gntv_or_sync_fifo.gl0.wr/wpntr/gic0.gc0.count_d2_reg[0]/Q
                         net (fo=17, routed)          0.251     1.906    u_sys_monitor/u_u2r_cmd_convert/U0/inst_fifo_gen/gconvfifo.rf/grf.rf/gntv_or_sync_fifo.mem/gdm.dm_gen.dm/RAM_reg_0_15_0_5/ADDRD0
    SLICE_X30Y45         RAMD32                                       r  u_sys_monitor/u_u2r_cmd_convert/U0/inst_fifo_gen/gconvfifo.rf/grf.rf/gntv_or_sync_fifo.mem/gdm.dm_gen.dm/RAM_reg_0_15_0_5/RAMB_D1/WADR0
  -------------------------------------------------------------------    -------------------

                         (clock clk_i rise edge)      0.000     0.000 r  
    U18                                               0.000     0.000 r  clk_i (IN)
                         net (fo=0)                   0.000     0.000    clk_i
    U18                  IBUF (Prop_ibuf_I_O)         0.486     0.486 r  clk_i_IBUF_inst/O
                         net (fo=1, routed)           0.683     1.169    clk_i_IBUF
    BUFGCTRL_X0Y1        BUFG (Prop_bufg_I_O)         0.029     1.198 r  clk_i_IBUF_BUFG_inst/O
                         net (fo=262, routed)         0.831     2.029    u_sys_monitor/u_u2r_cmd_convert/U0/inst_fifo_gen/gconvfifo.rf/grf.rf/gntv_or_sync_fifo.mem/gdm.dm_gen.dm/RAM_reg_0_15_0_5/WCLK
    SLICE_X30Y45         RAMD32                                       r  u_sys_monitor/u_u2r_cmd_convert/U0/inst_fifo_gen/gconvfifo.rf/grf.rf/gntv_or_sync_fifo.mem/gdm.dm_gen.dm/RAM_reg_0_15_0_5/RAMB_D1/CLK
                         clock pessimism             -0.500     1.529    
    SLICE_X30Y45         RAMD32 (Hold_ramd32_CLK_WADR0)
                                                      0.310     1.839    u_sys_monitor/u_u2r_cmd_convert/U0/inst_fifo_gen/gconvfifo.rf/grf.rf/gntv_or_sync_fifo.mem/gdm.dm_gen.dm/RAM_reg_0_15_0_5/RAMB_D1
  -------------------------------------------------------------------
                         required time                         -1.839    
                         arrival time                           1.906    
  -------------------------------------------------------------------
                         slack                                  0.066    

Slack (MET) :             0.066ns  (arrival time - required time)
  Source:                 u_sys_monitor/u_u2r_cmd_convert/U0/inst_fifo_gen/gconvfifo.rf/grf.rf/gntv_or_sync_fifo.gl0.wr/wpntr/gic0.gc0.count_d2_reg[0]/C
                            (rising edge-triggered cell FDCE clocked by clk_i  {rise@0.000ns fall@10.000ns period=20.000ns})
  Destination:            u_sys_monitor/u_u2r_cmd_convert/U0/inst_fifo_gen/gconvfifo.rf/grf.rf/gntv_or_sync_fifo.mem/gdm.dm_gen.dm/RAM_reg_0_15_0_5/RAMC/WADR0
                            (rising edge-triggered cell RAMD32 clocked by clk_i  {rise@0.000ns fall@10.000ns period=20.000ns})
  Path Group:             clk_i
  Path Type:              Hold (Min at Fast Process Corner)
  Requirement:            0.000ns  (clk_i rise@0.000ns - clk_i rise@0.000ns)
  Data Path Delay:        0.392ns  (logic 0.141ns (35.935%)  route 0.251ns (64.065%))
  Logic Levels:           0  
  Clock Path Skew:        0.016ns (DCD - SCD - CPR)
    Destination Clock Delay (DCD):    2.029ns
    Source Clock Delay      (SCD):    1.513ns
    Clock Pessimism Removal (CPR):    0.500ns

    Location             Delay type                Incr(ns)  Path(ns)    Netlist Resource(s)
  -------------------------------------------------------------------    -------------------
                         (clock clk_i rise edge)      0.000     0.000 r  
    U18                                               0.000     0.000 r  clk_i (IN)
                         net (fo=0)                   0.000     0.000    clk_i
    U18                  IBUF (Prop_ibuf_I_O)         0.297     0.297 r  clk_i_IBUF_inst/O
                         net (fo=1, routed)           0.627     0.925    clk_i_IBUF
    BUFGCTRL_X0Y1        BUFG (Prop_bufg_I_O)         0.026     0.951 r  clk_i_IBUF_BUFG_inst/O
                         net (fo=262, routed)         0.563     1.513    u_sys_monitor/u_u2r_cmd_convert/U0/inst_fifo_gen/gconvfifo.rf/grf.rf/gntv_or_sync_fifo.gl0.wr/wpntr/wr_clk
    SLICE_X29Y45         FDCE                                         r  u_sys_monitor/u_u2r_cmd_convert/U0/inst_fifo_gen/gconvfifo.rf/grf.rf/gntv_or_sync_fifo.gl0.wr/wpntr/gic0.gc0.count_d2_reg[0]/C
  -------------------------------------------------------------------    -------------------
    SLICE_X29Y45         FDCE (Prop_fdce_C_Q)         0.141     1.654 r  u_sys_monitor/u_u2r_cmd_convert/U0/inst_fifo_gen/gconvfifo.rf/grf.rf/gntv_or_sync_fifo.gl0.wr/wpntr/gic0.gc0.count_d2_reg[0]/Q
                         net (fo=17, routed)          0.251     1.906    u_sys_monitor/u_u2r_cmd_convert/U0/inst_fifo_gen/gconvfifo.rf/grf.rf/gntv_or_sync_fifo.mem/gdm.dm_gen.dm/RAM_reg_0_15_0_5/ADDRD0
    SLICE_X30Y45         RAMD32                                       r  u_sys_monitor/u_u2r_cmd_convert/U0/inst_fifo_gen/gconvfifo.rf/grf.rf/gntv_or_sync_fifo.mem/gdm.dm_gen.dm/RAM_reg_0_15_0_5/RAMC/WADR0
  -------------------------------------------------------------------    -------------------

                         (clock clk_i rise edge)      0.000     0.000 r  
    U18                                               0.000     0.000 r  clk_i (IN)
                         net (fo=0)                   0.000     0.000    clk_i
    U18                  IBUF (Prop_ibuf_I_O)         0.486     0.486 r  clk_i_IBUF_inst/O
                         net (fo=1, routed)           0.683     1.169    clk_i_IBUF
    BUFGCTRL_X0Y1        BUFG (Prop_bufg_I_O)         0.029     1.198 r  clk_i_IBUF_BUFG_inst/O
                         net (fo=262, routed)         0.831     2.029    u_sys_monitor/u_u2r_cmd_convert/U0/inst_fifo_gen/gconvfifo.rf/grf.rf/gntv_or_sync_fifo.mem/gdm.dm_gen.dm/RAM_reg_0_15_0_5/WCLK
    SLICE_X30Y45         RAMD32                                       r  u_sys_monitor/u_u2r_cmd_convert/U0/inst_fifo_gen/gconvfifo.rf/grf.rf/gntv_or_sync_fifo.mem/gdm.dm_gen.dm/RAM_reg_0_15_0_5/RAMC/CLK
                         clock pessimism             -0.500     1.529    
    SLICE_X30Y45         RAMD32 (Hold_ramd32_CLK_WADR0)
                                                      0.310     1.839    u_sys_monitor/u_u2r_cmd_convert/U0/inst_fifo_gen/gconvfifo.rf/grf.rf/gntv_or_sync_fifo.mem/gdm.dm_gen.dm/RAM_reg_0_15_0_5/RAMC
  -------------------------------------------------------------------
                         required time                         -1.839    
                         arrival time                           1.906    
  -------------------------------------------------------------------
                         slack                                  0.066    

Slack (MET) :             0.066ns  (arrival time - required time)
  Source:                 u_sys_monitor/u_u2r_cmd_convert/U0/inst_fifo_gen/gconvfifo.rf/grf.rf/gntv_or_sync_fifo.gl0.wr/wpntr/gic0.gc0.count_d2_reg[0]/C
                            (rising edge-triggered cell FDCE clocked by clk_i  {rise@0.000ns fall@10.000ns period=20.000ns})
  Destination:            u_sys_monitor/u_u2r_cmd_convert/U0/inst_fifo_gen/gconvfifo.rf/grf.rf/gntv_or_sync_fifo.mem/gdm.dm_gen.dm/RAM_reg_0_15_0_5/RAMC_D1/WADR0
                            (rising edge-triggered cell RAMD32 clocked by clk_i  {rise@0.000ns fall@10.000ns period=20.000ns})
  Path Group:             clk_i
  Path Type:              Hold (Min at Fast Process Corner)
  Requirement:            0.000ns  (clk_i rise@0.000ns - clk_i rise@0.000ns)
  Data Path Delay:        0.392ns  (logic 0.141ns (35.935%)  route 0.251ns (64.065%))
  Logic Levels:           0  
  Clock Path Skew:        0.016ns (DCD - SCD - CPR)
    Destination Clock Delay (DCD):    2.029ns
    Source Clock Delay      (SCD):    1.513ns
    Clock Pessimism Removal (CPR):    0.500ns

    Location             Delay type                Incr(ns)  Path(ns)    Netlist Resource(s)
  -------------------------------------------------------------------    -------------------
                         (clock clk_i rise edge)      0.000     0.000 r  
    U18                                               0.000     0.000 r  clk_i (IN)
                         net (fo=0)                   0.000     0.000    clk_i
    U18                  IBUF (Prop_ibuf_I_O)         0.297     0.297 r  clk_i_IBUF_inst/O
                         net (fo=1, routed)           0.627     0.925    clk_i_IBUF
    BUFGCTRL_X0Y1        BUFG (Prop_bufg_I_O)         0.026     0.951 r  clk_i_IBUF_BUFG_inst/O
                         net (fo=262, routed)         0.563     1.513    u_sys_monitor/u_u2r_cmd_convert/U0/inst_fifo_gen/gconvfifo.rf/grf.rf/gntv_or_sync_fifo.gl0.wr/wpntr/wr_clk
    SLICE_X29Y45         FDCE                                         r  u_sys_monitor/u_u2r_cmd_convert/U0/inst_fifo_gen/gconvfifo.rf/grf.rf/gntv_or_sync_fifo.gl0.wr/wpntr/gic0.gc0.count_d2_reg[0]/C
  -------------------------------------------------------------------    -------------------
    SLICE_X29Y45         FDCE (Prop_fdce_C_Q)         0.141     1.654 r  u_sys_monitor/u_u2r_cmd_convert/U0/inst_fifo_gen/gconvfifo.rf/grf.rf/gntv_or_sync_fifo.gl0.wr/wpntr/gic0.gc0.count_d2_reg[0]/Q
                         net (fo=17, routed)          0.251     1.906    u_sys_monitor/u_u2r_cmd_convert/U0/inst_fifo_gen/gconvfifo.rf/grf.rf/gntv_or_sync_fifo.mem/gdm.dm_gen.dm/RAM_reg_0_15_0_5/ADDRD0
    SLICE_X30Y45         RAMD32                                       r  u_sys_monitor/u_u2r_cmd_convert/U0/inst_fifo_gen/gconvfifo.rf/grf.rf/gntv_or_sync_fifo.mem/gdm.dm_gen.dm/RAM_reg_0_15_0_5/RAMC_D1/WADR0
  -------------------------------------------------------------------    -------------------

                         (clock clk_i rise edge)      0.000     0.000 r  
    U18                                               0.000     0.000 r  clk_i (IN)
                         net (fo=0)                   0.000     0.000    clk_i
    U18                  IBUF (Prop_ibuf_I_O)         0.486     0.486 r  clk_i_IBUF_inst/O
                         net (fo=1, routed)           0.683     1.169    clk_i_IBUF
    BUFGCTRL_X0Y1        BUFG (Prop_bufg_I_O)         0.029     1.198 r  clk_i_IBUF_BUFG_inst/O
                         net (fo=262, routed)         0.831     2.029    u_sys_monitor/u_u2r_cmd_convert/U0/inst_fifo_gen/gconvfifo.rf/grf.rf/gntv_or_sync_fifo.mem/gdm.dm_gen.dm/RAM_reg_0_15_0_5/WCLK
    SLICE_X30Y45         RAMD32                                       r  u_sys_monitor/u_u2r_cmd_convert/U0/inst_fifo_gen/gconvfifo.rf/grf.rf/gntv_or_sync_fifo.mem/gdm.dm_gen.dm/RAM_reg_0_15_0_5/RAMC_D1/CLK
                         clock pessimism             -0.500     1.529    
    SLICE_X30Y45         RAMD32 (Hold_ramd32_CLK_WADR0)
                                                      0.310     1.839    u_sys_monitor/u_u2r_cmd_convert/U0/inst_fifo_gen/gconvfifo.rf/grf.rf/gntv_or_sync_fifo.mem/gdm.dm_gen.dm/RAM_reg_0_15_0_5/RAMC_D1
  -------------------------------------------------------------------
                         required time                         -1.839    
                         arrival time                           1.906    
  -------------------------------------------------------------------
                         slack                                  0.066    

Slack (MET) :             0.066ns  (arrival time - required time)
  Source:                 u_sys_monitor/u_u2r_cmd_convert/U0/inst_fifo_gen/gconvfifo.rf/grf.rf/gntv_or_sync_fifo.gl0.wr/wpntr/gic0.gc0.count_d2_reg[0]/C
                            (rising edge-triggered cell FDCE clocked by clk_i  {rise@0.000ns fall@10.000ns period=20.000ns})
  Destination:            u_sys_monitor/u_u2r_cmd_convert/U0/inst_fifo_gen/gconvfifo.rf/grf.rf/gntv_or_sync_fifo.mem/gdm.dm_gen.dm/RAM_reg_0_15_0_5/RAMD/ADR0
                            (rising edge-triggered cell RAMS32 clocked by clk_i  {rise@0.000ns fall@10.000ns period=20.000ns})
  Path Group:             clk_i
  Path Type:              Hold (Min at Fast Process Corner)
  Requirement:            0.000ns  (clk_i rise@0.000ns - clk_i rise@0.000ns)
  Data Path Delay:        0.392ns  (logic 0.141ns (35.935%)  route 0.251ns (64.065%))
  Logic Levels:           0  
  Clock Path Skew:        0.016ns (DCD - SCD - CPR)
    Destination Clock Delay (DCD):    2.029ns
    Source Clock Delay      (SCD):    1.513ns
    Clock Pessimism Removal (CPR):    0.500ns

    Location             Delay type                Incr(ns)  Path(ns)    Netlist Resource(s)
  -------------------------------------------------------------------    -------------------
                         (clock clk_i rise edge)      0.000     0.000 r  
    U18                                               0.000     0.000 r  clk_i (IN)
                         net (fo=0)                   0.000     0.000    clk_i
    U18                  IBUF (Prop_ibuf_I_O)         0.297     0.297 r  clk_i_IBUF_inst/O
                         net (fo=1, routed)           0.627     0.925    clk_i_IBUF
    BUFGCTRL_X0Y1        BUFG (Prop_bufg_I_O)         0.026     0.951 r  clk_i_IBUF_BUFG_inst/O
                         net (fo=262, routed)         0.563     1.513    u_sys_monitor/u_u2r_cmd_convert/U0/inst_fifo_gen/gconvfifo.rf/grf.rf/gntv_or_sync_fifo.gl0.wr/wpntr/wr_clk
    SLICE_X29Y45         FDCE                                         r  u_sys_monitor/u_u2r_cmd_convert/U0/inst_fifo_gen/gconvfifo.rf/grf.rf/gntv_or_sync_fifo.gl0.wr/wpntr/gic0.gc0.count_d2_reg[0]/C
  -------------------------------------------------------------------    -------------------
    SLICE_X29Y45         FDCE (Prop_fdce_C_Q)         0.141     1.654 r  u_sys_monitor/u_u2r_cmd_convert/U0/inst_fifo_gen/gconvfifo.rf/grf.rf/gntv_or_sync_fifo.gl0.wr/wpntr/gic0.gc0.count_d2_reg[0]/Q
                         net (fo=17, routed)          0.251     1.906    u_sys_monitor/u_u2r_cmd_convert/U0/inst_fifo_gen/gconvfifo.rf/grf.rf/gntv_or_sync_fifo.mem/gdm.dm_gen.dm/RAM_reg_0_15_0_5/ADDRD0
    SLICE_X30Y45         RAMS32                                       r  u_sys_monitor/u_u2r_cmd_convert/U0/inst_fifo_gen/gconvfifo.rf/grf.rf/gntv_or_sync_fifo.mem/gdm.dm_gen.dm/RAM_reg_0_15_0_5/RAMD/ADR0
  -------------------------------------------------------------------    -------------------

                         (clock clk_i rise edge)      0.000     0.000 r  
    U18                                               0.000     0.000 r  clk_i (IN)
                         net (fo=0)                   0.000     0.000    clk_i
    U18                  IBUF (Prop_ibuf_I_O)         0.486     0.486 r  clk_i_IBUF_inst/O
                         net (fo=1, routed)           0.683     1.169    clk_i_IBUF
    BUFGCTRL_X0Y1        BUFG (Prop_bufg_I_O)         0.029     1.198 r  clk_i_IBUF_BUFG_inst/O
                         net (fo=262, routed)         0.831     2.029    u_sys_monitor/u_u2r_cmd_convert/U0/inst_fifo_gen/gconvfifo.rf/grf.rf/gntv_or_sync_fifo.mem/gdm.dm_gen.dm/RAM_reg_0_15_0_5/WCLK
    SLICE_X30Y45         RAMS32                                       r  u_sys_monitor/u_u2r_cmd_convert/U0/inst_fifo_gen/gconvfifo.rf/grf.rf/gntv_or_sync_fifo.mem/gdm.dm_gen.dm/RAM_reg_0_15_0_5/RAMD/CLK
                         clock pessimism             -0.500     1.529    
    SLICE_X30Y45         RAMS32 (Hold_rams32_CLK_ADR0)
                                                      0.310     1.839    u_sys_monitor/u_u2r_cmd_convert/U0/inst_fifo_gen/gconvfifo.rf/grf.rf/gntv_or_sync_fifo.mem/gdm.dm_gen.dm/RAM_reg_0_15_0_5/RAMD
  -------------------------------------------------------------------
                         required time                         -1.839    
                         arrival time                           1.906    
  -------------------------------------------------------------------
                         slack                                  0.066    

Slack (MET) :             0.066ns  (arrival time - required time)
  Source:                 u_sys_monitor/u_u2r_cmd_convert/U0/inst_fifo_gen/gconvfifo.rf/grf.rf/gntv_or_sync_fifo.gl0.wr/wpntr/gic0.gc0.count_d2_reg[0]/C
                            (rising edge-triggered cell FDCE clocked by clk_i  {rise@0.000ns fall@10.000ns period=20.000ns})
  Destination:            u_sys_monitor/u_u2r_cmd_convert/U0/inst_fifo_gen/gconvfifo.rf/grf.rf/gntv_or_sync_fifo.mem/gdm.dm_gen.dm/RAM_reg_0_15_0_5/RAMD_D1/ADR0
                            (rising edge-triggered cell RAMS32 clocked by clk_i  {rise@0.000ns fall@10.000ns period=20.000ns})
  Path Group:             clk_i
  Path Type:              Hold (Min at Fast Process Corner)
  Requirement:            0.000ns  (clk_i rise@0.000ns - clk_i rise@0.000ns)
  Data Path Delay:        0.392ns  (logic 0.141ns (35.935%)  route 0.251ns (64.065%))
  Logic Levels:           0  
  Clock Path Skew:        0.016ns (DCD - SCD - CPR)
    Destination Clock Delay (DCD):    2.029ns
    Source Clock Delay      (SCD):    1.513ns
    Clock Pessimism Removal (CPR):    0.500ns

    Location             Delay type                Incr(ns)  Path(ns)    Netlist Resource(s)
  -------------------------------------------------------------------    -------------------
                         (clock clk_i rise edge)      0.000     0.000 r  
    U18                                               0.000     0.000 r  clk_i (IN)
                         net (fo=0)                   0.000     0.000    clk_i
    U18                  IBUF (Prop_ibuf_I_O)         0.297     0.297 r  clk_i_IBUF_inst/O
                         net (fo=1, routed)           0.627     0.925    clk_i_IBUF
    BUFGCTRL_X0Y1        BUFG (Prop_bufg_I_O)         0.026     0.951 r  clk_i_IBUF_BUFG_inst/O
                         net (fo=262, routed)         0.563     1.513    u_sys_monitor/u_u2r_cmd_convert/U0/inst_fifo_gen/gconvfifo.rf/grf.rf/gntv_or_sync_fifo.gl0.wr/wpntr/wr_clk
    SLICE_X29Y45         FDCE                                         r  u_sys_monitor/u_u2r_cmd_convert/U0/inst_fifo_gen/gconvfifo.rf/grf.rf/gntv_or_sync_fifo.gl0.wr/wpntr/gic0.gc0.count_d2_reg[0]/C
  -------------------------------------------------------------------    -------------------
    SLICE_X29Y45         FDCE (Prop_fdce_C_Q)         0.141     1.654 r  u_sys_monitor/u_u2r_cmd_convert/U0/inst_fifo_gen/gconvfifo.rf/grf.rf/gntv_or_sync_fifo.gl0.wr/wpntr/gic0.gc0.count_d2_reg[0]/Q
                         net (fo=17, routed)          0.251     1.906    u_sys_monitor/u_u2r_cmd_convert/U0/inst_fifo_gen/gconvfifo.rf/grf.rf/gntv_or_sync_fifo.mem/gdm.dm_gen.dm/RAM_reg_0_15_0_5/ADDRD0
    SLICE_X30Y45         RAMS32                                       r  u_sys_monitor/u_u2r_cmd_convert/U0/inst_fifo_gen/gconvfifo.rf/grf.rf/gntv_or_sync_fifo.mem/gdm.dm_gen.dm/RAM_reg_0_15_0_5/RAMD_D1/ADR0
  -------------------------------------------------------------------    -------------------

                         (clock clk_i rise edge)      0.000     0.000 r  
    U18                                               0.000     0.000 r  clk_i (IN)
                         net (fo=0)                   0.000     0.000    clk_i
    U18                  IBUF (Prop_ibuf_I_O)         0.486     0.486 r  clk_i_IBUF_inst/O
                         net (fo=1, routed)           0.683     1.169    clk_i_IBUF
    BUFGCTRL_X0Y1        BUFG (Prop_bufg_I_O)         0.029     1.198 r  clk_i_IBUF_BUFG_inst/O
                         net (fo=262, routed)         0.831     2.029    u_sys_monitor/u_u2r_cmd_convert/U0/inst_fifo_gen/gconvfifo.rf/grf.rf/gntv_or_sync_fifo.mem/gdm.dm_gen.dm/RAM_reg_0_15_0_5/WCLK
    SLICE_X30Y45         RAMS32                                       r  u_sys_monitor/u_u2r_cmd_convert/U0/inst_fifo_gen/gconvfifo.rf/grf.rf/gntv_or_sync_fifo.mem/gdm.dm_gen.dm/RAM_reg_0_15_0_5/RAMD_D1/CLK
                         clock pessimism             -0.500     1.529    
    SLICE_X30Y45         RAMS32 (Hold_rams32_CLK_ADR0)
                                                      0.310     1.839    u_sys_monitor/u_u2r_cmd_convert/U0/inst_fifo_gen/gconvfifo.rf/grf.rf/gntv_or_sync_fifo.mem/gdm.dm_gen.dm/RAM_reg_0_15_0_5/RAMD_D1
  -------------------------------------------------------------------
                         required time                         -1.839    
                         arrival time                           1.906    
  -------------------------------------------------------------------
                         slack                                  0.066    

Slack (MET) :             0.085ns  (arrival time - required time)
  Source:                 u_sys_monitor/u_u2r_cmd_convert/U0/inst_fifo_gen/gconvfifo.rf/grf.rf/gntv_or_sync_fifo.gl0.wr/wpntr/gic0.gc0.count_d2_reg[2]/C
                            (rising edge-triggered cell FDCE clocked by clk_i  {rise@0.000ns fall@10.000ns period=20.000ns})
  Destination:            u_sys_monitor/u_u2r_cmd_convert/U0/inst_fifo_gen/gconvfifo.rf/grf.rf/gntv_or_sync_fifo.mem/gdm.dm_gen.dm/RAM_reg_0_15_6_7/RAMA/WADR2
                            (rising edge-triggered cell RAMD32 clocked by clk_i  {rise@0.000ns fall@10.000ns period=20.000ns})
  Path Group:             clk_i
  Path Type:              Hold (Min at Fast Process Corner)
  Requirement:            0.000ns  (clk_i rise@0.000ns - clk_i rise@0.000ns)
  Data Path Delay:        0.355ns  (logic 0.141ns (39.746%)  route 0.214ns (60.254%))
  Logic Levels:           0  
  Clock Path Skew:        0.016ns (DCD - SCD - CPR)
    Destination Clock Delay (DCD):    2.029ns
    Source Clock Delay      (SCD):    1.513ns
    Clock Pessimism Removal (CPR):    0.500ns

    Location             Delay type                Incr(ns)  Path(ns)    Netlist Resource(s)
  -------------------------------------------------------------------    -------------------
                         (clock clk_i rise edge)      0.000     0.000 r  
    U18                                               0.000     0.000 r  clk_i (IN)
                         net (fo=0)                   0.000     0.000    clk_i
    U18                  IBUF (Prop_ibuf_I_O)         0.297     0.297 r  clk_i_IBUF_inst/O
                         net (fo=1, routed)           0.627     0.925    clk_i_IBUF
    BUFGCTRL_X0Y1        BUFG (Prop_bufg_I_O)         0.026     0.951 r  clk_i_IBUF_BUFG_inst/O
                         net (fo=262, routed)         0.563     1.513    u_sys_monitor/u_u2r_cmd_convert/U0/inst_fifo_gen/gconvfifo.rf/grf.rf/gntv_or_sync_fifo.gl0.wr/wpntr/wr_clk
    SLICE_X29Y45         FDCE                                         r  u_sys_monitor/u_u2r_cmd_convert/U0/inst_fifo_gen/gconvfifo.rf/grf.rf/gntv_or_sync_fifo.gl0.wr/wpntr/gic0.gc0.count_d2_reg[2]/C
  -------------------------------------------------------------------    -------------------
    SLICE_X29Y45         FDCE (Prop_fdce_C_Q)         0.141     1.654 r  u_sys_monitor/u_u2r_cmd_convert/U0/inst_fifo_gen/gconvfifo.rf/grf.rf/gntv_or_sync_fifo.gl0.wr/wpntr/gic0.gc0.count_d2_reg[2]/Q
                         net (fo=18, routed)          0.214     1.868    u_sys_monitor/u_u2r_cmd_convert/U0/inst_fifo_gen/gconvfifo.rf/grf.rf/gntv_or_sync_fifo.mem/gdm.dm_gen.dm/RAM_reg_0_15_6_7/ADDRD2
    SLICE_X30Y44         RAMD32                                       r  u_sys_monitor/u_u2r_cmd_convert/U0/inst_fifo_gen/gconvfifo.rf/grf.rf/gntv_or_sync_fifo.mem/gdm.dm_gen.dm/RAM_reg_0_15_6_7/RAMA/WADR2
  -------------------------------------------------------------------    -------------------

                         (clock clk_i rise edge)      0.000     0.000 r  
    U18                                               0.000     0.000 r  clk_i (IN)
                         net (fo=0)                   0.000     0.000    clk_i
    U18                  IBUF (Prop_ibuf_I_O)         0.486     0.486 r  clk_i_IBUF_inst/O
                         net (fo=1, routed)           0.683     1.169    clk_i_IBUF
    BUFGCTRL_X0Y1        BUFG (Prop_bufg_I_O)         0.029     1.198 r  clk_i_IBUF_BUFG_inst/O
                         net (fo=262, routed)         0.831     2.029    u_sys_monitor/u_u2r_cmd_convert/U0/inst_fifo_gen/gconvfifo.rf/grf.rf/gntv_or_sync_fifo.mem/gdm.dm_gen.dm/RAM_reg_0_15_6_7/WCLK
    SLICE_X30Y44         RAMD32                                       r  u_sys_monitor/u_u2r_cmd_convert/U0/inst_fifo_gen/gconvfifo.rf/grf.rf/gntv_or_sync_fifo.mem/gdm.dm_gen.dm/RAM_reg_0_15_6_7/RAMA/CLK
                         clock pessimism             -0.500     1.529    
    SLICE_X30Y44         RAMD32 (Hold_ramd32_CLK_WADR2)
                                                      0.254     1.783    u_sys_monitor/u_u2r_cmd_convert/U0/inst_fifo_gen/gconvfifo.rf/grf.rf/gntv_or_sync_fifo.mem/gdm.dm_gen.dm/RAM_reg_0_15_6_7/RAMA
  -------------------------------------------------------------------
                         required time                         -1.783    
                         arrival time                           1.868    
  -------------------------------------------------------------------
                         slack                                  0.085    

Slack (MET) :             0.085ns  (arrival time - required time)
  Source:                 u_sys_monitor/u_u2r_cmd_convert/U0/inst_fifo_gen/gconvfifo.rf/grf.rf/gntv_or_sync_fifo.gl0.wr/wpntr/gic0.gc0.count_d2_reg[2]/C
                            (rising edge-triggered cell FDCE clocked by clk_i  {rise@0.000ns fall@10.000ns period=20.000ns})
  Destination:            u_sys_monitor/u_u2r_cmd_convert/U0/inst_fifo_gen/gconvfifo.rf/grf.rf/gntv_or_sync_fifo.mem/gdm.dm_gen.dm/RAM_reg_0_15_6_7/RAMA_D1/WADR2
                            (rising edge-triggered cell RAMD32 clocked by clk_i  {rise@0.000ns fall@10.000ns period=20.000ns})
  Path Group:             clk_i
  Path Type:              Hold (Min at Fast Process Corner)
  Requirement:            0.000ns  (clk_i rise@0.000ns - clk_i rise@0.000ns)
  Data Path Delay:        0.355ns  (logic 0.141ns (39.746%)  route 0.214ns (60.254%))
  Logic Levels:           0  
  Clock Path Skew:        0.016ns (DCD - SCD - CPR)
    Destination Clock Delay (DCD):    2.029ns
    Source Clock Delay      (SCD):    1.513ns
    Clock Pessimism Removal (CPR):    0.500ns

    Location             Delay type                Incr(ns)  Path(ns)    Netlist Resource(s)
  -------------------------------------------------------------------    -------------------
                         (clock clk_i rise edge)      0.000     0.000 r  
    U18                                               0.000     0.000 r  clk_i (IN)
                         net (fo=0)                   0.000     0.000    clk_i
    U18                  IBUF (Prop_ibuf_I_O)         0.297     0.297 r  clk_i_IBUF_inst/O
                         net (fo=1, routed)           0.627     0.925    clk_i_IBUF
    BUFGCTRL_X0Y1        BUFG (Prop_bufg_I_O)         0.026     0.951 r  clk_i_IBUF_BUFG_inst/O
                         net (fo=262, routed)         0.563     1.513    u_sys_monitor/u_u2r_cmd_convert/U0/inst_fifo_gen/gconvfifo.rf/grf.rf/gntv_or_sync_fifo.gl0.wr/wpntr/wr_clk
    SLICE_X29Y45         FDCE                                         r  u_sys_monitor/u_u2r_cmd_convert/U0/inst_fifo_gen/gconvfifo.rf/grf.rf/gntv_or_sync_fifo.gl0.wr/wpntr/gic0.gc0.count_d2_reg[2]/C
  -------------------------------------------------------------------    -------------------
    SLICE_X29Y45         FDCE (Prop_fdce_C_Q)         0.141     1.654 r  u_sys_monitor/u_u2r_cmd_convert/U0/inst_fifo_gen/gconvfifo.rf/grf.rf/gntv_or_sync_fifo.gl0.wr/wpntr/gic0.gc0.count_d2_reg[2]/Q
                         net (fo=18, routed)          0.214     1.868    u_sys_monitor/u_u2r_cmd_convert/U0/inst_fifo_gen/gconvfifo.rf/grf.rf/gntv_or_sync_fifo.mem/gdm.dm_gen.dm/RAM_reg_0_15_6_7/ADDRD2
    SLICE_X30Y44         RAMD32                                       r  u_sys_monitor/u_u2r_cmd_convert/U0/inst_fifo_gen/gconvfifo.rf/grf.rf/gntv_or_sync_fifo.mem/gdm.dm_gen.dm/RAM_reg_0_15_6_7/RAMA_D1/WADR2
  -------------------------------------------------------------------    -------------------

                         (clock clk_i rise edge)      0.000     0.000 r  
    U18                                               0.000     0.000 r  clk_i (IN)
                         net (fo=0)                   0.000     0.000    clk_i
    U18                  IBUF (Prop_ibuf_I_O)         0.486     0.486 r  clk_i_IBUF_inst/O
                         net (fo=1, routed)           0.683     1.169    clk_i_IBUF
    BUFGCTRL_X0Y1        BUFG (Prop_bufg_I_O)         0.029     1.198 r  clk_i_IBUF_BUFG_inst/O
                         net (fo=262, routed)         0.831     2.029    u_sys_monitor/u_u2r_cmd_convert/U0/inst_fifo_gen/gconvfifo.rf/grf.rf/gntv_or_sync_fifo.mem/gdm.dm_gen.dm/RAM_reg_0_15_6_7/WCLK
    SLICE_X30Y44         RAMD32                                       r  u_sys_monitor/u_u2r_cmd_convert/U0/inst_fifo_gen/gconvfifo.rf/grf.rf/gntv_or_sync_fifo.mem/gdm.dm_gen.dm/RAM_reg_0_15_6_7/RAMA_D1/CLK
                         clock pessimism             -0.500     1.529    
    SLICE_X30Y44         RAMD32 (Hold_ramd32_CLK_WADR2)
                                                      0.254     1.783    u_sys_monitor/u_u2r_cmd_convert/U0/inst_fifo_gen/gconvfifo.rf/grf.rf/gntv_or_sync_fifo.mem/gdm.dm_gen.dm/RAM_reg_0_15_6_7/RAMA_D1
  -------------------------------------------------------------------
                         required time                         -1.783    
                         arrival time                           1.868    
  -------------------------------------------------------------------
                         slack                                  0.085    





Pulse Width Checks
--------------------------------------------------------------------------------------
Clock Name:         clk_i
Waveform(ns):       { 0.000 10.000 }
Period(ns):         20.000
Sources:            { clk_i }

Check Type        Corner  Lib Pin             Reference Pin  Required(ns)  Actual(ns)  Slack(ns)  Location       Pin
Min Period        n/a     RAMB36E1/CLKARDCLK  n/a            2.576         20.000      17.424     RAMB36_X1Y7    u_sys_monitor/u_run_2_uart_clock/U0/inst_fifo_gen/gconvfifo.rf/grf.rf/gntv_or_sync_fifo.mem/gbm.gbmg.gbmga.ngecc.bmg/inst_blk_mem_gen/gnbram.gnativebmg.native_blk_mem_gen/valid.cstr/ramloop[0].ram.r/prim_noinit.ram/DEVICE_7SERIES.NO_BMM_INFO.SDP.WIDE_PRIM36_NO_ECC.ram/CLKARDCLK
Min Period        n/a     BUFG/I              n/a            2.155         20.000      17.845     BUFGCTRL_X0Y1  clk_i_IBUF_BUFG_inst/I
Min Period        n/a     FDCE/C              n/a            1.000         20.000      19.000     SLICE_X38Y38   u_clk_div/clk_run_reg/C
Min Period        n/a     FDCE/C              n/a            1.000         20.000      19.000     SLICE_X38Y37   u_clk_div/count_reg[0]/C
Min Period        n/a     FDCE/C              n/a            1.000         20.000      19.000     SLICE_X40Y38   u_clk_div/count_reg[1]/C
Min Period        n/a     FDCE/C              n/a            1.000         20.000      19.000     SLICE_X39Y38   u_clk_div/count_reg[2]/C
Min Period        n/a     FDPE/C              n/a            1.000         20.000      19.000     SLICE_X30Y17   u_sys_monitor/u_run_2_uart_clock/U0/inst_fifo_gen/gconvfifo.rf/grf.rf/rstblk/ngwrdrst.grst.g7serrst.gnsckt_wrst.gic_rst.rst_rd_reg2_inst/arststages_ff_reg[0]/C
Min Period        n/a     FDPE/C              n/a            1.000         20.000      19.000     SLICE_X30Y17   u_sys_monitor/u_run_2_uart_clock/U0/inst_fifo_gen/gconvfifo.rf/grf.rf/rstblk/ngwrdrst.grst.g7serrst.gnsckt_wrst.gic_rst.rst_rd_reg2_inst/arststages_ff_reg[1]/C
Min Period        n/a     FDPE/C              n/a            1.000         20.000      19.000     SLICE_X29Y18   u_sys_monitor/u_run_2_uart_clock/U0/inst_fifo_gen/gconvfifo.rf/grf.rf/rstblk/ngwrdrst.grst.g7serrst.gnsckt_wrst.gic_rst.sckt_rd_rst_ic_reg/C
Min Period        n/a     FDCE/C              n/a            1.000         20.000      19.000     SLICE_X29Y18   u_sys_monitor/u_run_2_uart_clock/U0/inst_fifo_gen/gconvfifo.rf/grf.rf/rstblk/ngwrdrst.grst.g7serrst.gnsckt_wrst.gic_rst.wr_rst_rd_ext_reg[0]/C
Low Pulse Width   Fast    RAMD32/CLK          n/a            1.250         10.000      8.750      SLICE_X30Y45   u_sys_monitor/u_u2r_cmd_convert/U0/inst_fifo_gen/gconvfifo.rf/grf.rf/gntv_or_sync_fifo.mem/gdm.dm_gen.dm/RAM_reg_0_15_0_5/RAMA/CLK
Low Pulse Width   Fast    RAMD32/CLK          n/a            1.250         10.000      8.750      SLICE_X30Y45   u_sys_monitor/u_u2r_cmd_convert/U0/inst_fifo_gen/gconvfifo.rf/grf.rf/gntv_or_sync_fifo.mem/gdm.dm_gen.dm/RAM_reg_0_15_0_5/RAMA_D1/CLK
Low Pulse Width   Fast    RAMD32/CLK          n/a            1.250         10.000      8.750      SLICE_X30Y45   u_sys_monitor/u_u2r_cmd_convert/U0/inst_fifo_gen/gconvfifo.rf/grf.rf/gntv_or_sync_fifo.mem/gdm.dm_gen.dm/RAM_reg_0_15_0_5/RAMB/CLK
Low Pulse Width   Fast    RAMD32/CLK          n/a            1.250         10.000      8.750      SLICE_X30Y45   u_sys_monitor/u_u2r_cmd_convert/U0/inst_fifo_gen/gconvfifo.rf/grf.rf/gntv_or_sync_fifo.mem/gdm.dm_gen.dm/RAM_reg_0_15_0_5/RAMB_D1/CLK
Low Pulse Width   Fast    RAMD32/CLK          n/a            1.250         10.000      8.750      SLICE_X30Y45   u_sys_monitor/u_u2r_cmd_convert/U0/inst_fifo_gen/gconvfifo.rf/grf.rf/gntv_or_sync_fifo.mem/gdm.dm_gen.dm/RAM_reg_0_15_0_5/RAMC/CLK
Low Pulse Width   Fast    RAMD32/CLK          n/a            1.250         10.000      8.750      SLICE_X30Y45   u_sys_monitor/u_u2r_cmd_convert/U0/inst_fifo_gen/gconvfifo.rf/grf.rf/gntv_or_sync_fifo.mem/gdm.dm_gen.dm/RAM_reg_0_15_0_5/RAMC_D1/CLK
Low Pulse Width   Fast    RAMS32/CLK          n/a            1.250         10.000      8.750      SLICE_X30Y45   u_sys_monitor/u_u2r_cmd_convert/U0/inst_fifo_gen/gconvfifo.rf/grf.rf/gntv_or_sync_fifo.mem/gdm.dm_gen.dm/RAM_reg_0_15_0_5/RAMD/CLK
Low Pulse Width   Fast    RAMS32/CLK          n/a            1.250         10.000      8.750      SLICE_X30Y45   u_sys_monitor/u_u2r_cmd_convert/U0/inst_fifo_gen/gconvfifo.rf/grf.rf/gntv_or_sync_fifo.mem/gdm.dm_gen.dm/RAM_reg_0_15_0_5/RAMD_D1/CLK
Low Pulse Width   Fast    RAMD32/CLK          n/a            1.250         10.000      8.750      SLICE_X30Y44   u_sys_monitor/u_u2r_cmd_convert/U0/inst_fifo_gen/gconvfifo.rf/grf.rf/gntv_or_sync_fifo.mem/gdm.dm_gen.dm/RAM_reg_0_15_6_7/RAMA/CLK
Low Pulse Width   Fast    RAMD32/CLK          n/a            1.250         10.000      8.750      SLICE_X30Y44   u_sys_monitor/u_u2r_cmd_convert/U0/inst_fifo_gen/gconvfifo.rf/grf.rf/gntv_or_sync_fifo.mem/gdm.dm_gen.dm/RAM_reg_0_15_6_7/RAMA_D1/CLK
High Pulse Width  Slow    RAMD32/CLK          n/a            1.250         10.000      8.750      SLICE_X30Y45   u_sys_monitor/u_u2r_cmd_convert/U0/inst_fifo_gen/gconvfifo.rf/grf.rf/gntv_or_sync_fifo.mem/gdm.dm_gen.dm/RAM_reg_0_15_0_5/RAMA/CLK
High Pulse Width  Slow    RAMD32/CLK          n/a            1.250         10.000      8.750      SLICE_X30Y45   u_sys_monitor/u_u2r_cmd_convert/U0/inst_fifo_gen/gconvfifo.rf/grf.rf/gntv_or_sync_fifo.mem/gdm.dm_gen.dm/RAM_reg_0_15_0_5/RAMA_D1/CLK
High Pulse Width  Slow    RAMD32/CLK          n/a            1.250         10.000      8.750      SLICE_X30Y45   u_sys_monitor/u_u2r_cmd_convert/U0/inst_fifo_gen/gconvfifo.rf/grf.rf/gntv_or_sync_fifo.mem/gdm.dm_gen.dm/RAM_reg_0_15_0_5/RAMB/CLK
High Pulse Width  Slow    RAMD32/CLK          n/a            1.250         10.000      8.750      SLICE_X30Y45   u_sys_monitor/u_u2r_cmd_convert/U0/inst_fifo_gen/gconvfifo.rf/grf.rf/gntv_or_sync_fifo.mem/gdm.dm_gen.dm/RAM_reg_0_15_0_5/RAMB_D1/CLK
High Pulse Width  Slow    RAMD32/CLK          n/a            1.250         10.000      8.750      SLICE_X30Y45   u_sys_monitor/u_u2r_cmd_convert/U0/inst_fifo_gen/gconvfifo.rf/grf.rf/gntv_or_sync_fifo.mem/gdm.dm_gen.dm/RAM_reg_0_15_0_5/RAMC/CLK
High Pulse Width  Slow    RAMD32/CLK          n/a            1.250         10.000      8.750      SLICE_X30Y45   u_sys_monitor/u_u2r_cmd_convert/U0/inst_fifo_gen/gconvfifo.rf/grf.rf/gntv_or_sync_fifo.mem/gdm.dm_gen.dm/RAM_reg_0_15_0_5/RAMC_D1/CLK
High Pulse Width  Slow    RAMS32/CLK          n/a            1.250         10.000      8.750      SLICE_X30Y45   u_sys_monitor/u_u2r_cmd_convert/U0/inst_fifo_gen/gconvfifo.rf/grf.rf/gntv_or_sync_fifo.mem/gdm.dm_gen.dm/RAM_reg_0_15_0_5/RAMD/CLK
High Pulse Width  Slow    RAMS32/CLK          n/a            1.250         10.000      8.750      SLICE_X30Y45   u_sys_monitor/u_u2r_cmd_convert/U0/inst_fifo_gen/gconvfifo.rf/grf.rf/gntv_or_sync_fifo.mem/gdm.dm_gen.dm/RAM_reg_0_15_0_5/RAMD_D1/CLK
High Pulse Width  Slow    RAMD32/CLK          n/a            1.250         10.000      8.750      SLICE_X30Y44   u_sys_monitor/u_u2r_cmd_convert/U0/inst_fifo_gen/gconvfifo.rf/grf.rf/gntv_or_sync_fifo.mem/gdm.dm_gen.dm/RAM_reg_0_15_6_7/RAMA/CLK
High Pulse Width  Slow    RAMD32/CLK          n/a            1.250         10.000      8.750      SLICE_X30Y44   u_sys_monitor/u_u2r_cmd_convert/U0/inst_fifo_gen/gconvfifo.rf/grf.rf/gntv_or_sync_fifo.mem/gdm.dm_gen.dm/RAM_reg_0_15_6_7/RAMA_D1/CLK



---------------------------------------------------------------------------------------------------
From Clock:  
  To Clock:  clk_i

Setup :            0  Failing Endpoints,  Worst Slack      998.735ns,  Total Violation        0.000ns
Hold  :           NA  Failing Endpoints,  Worst Slack           NA  ,  Total Violation           NA
---------------------------------------------------------------------------------------------------


Max Delay Paths
--------------------------------------------------------------------------------------
Slack (MET) :             998.735ns  (required time - arrival time)
  Source:                 u_sys_monitor/u_run_2_uart_clock/U0/inst_fifo_gen/gconvfifo.rf/grf.rf/gntv_or_sync_fifo.gcx.clkx/wr_pntr_cdc_inst/src_gray_ff_reg[3]/C
                            (rising edge-triggered cell FDRE)
  Destination:            u_sys_monitor/u_run_2_uart_clock/U0/inst_fifo_gen/gconvfifo.rf/grf.rf/gntv_or_sync_fifo.gcx.clkx/wr_pntr_cdc_inst/dest_graysync_ff_reg[0][3]/D
                            (rising edge-triggered cell FDRE clocked by clk_i  {rise@0.000ns fall@10.000ns period=20.000ns})
  Path Group:             clk_i
  Path Type:              Setup (Max at Slow Process Corner)
  Requirement:            1000.000ns  (MaxDelay Path 1000.000ns)
  Data Path Delay:        1.000ns  (logic 0.419ns (41.917%)  route 0.581ns (58.083%))
  Logic Levels:           1  (FDRE=1)
  Timing Exception:       MaxDelay Path 1000.000ns -datapath_only

    Location             Delay type                Incr(ns)  Path(ns)    Netlist Resource(s)
  -------------------------------------------------------------------    -------------------
    SLICE_X26Y30         FDRE                         0.000     0.000 r  u_sys_monitor/u_run_2_uart_clock/U0/inst_fifo_gen/gconvfifo.rf/grf.rf/gntv_or_sync_fifo.gcx.clkx/wr_pntr_cdc_inst/src_gray_ff_reg[3]/C
    SLICE_X26Y30         FDRE (Prop_fdre_C_Q)         0.419     0.419 r  u_sys_monitor/u_run_2_uart_clock/U0/inst_fifo_gen/gconvfifo.rf/grf.rf/gntv_or_sync_fifo.gcx.clkx/wr_pntr_cdc_inst/src_gray_ff_reg[3]/Q
                         net (fo=1, routed)           0.581     1.000    u_sys_monitor/u_run_2_uart_clock/U0/inst_fifo_gen/gconvfifo.rf/grf.rf/gntv_or_sync_fifo.gcx.clkx/wr_pntr_cdc_inst/async_path[3]
    SLICE_X27Y30         FDRE                                         r  u_sys_monitor/u_run_2_uart_clock/U0/inst_fifo_gen/gconvfifo.rf/grf.rf/gntv_or_sync_fifo.gcx.clkx/wr_pntr_cdc_inst/dest_graysync_ff_reg[0][3]/D
  -------------------------------------------------------------------    -------------------

                         max delay                 1000.000  1000.000    
    SLICE_X27Y30         FDRE (Setup_fdre_C_D)       -0.265   999.735    u_sys_monitor/u_run_2_uart_clock/U0/inst_fifo_gen/gconvfifo.rf/grf.rf/gntv_or_sync_fifo.gcx.clkx/wr_pntr_cdc_inst/dest_graysync_ff_reg[0][3]
  -------------------------------------------------------------------
                         required time                        999.735    
                         arrival time                          -1.000    
  -------------------------------------------------------------------
                         slack                                998.735    

Slack (MET) :             998.794ns  (required time - arrival time)
  Source:                 u_sys_monitor/u_run_2_uart_clock/U0/inst_fifo_gen/gconvfifo.rf/grf.rf/gntv_or_sync_fifo.gcx.clkx/wr_pntr_cdc_inst/src_gray_ff_reg[5]/C
                            (rising edge-triggered cell FDRE)
  Destination:            u_sys_monitor/u_run_2_uart_clock/U0/inst_fifo_gen/gconvfifo.rf/grf.rf/gntv_or_sync_fifo.gcx.clkx/wr_pntr_cdc_inst/dest_graysync_ff_reg[0][5]/D
                            (rising edge-triggered cell FDRE clocked by clk_i  {rise@0.000ns fall@10.000ns period=20.000ns})
  Path Group:             clk_i
  Path Type:              Setup (Max at Slow Process Corner)
  Requirement:            1000.000ns  (MaxDelay Path 1000.000ns)
  Data Path Delay:        0.938ns  (logic 0.419ns (44.677%)  route 0.519ns (55.323%))
  Logic Levels:           1  (FDRE=1)
  Timing Exception:       MaxDelay Path 1000.000ns -datapath_only

    Location             Delay type                Incr(ns)  Path(ns)    Netlist Resource(s)
  -------------------------------------------------------------------    -------------------
    SLICE_X26Y30         FDRE                         0.000     0.000 r  u_sys_monitor/u_run_2_uart_clock/U0/inst_fifo_gen/gconvfifo.rf/grf.rf/gntv_or_sync_fifo.gcx.clkx/wr_pntr_cdc_inst/src_gray_ff_reg[5]/C
    SLICE_X26Y30         FDRE (Prop_fdre_C_Q)         0.419     0.419 r  u_sys_monitor/u_run_2_uart_clock/U0/inst_fifo_gen/gconvfifo.rf/grf.rf/gntv_or_sync_fifo.gcx.clkx/wr_pntr_cdc_inst/src_gray_ff_reg[5]/Q
                         net (fo=1, routed)           0.519     0.938    u_sys_monitor/u_run_2_uart_clock/U0/inst_fifo_gen/gconvfifo.rf/grf.rf/gntv_or_sync_fifo.gcx.clkx/wr_pntr_cdc_inst/async_path[5]
    SLICE_X25Y30         FDRE                                         r  u_sys_monitor/u_run_2_uart_clock/U0/inst_fifo_gen/gconvfifo.rf/grf.rf/gntv_or_sync_fifo.gcx.clkx/wr_pntr_cdc_inst/dest_graysync_ff_reg[0][5]/D
  -------------------------------------------------------------------    -------------------

                         max delay                 1000.000  1000.000    
    SLICE_X25Y30         FDRE (Setup_fdre_C_D)       -0.268   999.732    u_sys_monitor/u_run_2_uart_clock/U0/inst_fifo_gen/gconvfifo.rf/grf.rf/gntv_or_sync_fifo.gcx.clkx/wr_pntr_cdc_inst/dest_graysync_ff_reg[0][5]
  -------------------------------------------------------------------
                         required time                        999.732    
                         arrival time                          -0.938    
  -------------------------------------------------------------------
                         slack                                998.794    

Slack (MET) :             998.803ns  (required time - arrival time)
  Source:                 u_sys_monitor/u_u2r_cmd_convert/U0/inst_fifo_gen/gconvfifo.rf/grf.rf/gntv_or_sync_fifo.gcx.clkx/rd_pntr_cdc_inst/src_gray_ff_reg[3]/C
                            (rising edge-triggered cell FDRE)
  Destination:            u_sys_monitor/u_u2r_cmd_convert/U0/inst_fifo_gen/gconvfifo.rf/grf.rf/gntv_or_sync_fifo.gcx.clkx/rd_pntr_cdc_inst/dest_graysync_ff_reg[0][3]/D
                            (rising edge-triggered cell FDRE clocked by clk_i  {rise@0.000ns fall@10.000ns period=20.000ns})
  Path Group:             clk_i
  Path Type:              Setup (Max at Slow Process Corner)
  Requirement:            1000.000ns  (MaxDelay Path 1000.000ns)
  Data Path Delay:        0.933ns  (logic 0.478ns (51.245%)  route 0.455ns (48.755%))
  Logic Levels:           1  (FDRE=1)
  Timing Exception:       MaxDelay Path 1000.000ns -datapath_only

    Location             Delay type                Incr(ns)  Path(ns)    Netlist Resource(s)
  -------------------------------------------------------------------    -------------------
    SLICE_X30Y46         FDRE                         0.000     0.000 r  u_sys_monitor/u_u2r_cmd_convert/U0/inst_fifo_gen/gconvfifo.rf/grf.rf/gntv_or_sync_fifo.gcx.clkx/rd_pntr_cdc_inst/src_gray_ff_reg[3]/C
    SLICE_X30Y46         FDRE (Prop_fdre_C_Q)         0.478     0.478 r  u_sys_monitor/u_u2r_cmd_convert/U0/inst_fifo_gen/gconvfifo.rf/grf.rf/gntv_or_sync_fifo.gcx.clkx/rd_pntr_cdc_inst/src_gray_ff_reg[3]/Q
                         net (fo=1, routed)           0.455     0.933    u_sys_monitor/u_u2r_cmd_convert/U0/inst_fifo_gen/gconvfifo.rf/grf.rf/gntv_or_sync_fifo.gcx.clkx/rd_pntr_cdc_inst/async_path[3]
    SLICE_X29Y46         FDRE                                         r  u_sys_monitor/u_u2r_cmd_convert/U0/inst_fifo_gen/gconvfifo.rf/grf.rf/gntv_or_sync_fifo.gcx.clkx/rd_pntr_cdc_inst/dest_graysync_ff_reg[0][3]/D
  -------------------------------------------------------------------    -------------------

                         max delay                 1000.000  1000.000    
    SLICE_X29Y46         FDRE (Setup_fdre_C_D)       -0.264   999.736    u_sys_monitor/u_u2r_cmd_convert/U0/inst_fifo_gen/gconvfifo.rf/grf.rf/gntv_or_sync_fifo.gcx.clkx/rd_pntr_cdc_inst/dest_graysync_ff_reg[0][3]
  -------------------------------------------------------------------
                         required time                        999.736    
                         arrival time                          -0.933    
  -------------------------------------------------------------------
                         slack                                998.803    

Slack (MET) :             998.878ns  (required time - arrival time)
  Source:                 u_sys_monitor/u_run_2_uart_clock/U0/inst_fifo_gen/gconvfifo.rf/grf.rf/gntv_or_sync_fifo.gcx.clkx/wr_pntr_cdc_inst/src_gray_ff_reg[0]/C
                            (rising edge-triggered cell FDRE)
  Destination:            u_sys_monitor/u_run_2_uart_clock/U0/inst_fifo_gen/gconvfifo.rf/grf.rf/gntv_or_sync_fifo.gcx.clkx/wr_pntr_cdc_inst/dest_graysync_ff_reg[0][0]/D
                            (rising edge-triggered cell FDRE clocked by clk_i  {rise@0.000ns fall@10.000ns period=20.000ns})
  Path Group:             clk_i
  Path Type:              Setup (Max at Slow Process Corner)
  Requirement:            1000.000ns  (MaxDelay Path 1000.000ns)
  Data Path Delay:        1.027ns  (logic 0.456ns (44.401%)  route 0.571ns (55.599%))
  Logic Levels:           1  (FDRE=1)
  Timing Exception:       MaxDelay Path 1000.000ns -datapath_only

    Location             Delay type                Incr(ns)  Path(ns)    Netlist Resource(s)
  -------------------------------------------------------------------    -------------------
    SLICE_X26Y30         FDRE                         0.000     0.000 r  u_sys_monitor/u_run_2_uart_clock/U0/inst_fifo_gen/gconvfifo.rf/grf.rf/gntv_or_sync_fifo.gcx.clkx/wr_pntr_cdc_inst/src_gray_ff_reg[0]/C
    SLICE_X26Y30         FDRE (Prop_fdre_C_Q)         0.456     0.456 r  u_sys_monitor/u_run_2_uart_clock/U0/inst_fifo_gen/gconvfifo.rf/grf.rf/gntv_or_sync_fifo.gcx.clkx/wr_pntr_cdc_inst/src_gray_ff_reg[0]/Q
                         net (fo=1, routed)           0.571     1.027    u_sys_monitor/u_run_2_uart_clock/U0/inst_fifo_gen/gconvfifo.rf/grf.rf/gntv_or_sync_fifo.gcx.clkx/wr_pntr_cdc_inst/async_path[0]
    SLICE_X27Y30         FDRE                                         r  u_sys_monitor/u_run_2_uart_clock/U0/inst_fifo_gen/gconvfifo.rf/grf.rf/gntv_or_sync_fifo.gcx.clkx/wr_pntr_cdc_inst/dest_graysync_ff_reg[0][0]/D
  -------------------------------------------------------------------    -------------------

                         max delay                 1000.000  1000.000    
    SLICE_X27Y30         FDRE (Setup_fdre_C_D)       -0.095   999.905    u_sys_monitor/u_run_2_uart_clock/U0/inst_fifo_gen/gconvfifo.rf/grf.rf/gntv_or_sync_fifo.gcx.clkx/wr_pntr_cdc_inst/dest_graysync_ff_reg[0][0]
  -------------------------------------------------------------------
                         required time                        999.905    
                         arrival time                          -1.027    
  -------------------------------------------------------------------
                         slack                                998.878    

Slack (MET) :             998.896ns  (required time - arrival time)
  Source:                 u_sys_monitor/u_u2r_cmd_convert/U0/inst_fifo_gen/gconvfifo.rf/grf.rf/gntv_or_sync_fifo.gcx.clkx/rd_pntr_cdc_inst/src_gray_ff_reg[2]/C
                            (rising edge-triggered cell FDRE)
  Destination:            u_sys_monitor/u_u2r_cmd_convert/U0/inst_fifo_gen/gconvfifo.rf/grf.rf/gntv_or_sync_fifo.gcx.clkx/rd_pntr_cdc_inst/dest_graysync_ff_reg[0][2]/D
                            (rising edge-triggered cell FDRE clocked by clk_i  {rise@0.000ns fall@10.000ns period=20.000ns})
  Path Group:             clk_i
  Path Type:              Setup (Max at Slow Process Corner)
  Requirement:            1000.000ns  (MaxDelay Path 1000.000ns)
  Data Path Delay:        1.009ns  (logic 0.518ns (51.352%)  route 0.491ns (48.648%))
  Logic Levels:           1  (FDRE=1)
  Timing Exception:       MaxDelay Path 1000.000ns -datapath_only

    Location             Delay type                Incr(ns)  Path(ns)    Netlist Resource(s)
  -------------------------------------------------------------------    -------------------
    SLICE_X30Y46         FDRE                         0.000     0.000 r  u_sys_monitor/u_u2r_cmd_convert/U0/inst_fifo_gen/gconvfifo.rf/grf.rf/gntv_or_sync_fifo.gcx.clkx/rd_pntr_cdc_inst/src_gray_ff_reg[2]/C
    SLICE_X30Y46         FDRE (Prop_fdre_C_Q)         0.518     0.518 r  u_sys_monitor/u_u2r_cmd_convert/U0/inst_fifo_gen/gconvfifo.rf/grf.rf/gntv_or_sync_fifo.gcx.clkx/rd_pntr_cdc_inst/src_gray_ff_reg[2]/Q
                         net (fo=1, routed)           0.491     1.009    u_sys_monitor/u_u2r_cmd_convert/U0/inst_fifo_gen/gconvfifo.rf/grf.rf/gntv_or_sync_fifo.gcx.clkx/rd_pntr_cdc_inst/async_path[2]
    SLICE_X29Y46         FDRE                                         r  u_sys_monitor/u_u2r_cmd_convert/U0/inst_fifo_gen/gconvfifo.rf/grf.rf/gntv_or_sync_fifo.gcx.clkx/rd_pntr_cdc_inst/dest_graysync_ff_reg[0][2]/D
  -------------------------------------------------------------------    -------------------

                         max delay                 1000.000  1000.000    
    SLICE_X29Y46         FDRE (Setup_fdre_C_D)       -0.095   999.905    u_sys_monitor/u_u2r_cmd_convert/U0/inst_fifo_gen/gconvfifo.rf/grf.rf/gntv_or_sync_fifo.gcx.clkx/rd_pntr_cdc_inst/dest_graysync_ff_reg[0][2]
  -------------------------------------------------------------------
                         required time                        999.905    
                         arrival time                          -1.009    
  -------------------------------------------------------------------
                         slack                                998.896    

Slack (MET) :             998.921ns  (required time - arrival time)
  Source:                 u_sys_monitor/u_run_2_uart_clock/U0/inst_fifo_gen/gconvfifo.rf/grf.rf/gntv_or_sync_fifo.gcx.clkx/wr_pntr_cdc_inst/src_gray_ff_reg[2]/C
                            (rising edge-triggered cell FDRE)
  Destination:            u_sys_monitor/u_run_2_uart_clock/U0/inst_fifo_gen/gconvfifo.rf/grf.rf/gntv_or_sync_fifo.gcx.clkx/wr_pntr_cdc_inst/dest_graysync_ff_reg[0][2]/D
                            (rising edge-triggered cell FDRE clocked by clk_i  {rise@0.000ns fall@10.000ns period=20.000ns})
  Path Group:             clk_i
  Path Type:              Setup (Max at Slow Process Corner)
  Requirement:            1000.000ns  (MaxDelay Path 1000.000ns)
  Data Path Delay:        0.986ns  (logic 0.456ns (46.224%)  route 0.530ns (53.776%))
  Logic Levels:           1  (FDRE=1)
  Timing Exception:       MaxDelay Path 1000.000ns -datapath_only

    Location             Delay type                Incr(ns)  Path(ns)    Netlist Resource(s)
  -------------------------------------------------------------------    -------------------
    SLICE_X26Y30         FDRE                         0.000     0.000 r  u_sys_monitor/u_run_2_uart_clock/U0/inst_fifo_gen/gconvfifo.rf/grf.rf/gntv_or_sync_fifo.gcx.clkx/wr_pntr_cdc_inst/src_gray_ff_reg[2]/C
    SLICE_X26Y30         FDRE (Prop_fdre_C_Q)         0.456     0.456 r  u_sys_monitor/u_run_2_uart_clock/U0/inst_fifo_gen/gconvfifo.rf/grf.rf/gntv_or_sync_fifo.gcx.clkx/wr_pntr_cdc_inst/src_gray_ff_reg[2]/Q
                         net (fo=1, routed)           0.530     0.986    u_sys_monitor/u_run_2_uart_clock/U0/inst_fifo_gen/gconvfifo.rf/grf.rf/gntv_or_sync_fifo.gcx.clkx/wr_pntr_cdc_inst/async_path[2]
    SLICE_X27Y30         FDRE                                         r  u_sys_monitor/u_run_2_uart_clock/U0/inst_fifo_gen/gconvfifo.rf/grf.rf/gntv_or_sync_fifo.gcx.clkx/wr_pntr_cdc_inst/dest_graysync_ff_reg[0][2]/D
  -------------------------------------------------------------------    -------------------

                         max delay                 1000.000  1000.000    
    SLICE_X27Y30         FDRE (Setup_fdre_C_D)       -0.093   999.907    u_sys_monitor/u_run_2_uart_clock/U0/inst_fifo_gen/gconvfifo.rf/grf.rf/gntv_or_sync_fifo.gcx.clkx/wr_pntr_cdc_inst/dest_graysync_ff_reg[0][2]
  -------------------------------------------------------------------
                         required time                        999.907    
                         arrival time                          -0.986    
  -------------------------------------------------------------------
                         slack                                998.921    

Slack (MET) :             998.928ns  (required time - arrival time)
  Source:                 u_sys_monitor/u_run_2_uart_clock/U0/inst_fifo_gen/gconvfifo.rf/grf.rf/gntv_or_sync_fifo.gcx.clkx/wr_pntr_cdc_inst/src_gray_ff_reg[4]/C
                            (rising edge-triggered cell FDRE)
  Destination:            u_sys_monitor/u_run_2_uart_clock/U0/inst_fifo_gen/gconvfifo.rf/grf.rf/gntv_or_sync_fifo.gcx.clkx/wr_pntr_cdc_inst/dest_graysync_ff_reg[0][4]/D
                            (rising edge-triggered cell FDRE clocked by clk_i  {rise@0.000ns fall@10.000ns period=20.000ns})
  Path Group:             clk_i
  Path Type:              Setup (Max at Slow Process Corner)
  Requirement:            1000.000ns  (MaxDelay Path 1000.000ns)
  Data Path Delay:        0.977ns  (logic 0.456ns (46.695%)  route 0.521ns (53.305%))
  Logic Levels:           1  (FDRE=1)
  Timing Exception:       MaxDelay Path 1000.000ns -datapath_only

    Location             Delay type                Incr(ns)  Path(ns)    Netlist Resource(s)
  -------------------------------------------------------------------    -------------------
    SLICE_X26Y30         FDRE                         0.000     0.000 r  u_sys_monitor/u_run_2_uart_clock/U0/inst_fifo_gen/gconvfifo.rf/grf.rf/gntv_or_sync_fifo.gcx.clkx/wr_pntr_cdc_inst/src_gray_ff_reg[4]/C
    SLICE_X26Y30         FDRE (Prop_fdre_C_Q)         0.456     0.456 r  u_sys_monitor/u_run_2_uart_clock/U0/inst_fifo_gen/gconvfifo.rf/grf.rf/gntv_or_sync_fifo.gcx.clkx/wr_pntr_cdc_inst/src_gray_ff_reg[4]/Q
                         net (fo=1, routed)           0.521     0.977    u_sys_monitor/u_run_2_uart_clock/U0/inst_fifo_gen/gconvfifo.rf/grf.rf/gntv_or_sync_fifo.gcx.clkx/wr_pntr_cdc_inst/async_path[4]
    SLICE_X25Y30         FDRE                                         r  u_sys_monitor/u_run_2_uart_clock/U0/inst_fifo_gen/gconvfifo.rf/grf.rf/gntv_or_sync_fifo.gcx.clkx/wr_pntr_cdc_inst/dest_graysync_ff_reg[0][4]/D
  -------------------------------------------------------------------    -------------------

                         max delay                 1000.000  1000.000    
    SLICE_X25Y30         FDRE (Setup_fdre_C_D)       -0.095   999.905    u_sys_monitor/u_run_2_uart_clock/U0/inst_fifo_gen/gconvfifo.rf/grf.rf/gntv_or_sync_fifo.gcx.clkx/wr_pntr_cdc_inst/dest_graysync_ff_reg[0][4]
  -------------------------------------------------------------------
                         required time                        999.905    
                         arrival time                          -0.977    
  -------------------------------------------------------------------
                         slack                                998.928    

Slack (MET) :             998.968ns  (required time - arrival time)
  Source:                 u_sys_monitor/u_run_2_uart_clock/U0/inst_fifo_gen/gconvfifo.rf/grf.rf/gntv_or_sync_fifo.gcx.clkx/wr_pntr_cdc_inst/src_gray_ff_reg[1]/C
                            (rising edge-triggered cell FDRE)
  Destination:            u_sys_monitor/u_run_2_uart_clock/U0/inst_fifo_gen/gconvfifo.rf/grf.rf/gntv_or_sync_fifo.gcx.clkx/wr_pntr_cdc_inst/dest_graysync_ff_reg[0][1]/D
                            (rising edge-triggered cell FDRE clocked by clk_i  {rise@0.000ns fall@10.000ns period=20.000ns})
  Path Group:             clk_i
  Path Type:              Setup (Max at Slow Process Corner)
  Requirement:            1000.000ns  (MaxDelay Path 1000.000ns)
  Data Path Delay:        0.767ns  (logic 0.419ns (54.607%)  route 0.348ns (45.393%))
  Logic Levels:           1  (FDRE=1)
  Timing Exception:       MaxDelay Path 1000.000ns -datapath_only

    Location             Delay type                Incr(ns)  Path(ns)    Netlist Resource(s)
  -------------------------------------------------------------------    -------------------
    SLICE_X26Y30         FDRE                         0.000     0.000 r  u_sys_monitor/u_run_2_uart_clock/U0/inst_fifo_gen/gconvfifo.rf/grf.rf/gntv_or_sync_fifo.gcx.clkx/wr_pntr_cdc_inst/src_gray_ff_reg[1]/C
    SLICE_X26Y30         FDRE (Prop_fdre_C_Q)         0.419     0.419 r  u_sys_monitor/u_run_2_uart_clock/U0/inst_fifo_gen/gconvfifo.rf/grf.rf/gntv_or_sync_fifo.gcx.clkx/wr_pntr_cdc_inst/src_gray_ff_reg[1]/Q
                         net (fo=1, routed)           0.348     0.767    u_sys_monitor/u_run_2_uart_clock/U0/inst_fifo_gen/gconvfifo.rf/grf.rf/gntv_or_sync_fifo.gcx.clkx/wr_pntr_cdc_inst/async_path[1]
    SLICE_X27Y30         FDRE                                         r  u_sys_monitor/u_run_2_uart_clock/U0/inst_fifo_gen/gconvfifo.rf/grf.rf/gntv_or_sync_fifo.gcx.clkx/wr_pntr_cdc_inst/dest_graysync_ff_reg[0][1]/D
  -------------------------------------------------------------------    -------------------

                         max delay                 1000.000  1000.000    
    SLICE_X27Y30         FDRE (Setup_fdre_C_D)       -0.265   999.735    u_sys_monitor/u_run_2_uart_clock/U0/inst_fifo_gen/gconvfifo.rf/grf.rf/gntv_or_sync_fifo.gcx.clkx/wr_pntr_cdc_inst/dest_graysync_ff_reg[0][1]
  -------------------------------------------------------------------
                         required time                        999.735    
                         arrival time                          -0.767    
  -------------------------------------------------------------------
                         slack                                998.968    

Slack (MET) :             999.001ns  (required time - arrival time)
  Source:                 u_sys_monitor/u_u2r_cmd_convert/U0/inst_fifo_gen/gconvfifo.rf/grf.rf/gntv_or_sync_fifo.gcx.clkx/rd_pntr_cdc_inst/src_gray_ff_reg[1]/C
                            (rising edge-triggered cell FDRE)
  Destination:            u_sys_monitor/u_u2r_cmd_convert/U0/inst_fifo_gen/gconvfifo.rf/grf.rf/gntv_or_sync_fifo.gcx.clkx/rd_pntr_cdc_inst/dest_graysync_ff_reg[0][1]/D
                            (rising edge-triggered cell FDRE clocked by clk_i  {rise@0.000ns fall@10.000ns period=20.000ns})
  Path Group:             clk_i
  Path Type:              Setup (Max at Slow Process Corner)
  Requirement:            1000.000ns  (MaxDelay Path 1000.000ns)
  Data Path Delay:        0.785ns  (logic 0.478ns (60.921%)  route 0.307ns (39.079%))
  Logic Levels:           1  (FDRE=1)
  Timing Exception:       MaxDelay Path 1000.000ns -datapath_only

    Location             Delay type                Incr(ns)  Path(ns)    Netlist Resource(s)
  -------------------------------------------------------------------    -------------------
    SLICE_X32Y44         FDRE                         0.000     0.000 r  u_sys_monitor/u_u2r_cmd_convert/U0/inst_fifo_gen/gconvfifo.rf/grf.rf/gntv_or_sync_fifo.gcx.clkx/rd_pntr_cdc_inst/src_gray_ff_reg[1]/C
    SLICE_X32Y44         FDRE (Prop_fdre_C_Q)         0.478     0.478 r  u_sys_monitor/u_u2r_cmd_convert/U0/inst_fifo_gen/gconvfifo.rf/grf.rf/gntv_or_sync_fifo.gcx.clkx/rd_pntr_cdc_inst/src_gray_ff_reg[1]/Q
                         net (fo=1, routed)           0.307     0.785    u_sys_monitor/u_u2r_cmd_convert/U0/inst_fifo_gen/gconvfifo.rf/grf.rf/gntv_or_sync_fifo.gcx.clkx/rd_pntr_cdc_inst/async_path[1]
    SLICE_X32Y43         FDRE                                         r  u_sys_monitor/u_u2r_cmd_convert/U0/inst_fifo_gen/gconvfifo.rf/grf.rf/gntv_or_sync_fifo.gcx.clkx/rd_pntr_cdc_inst/dest_graysync_ff_reg[0][1]/D
  -------------------------------------------------------------------    -------------------

                         max delay                 1000.000  1000.000    
    SLICE_X32Y43         FDRE (Setup_fdre_C_D)       -0.214   999.786    u_sys_monitor/u_u2r_cmd_convert/U0/inst_fifo_gen/gconvfifo.rf/grf.rf/gntv_or_sync_fifo.gcx.clkx/rd_pntr_cdc_inst/dest_graysync_ff_reg[0][1]
  -------------------------------------------------------------------
                         required time                        999.786    
                         arrival time                          -0.785    
  -------------------------------------------------------------------
                         slack                                999.001    

Slack (MET) :             999.128ns  (required time - arrival time)
  Source:                 u_sys_monitor/u_u2r_cmd_convert/U0/inst_fifo_gen/gconvfifo.rf/grf.rf/gntv_or_sync_fifo.gcx.clkx/rd_pntr_cdc_inst/src_gray_ff_reg[0]/C
                            (rising edge-triggered cell FDRE)
  Destination:            u_sys_monitor/u_u2r_cmd_convert/U0/inst_fifo_gen/gconvfifo.rf/grf.rf/gntv_or_sync_fifo.gcx.clkx/rd_pntr_cdc_inst/dest_graysync_ff_reg[0][0]/D
                            (rising edge-triggered cell FDRE clocked by clk_i  {rise@0.000ns fall@10.000ns period=20.000ns})
  Path Group:             clk_i
  Path Type:              Setup (Max at Slow Process Corner)
  Requirement:            1000.000ns  (MaxDelay Path 1000.000ns)
  Data Path Delay:        0.825ns  (logic 0.518ns (62.775%)  route 0.307ns (37.225%))
  Logic Levels:           1  (FDRE=1)
  Timing Exception:       MaxDelay Path 1000.000ns -datapath_only

    Location             Delay type                Incr(ns)  Path(ns)    Netlist Resource(s)
  -------------------------------------------------------------------    -------------------
    SLICE_X32Y44         FDRE                         0.000     0.000 r  u_sys_monitor/u_u2r_cmd_convert/U0/inst_fifo_gen/gconvfifo.rf/grf.rf/gntv_or_sync_fifo.gcx.clkx/rd_pntr_cdc_inst/src_gray_ff_reg[0]/C
    SLICE_X32Y44         FDRE (Prop_fdre_C_Q)         0.518     0.518 r  u_sys_monitor/u_u2r_cmd_convert/U0/inst_fifo_gen/gconvfifo.rf/grf.rf/gntv_or_sync_fifo.gcx.clkx/rd_pntr_cdc_inst/src_gray_ff_reg[0]/Q
                         net (fo=1, routed)           0.307     0.825    u_sys_monitor/u_u2r_cmd_convert/U0/inst_fifo_gen/gconvfifo.rf/grf.rf/gntv_or_sync_fifo.gcx.clkx/rd_pntr_cdc_inst/async_path[0]
    SLICE_X32Y43         FDRE                                         r  u_sys_monitor/u_u2r_cmd_convert/U0/inst_fifo_gen/gconvfifo.rf/grf.rf/gntv_or_sync_fifo.gcx.clkx/rd_pntr_cdc_inst/dest_graysync_ff_reg[0][0]/D
  -------------------------------------------------------------------    -------------------

                         max delay                 1000.000  1000.000    
    SLICE_X32Y43         FDRE (Setup_fdre_C_D)       -0.047   999.953    u_sys_monitor/u_u2r_cmd_convert/U0/inst_fifo_gen/gconvfifo.rf/grf.rf/gntv_or_sync_fifo.gcx.clkx/rd_pntr_cdc_inst/dest_graysync_ff_reg[0][0]
  -------------------------------------------------------------------
                         required time                        999.953    
                         arrival time                          -0.825    
  -------------------------------------------------------------------
                         slack                                999.128    





---------------------------------------------------------------------------------------------------
Path Group:  **async_default**
From Clock:  clk_i
  To Clock:  clk_i

Setup :            0  Failing Endpoints,  Worst Slack       17.532ns,  Total Violation        0.000ns
Hold  :            0  Failing Endpoints,  Worst Slack        0.409ns,  Total Violation        0.000ns
---------------------------------------------------------------------------------------------------


Max Delay Paths
--------------------------------------------------------------------------------------
Slack (MET) :             17.532ns  (required time - arrival time)
  Source:                 u_sys_monitor/u_run_2_uart_clock/U0/inst_fifo_gen/gconvfifo.rf/grf.rf/rstblk/ngwrdrst.grst.g7serrst.gnsckt_wrst.gic_rst.sckt_rd_rst_ic_reg/C
                            (rising edge-triggered cell FDPE clocked by clk_i  {rise@0.000ns fall@10.000ns period=20.000ns})
  Destination:            u_sys_monitor/u_run_2_uart_clock/U0/inst_fifo_gen/gconvfifo.rf/grf.rf/gntv_or_sync_fifo.gl0.rd/rpntr/gc0.count_d1_reg[5]/CLR
                            (recovery check against rising-edge clock clk_i  {rise@0.000ns fall@10.000ns period=20.000ns})
  Path Group:             **async_default**
  Path Type:              Recovery (Max at Slow Process Corner)
  Requirement:            20.000ns  (clk_i rise@20.000ns - clk_i rise@0.000ns)
  Data Path Delay:        1.966ns  (logic 0.456ns (23.189%)  route 1.510ns (76.811%))
  Logic Levels:           0  
  Clock Path Skew:        -0.061ns (DCD - SCD + CPR)
    Destination Clock Delay (DCD):    4.917ns = ( 24.917 - 20.000 ) 
    Source Clock Delay      (SCD):    5.370ns
    Clock Pessimism Removal (CPR):    0.392ns
  Clock Uncertainty:      0.035ns  ((TSJ^2 + TIJ^2)^1/2 + DJ) / 2 + PE
    Total System Jitter     (TSJ):    0.071ns
    Total Input Jitter      (TIJ):    0.000ns
    Discrete Jitter          (DJ):    0.000ns
    Phase Error              (PE):    0.000ns

    Location             Delay type                Incr(ns)  Path(ns)    Netlist Resource(s)
  -------------------------------------------------------------------    -------------------
                         (clock clk_i rise edge)      0.000     0.000 r  
    U18                                               0.000     0.000 r  clk_i (IN)
                         net (fo=0)                   0.000     0.000    clk_i
    U18                  IBUF (Prop_ibuf_I_O)         1.530     1.530 r  clk_i_IBUF_inst/O
                         net (fo=1, routed)           2.076     3.606    clk_i_IBUF
    BUFGCTRL_X0Y1        BUFG (Prop_bufg_I_O)         0.101     3.707 r  clk_i_IBUF_BUFG_inst/O
                         net (fo=262, routed)         1.663     5.370    u_sys_monitor/u_run_2_uart_clock/U0/inst_fifo_gen/gconvfifo.rf/grf.rf/rstblk/rd_clk
    SLICE_X29Y18         FDPE                                         r  u_sys_monitor/u_run_2_uart_clock/U0/inst_fifo_gen/gconvfifo.rf/grf.rf/rstblk/ngwrdrst.grst.g7serrst.gnsckt_wrst.gic_rst.sckt_rd_rst_ic_reg/C
  -------------------------------------------------------------------    -------------------
    SLICE_X29Y18         FDPE (Prop_fdpe_C_Q)         0.456     5.826 f  u_sys_monitor/u_run_2_uart_clock/U0/inst_fifo_gen/gconvfifo.rf/grf.rf/rstblk/ngwrdrst.grst.g7serrst.gnsckt_wrst.gic_rst.sckt_rd_rst_ic_reg/Q
                         net (fo=18, routed)          1.510     7.337    u_sys_monitor/u_run_2_uart_clock/U0/inst_fifo_gen/gconvfifo.rf/grf.rf/gntv_or_sync_fifo.gl0.rd/rpntr/AR[0]
    SLICE_X25Y32         FDCE                                         f  u_sys_monitor/u_run_2_uart_clock/U0/inst_fifo_gen/gconvfifo.rf/grf.rf/gntv_or_sync_fifo.gl0.rd/rpntr/gc0.count_d1_reg[5]/CLR
  -------------------------------------------------------------------    -------------------

                         (clock clk_i rise edge)     20.000    20.000 r  
    U18                                               0.000    20.000 r  clk_i (IN)
                         net (fo=0)                   0.000    20.000    clk_i
    U18                  IBUF (Prop_ibuf_I_O)         1.459    21.459 r  clk_i_IBUF_inst/O
                         net (fo=1, routed)           1.880    23.339    clk_i_IBUF
    BUFGCTRL_X0Y1        BUFG (Prop_bufg_I_O)         0.091    23.430 r  clk_i_IBUF_BUFG_inst/O
                         net (fo=262, routed)         1.487    24.917    u_sys_monitor/u_run_2_uart_clock/U0/inst_fifo_gen/gconvfifo.rf/grf.rf/gntv_or_sync_fifo.gl0.rd/rpntr/rd_clk
    SLICE_X25Y32         FDCE                                         r  u_sys_monitor/u_run_2_uart_clock/U0/inst_fifo_gen/gconvfifo.rf/grf.rf/gntv_or_sync_fifo.gl0.rd/rpntr/gc0.count_d1_reg[5]/C
                         clock pessimism              0.392    25.309    
                         clock uncertainty           -0.035    25.274    
    SLICE_X25Y32         FDCE (Recov_fdce_C_CLR)     -0.405    24.869    u_sys_monitor/u_run_2_uart_clock/U0/inst_fifo_gen/gconvfifo.rf/grf.rf/gntv_or_sync_fifo.gl0.rd/rpntr/gc0.count_d1_reg[5]
  -------------------------------------------------------------------
                         required time                         24.869    
                         arrival time                          -7.337    
  -------------------------------------------------------------------
                         slack                                 17.532    

Slack (MET) :             17.532ns  (required time - arrival time)
  Source:                 u_sys_monitor/u_run_2_uart_clock/U0/inst_fifo_gen/gconvfifo.rf/grf.rf/rstblk/ngwrdrst.grst.g7serrst.gnsckt_wrst.gic_rst.sckt_rd_rst_ic_reg/C
                            (rising edge-triggered cell FDPE clocked by clk_i  {rise@0.000ns fall@10.000ns period=20.000ns})
  Destination:            u_sys_monitor/u_run_2_uart_clock/U0/inst_fifo_gen/gconvfifo.rf/grf.rf/gntv_or_sync_fifo.gl0.rd/rpntr/gc0.count_reg[3]/CLR
                            (recovery check against rising-edge clock clk_i  {rise@0.000ns fall@10.000ns period=20.000ns})
  Path Group:             **async_default**
  Path Type:              Recovery (Max at Slow Process Corner)
  Requirement:            20.000ns  (clk_i rise@20.000ns - clk_i rise@0.000ns)
  Data Path Delay:        1.966ns  (logic 0.456ns (23.189%)  route 1.510ns (76.811%))
  Logic Levels:           0  
  Clock Path Skew:        -0.061ns (DCD - SCD + CPR)
    Destination Clock Delay (DCD):    4.917ns = ( 24.917 - 20.000 ) 
    Source Clock Delay      (SCD):    5.370ns
    Clock Pessimism Removal (CPR):    0.392ns
  Clock Uncertainty:      0.035ns  ((TSJ^2 + TIJ^2)^1/2 + DJ) / 2 + PE
    Total System Jitter     (TSJ):    0.071ns
    Total Input Jitter      (TIJ):    0.000ns
    Discrete Jitter          (DJ):    0.000ns
    Phase Error              (PE):    0.000ns

    Location             Delay type                Incr(ns)  Path(ns)    Netlist Resource(s)
  -------------------------------------------------------------------    -------------------
                         (clock clk_i rise edge)      0.000     0.000 r  
    U18                                               0.000     0.000 r  clk_i (IN)
                         net (fo=0)                   0.000     0.000    clk_i
    U18                  IBUF (Prop_ibuf_I_O)         1.530     1.530 r  clk_i_IBUF_inst/O
                         net (fo=1, routed)           2.076     3.606    clk_i_IBUF
    BUFGCTRL_X0Y1        BUFG (Prop_bufg_I_O)         0.101     3.707 r  clk_i_IBUF_BUFG_inst/O
                         net (fo=262, routed)         1.663     5.370    u_sys_monitor/u_run_2_uart_clock/U0/inst_fifo_gen/gconvfifo.rf/grf.rf/rstblk/rd_clk
    SLICE_X29Y18         FDPE                                         r  u_sys_monitor/u_run_2_uart_clock/U0/inst_fifo_gen/gconvfifo.rf/grf.rf/rstblk/ngwrdrst.grst.g7serrst.gnsckt_wrst.gic_rst.sckt_rd_rst_ic_reg/C
  -------------------------------------------------------------------    -------------------
    SLICE_X29Y18         FDPE (Prop_fdpe_C_Q)         0.456     5.826 f  u_sys_monitor/u_run_2_uart_clock/U0/inst_fifo_gen/gconvfifo.rf/grf.rf/rstblk/ngwrdrst.grst.g7serrst.gnsckt_wrst.gic_rst.sckt_rd_rst_ic_reg/Q
                         net (fo=18, routed)          1.510     7.337    u_sys_monitor/u_run_2_uart_clock/U0/inst_fifo_gen/gconvfifo.rf/grf.rf/gntv_or_sync_fifo.gl0.rd/rpntr/AR[0]
    SLICE_X25Y32         FDCE                                         f  u_sys_monitor/u_run_2_uart_clock/U0/inst_fifo_gen/gconvfifo.rf/grf.rf/gntv_or_sync_fifo.gl0.rd/rpntr/gc0.count_reg[3]/CLR
  -------------------------------------------------------------------    -------------------

                         (clock clk_i rise edge)     20.000    20.000 r  
    U18                                               0.000    20.000 r  clk_i (IN)
                         net (fo=0)                   0.000    20.000    clk_i
    U18                  IBUF (Prop_ibuf_I_O)         1.459    21.459 r  clk_i_IBUF_inst/O
                         net (fo=1, routed)           1.880    23.339    clk_i_IBUF
    BUFGCTRL_X0Y1        BUFG (Prop_bufg_I_O)         0.091    23.430 r  clk_i_IBUF_BUFG_inst/O
                         net (fo=262, routed)         1.487    24.917    u_sys_monitor/u_run_2_uart_clock/U0/inst_fifo_gen/gconvfifo.rf/grf.rf/gntv_or_sync_fifo.gl0.rd/rpntr/rd_clk
    SLICE_X25Y32         FDCE                                         r  u_sys_monitor/u_run_2_uart_clock/U0/inst_fifo_gen/gconvfifo.rf/grf.rf/gntv_or_sync_fifo.gl0.rd/rpntr/gc0.count_reg[3]/C
                         clock pessimism              0.392    25.309    
                         clock uncertainty           -0.035    25.274    
    SLICE_X25Y32         FDCE (Recov_fdce_C_CLR)     -0.405    24.869    u_sys_monitor/u_run_2_uart_clock/U0/inst_fifo_gen/gconvfifo.rf/grf.rf/gntv_or_sync_fifo.gl0.rd/rpntr/gc0.count_reg[3]
  -------------------------------------------------------------------
                         required time                         24.869    
                         arrival time                          -7.337    
  -------------------------------------------------------------------
                         slack                                 17.532    

Slack (MET) :             17.532ns  (required time - arrival time)
  Source:                 u_sys_monitor/u_run_2_uart_clock/U0/inst_fifo_gen/gconvfifo.rf/grf.rf/rstblk/ngwrdrst.grst.g7serrst.gnsckt_wrst.gic_rst.sckt_rd_rst_ic_reg/C
                            (rising edge-triggered cell FDPE clocked by clk_i  {rise@0.000ns fall@10.000ns period=20.000ns})
  Destination:            u_sys_monitor/u_run_2_uart_clock/U0/inst_fifo_gen/gconvfifo.rf/grf.rf/gntv_or_sync_fifo.gl0.rd/rpntr/gc0.count_reg[4]/CLR
                            (recovery check against rising-edge clock clk_i  {rise@0.000ns fall@10.000ns period=20.000ns})
  Path Group:             **async_default**
  Path Type:              Recovery (Max at Slow Process Corner)
  Requirement:            20.000ns  (clk_i rise@20.000ns - clk_i rise@0.000ns)
  Data Path Delay:        1.966ns  (logic 0.456ns (23.189%)  route 1.510ns (76.811%))
  Logic Levels:           0  
  Clock Path Skew:        -0.061ns (DCD - SCD + CPR)
    Destination Clock Delay (DCD):    4.917ns = ( 24.917 - 20.000 ) 
    Source Clock Delay      (SCD):    5.370ns
    Clock Pessimism Removal (CPR):    0.392ns
  Clock Uncertainty:      0.035ns  ((TSJ^2 + TIJ^2)^1/2 + DJ) / 2 + PE
    Total System Jitter     (TSJ):    0.071ns
    Total Input Jitter      (TIJ):    0.000ns
    Discrete Jitter          (DJ):    0.000ns
    Phase Error              (PE):    0.000ns

    Location             Delay type                Incr(ns)  Path(ns)    Netlist Resource(s)
  -------------------------------------------------------------------    -------------------
                         (clock clk_i rise edge)      0.000     0.000 r  
    U18                                               0.000     0.000 r  clk_i (IN)
                         net (fo=0)                   0.000     0.000    clk_i
    U18                  IBUF (Prop_ibuf_I_O)         1.530     1.530 r  clk_i_IBUF_inst/O
                         net (fo=1, routed)           2.076     3.606    clk_i_IBUF
    BUFGCTRL_X0Y1        BUFG (Prop_bufg_I_O)         0.101     3.707 r  clk_i_IBUF_BUFG_inst/O
                         net (fo=262, routed)         1.663     5.370    u_sys_monitor/u_run_2_uart_clock/U0/inst_fifo_gen/gconvfifo.rf/grf.rf/rstblk/rd_clk
    SLICE_X29Y18         FDPE                                         r  u_sys_monitor/u_run_2_uart_clock/U0/inst_fifo_gen/gconvfifo.rf/grf.rf/rstblk/ngwrdrst.grst.g7serrst.gnsckt_wrst.gic_rst.sckt_rd_rst_ic_reg/C
  -------------------------------------------------------------------    -------------------
    SLICE_X29Y18         FDPE (Prop_fdpe_C_Q)         0.456     5.826 f  u_sys_monitor/u_run_2_uart_clock/U0/inst_fifo_gen/gconvfifo.rf/grf.rf/rstblk/ngwrdrst.grst.g7serrst.gnsckt_wrst.gic_rst.sckt_rd_rst_ic_reg/Q
                         net (fo=18, routed)          1.510     7.337    u_sys_monitor/u_run_2_uart_clock/U0/inst_fifo_gen/gconvfifo.rf/grf.rf/gntv_or_sync_fifo.gl0.rd/rpntr/AR[0]
    SLICE_X25Y32         FDCE                                         f  u_sys_monitor/u_run_2_uart_clock/U0/inst_fifo_gen/gconvfifo.rf/grf.rf/gntv_or_sync_fifo.gl0.rd/rpntr/gc0.count_reg[4]/CLR
  -------------------------------------------------------------------    -------------------

                         (clock clk_i rise edge)     20.000    20.000 r  
    U18                                               0.000    20.000 r  clk_i (IN)
                         net (fo=0)                   0.000    20.000    clk_i
    U18                  IBUF (Prop_ibuf_I_O)         1.459    21.459 r  clk_i_IBUF_inst/O
                         net (fo=1, routed)           1.880    23.339    clk_i_IBUF
    BUFGCTRL_X0Y1        BUFG (Prop_bufg_I_O)         0.091    23.430 r  clk_i_IBUF_BUFG_inst/O
                         net (fo=262, routed)         1.487    24.917    u_sys_monitor/u_run_2_uart_clock/U0/inst_fifo_gen/gconvfifo.rf/grf.rf/gntv_or_sync_fifo.gl0.rd/rpntr/rd_clk
    SLICE_X25Y32         FDCE                                         r  u_sys_monitor/u_run_2_uart_clock/U0/inst_fifo_gen/gconvfifo.rf/grf.rf/gntv_or_sync_fifo.gl0.rd/rpntr/gc0.count_reg[4]/C
                         clock pessimism              0.392    25.309    
                         clock uncertainty           -0.035    25.274    
    SLICE_X25Y32         FDCE (Recov_fdce_C_CLR)     -0.405    24.869    u_sys_monitor/u_run_2_uart_clock/U0/inst_fifo_gen/gconvfifo.rf/grf.rf/gntv_or_sync_fifo.gl0.rd/rpntr/gc0.count_reg[4]
  -------------------------------------------------------------------
                         required time                         24.869    
                         arrival time                          -7.337    
  -------------------------------------------------------------------
                         slack                                 17.532    

Slack (MET) :             17.532ns  (required time - arrival time)
  Source:                 u_sys_monitor/u_run_2_uart_clock/U0/inst_fifo_gen/gconvfifo.rf/grf.rf/rstblk/ngwrdrst.grst.g7serrst.gnsckt_wrst.gic_rst.sckt_rd_rst_ic_reg/C
                            (rising edge-triggered cell FDPE clocked by clk_i  {rise@0.000ns fall@10.000ns period=20.000ns})
  Destination:            u_sys_monitor/u_run_2_uart_clock/U0/inst_fifo_gen/gconvfifo.rf/grf.rf/gntv_or_sync_fifo.gl0.rd/rpntr/gc0.count_reg[5]/CLR
                            (recovery check against rising-edge clock clk_i  {rise@0.000ns fall@10.000ns period=20.000ns})
  Path Group:             **async_default**
  Path Type:              Recovery (Max at Slow Process Corner)
  Requirement:            20.000ns  (clk_i rise@20.000ns - clk_i rise@0.000ns)
  Data Path Delay:        1.966ns  (logic 0.456ns (23.189%)  route 1.510ns (76.811%))
  Logic Levels:           0  
  Clock Path Skew:        -0.061ns (DCD - SCD + CPR)
    Destination Clock Delay (DCD):    4.917ns = ( 24.917 - 20.000 ) 
    Source Clock Delay      (SCD):    5.370ns
    Clock Pessimism Removal (CPR):    0.392ns
  Clock Uncertainty:      0.035ns  ((TSJ^2 + TIJ^2)^1/2 + DJ) / 2 + PE
    Total System Jitter     (TSJ):    0.071ns
    Total Input Jitter      (TIJ):    0.000ns
    Discrete Jitter          (DJ):    0.000ns
    Phase Error              (PE):    0.000ns

    Location             Delay type                Incr(ns)  Path(ns)    Netlist Resource(s)
  -------------------------------------------------------------------    -------------------
                         (clock clk_i rise edge)      0.000     0.000 r  
    U18                                               0.000     0.000 r  clk_i (IN)
                         net (fo=0)                   0.000     0.000    clk_i
    U18                  IBUF (Prop_ibuf_I_O)         1.530     1.530 r  clk_i_IBUF_inst/O
                         net (fo=1, routed)           2.076     3.606    clk_i_IBUF
    BUFGCTRL_X0Y1        BUFG (Prop_bufg_I_O)         0.101     3.707 r  clk_i_IBUF_BUFG_inst/O
                         net (fo=262, routed)         1.663     5.370    u_sys_monitor/u_run_2_uart_clock/U0/inst_fifo_gen/gconvfifo.rf/grf.rf/rstblk/rd_clk
    SLICE_X29Y18         FDPE                                         r  u_sys_monitor/u_run_2_uart_clock/U0/inst_fifo_gen/gconvfifo.rf/grf.rf/rstblk/ngwrdrst.grst.g7serrst.gnsckt_wrst.gic_rst.sckt_rd_rst_ic_reg/C
  -------------------------------------------------------------------    -------------------
    SLICE_X29Y18         FDPE (Prop_fdpe_C_Q)         0.456     5.826 f  u_sys_monitor/u_run_2_uart_clock/U0/inst_fifo_gen/gconvfifo.rf/grf.rf/rstblk/ngwrdrst.grst.g7serrst.gnsckt_wrst.gic_rst.sckt_rd_rst_ic_reg/Q
                         net (fo=18, routed)          1.510     7.337    u_sys_monitor/u_run_2_uart_clock/U0/inst_fifo_gen/gconvfifo.rf/grf.rf/gntv_or_sync_fifo.gl0.rd/rpntr/AR[0]
    SLICE_X25Y32         FDCE                                         f  u_sys_monitor/u_run_2_uart_clock/U0/inst_fifo_gen/gconvfifo.rf/grf.rf/gntv_or_sync_fifo.gl0.rd/rpntr/gc0.count_reg[5]/CLR
  -------------------------------------------------------------------    -------------------

                         (clock clk_i rise edge)     20.000    20.000 r  
    U18                                               0.000    20.000 r  clk_i (IN)
                         net (fo=0)                   0.000    20.000    clk_i
    U18                  IBUF (Prop_ibuf_I_O)         1.459    21.459 r  clk_i_IBUF_inst/O
                         net (fo=1, routed)           1.880    23.339    clk_i_IBUF
    BUFGCTRL_X0Y1        BUFG (Prop_bufg_I_O)         0.091    23.430 r  clk_i_IBUF_BUFG_inst/O
                         net (fo=262, routed)         1.487    24.917    u_sys_monitor/u_run_2_uart_clock/U0/inst_fifo_gen/gconvfifo.rf/grf.rf/gntv_or_sync_fifo.gl0.rd/rpntr/rd_clk
    SLICE_X25Y32         FDCE                                         r  u_sys_monitor/u_run_2_uart_clock/U0/inst_fifo_gen/gconvfifo.rf/grf.rf/gntv_or_sync_fifo.gl0.rd/rpntr/gc0.count_reg[5]/C
                         clock pessimism              0.392    25.309    
                         clock uncertainty           -0.035    25.274    
    SLICE_X25Y32         FDCE (Recov_fdce_C_CLR)     -0.405    24.869    u_sys_monitor/u_run_2_uart_clock/U0/inst_fifo_gen/gconvfifo.rf/grf.rf/gntv_or_sync_fifo.gl0.rd/rpntr/gc0.count_reg[5]
  -------------------------------------------------------------------
                         required time                         24.869    
                         arrival time                          -7.337    
  -------------------------------------------------------------------
                         slack                                 17.532    

Slack (MET) :             17.576ns  (required time - arrival time)
  Source:                 u_sys_monitor/u_run_2_uart_clock/U0/inst_fifo_gen/gconvfifo.rf/grf.rf/rstblk/ngwrdrst.grst.g7serrst.gnsckt_wrst.gic_rst.sckt_rd_rst_ic_reg/C
                            (rising edge-triggered cell FDPE clocked by clk_i  {rise@0.000ns fall@10.000ns period=20.000ns})
  Destination:            u_sys_monitor/u_run_2_uart_clock/U0/inst_fifo_gen/gconvfifo.rf/grf.rf/gntv_or_sync_fifo.gl0.rd/rpntr/gc0.count_d1_reg[2]/CLR
                            (recovery check against rising-edge clock clk_i  {rise@0.000ns fall@10.000ns period=20.000ns})
  Path Group:             **async_default**
  Path Type:              Recovery (Max at Slow Process Corner)
  Requirement:            20.000ns  (clk_i rise@20.000ns - clk_i rise@0.000ns)
  Data Path Delay:        1.966ns  (logic 0.456ns (23.189%)  route 1.510ns (76.811%))
  Logic Levels:           0  
  Clock Path Skew:        -0.061ns (DCD - SCD + CPR)
    Destination Clock Delay (DCD):    4.917ns = ( 24.917 - 20.000 ) 
    Source Clock Delay      (SCD):    5.370ns
    Clock Pessimism Removal (CPR):    0.392ns
  Clock Uncertainty:      0.035ns  ((TSJ^2 + TIJ^2)^1/2 + DJ) / 2 + PE
    Total System Jitter     (TSJ):    0.071ns
    Total Input Jitter      (TIJ):    0.000ns
    Discrete Jitter          (DJ):    0.000ns
    Phase Error              (PE):    0.000ns

    Location             Delay type                Incr(ns)  Path(ns)    Netlist Resource(s)
  -------------------------------------------------------------------    -------------------
                         (clock clk_i rise edge)      0.000     0.000 r  
    U18                                               0.000     0.000 r  clk_i (IN)
                         net (fo=0)                   0.000     0.000    clk_i
    U18                  IBUF (Prop_ibuf_I_O)         1.530     1.530 r  clk_i_IBUF_inst/O
                         net (fo=1, routed)           2.076     3.606    clk_i_IBUF
    BUFGCTRL_X0Y1        BUFG (Prop_bufg_I_O)         0.101     3.707 r  clk_i_IBUF_BUFG_inst/O
                         net (fo=262, routed)         1.663     5.370    u_sys_monitor/u_run_2_uart_clock/U0/inst_fifo_gen/gconvfifo.rf/grf.rf/rstblk/rd_clk
    SLICE_X29Y18         FDPE                                         r  u_sys_monitor/u_run_2_uart_clock/U0/inst_fifo_gen/gconvfifo.rf/grf.rf/rstblk/ngwrdrst.grst.g7serrst.gnsckt_wrst.gic_rst.sckt_rd_rst_ic_reg/C
  -------------------------------------------------------------------    -------------------
    SLICE_X29Y18         FDPE (Prop_fdpe_C_Q)         0.456     5.826 f  u_sys_monitor/u_run_2_uart_clock/U0/inst_fifo_gen/gconvfifo.rf/grf.rf/rstblk/ngwrdrst.grst.g7serrst.gnsckt_wrst.gic_rst.sckt_rd_rst_ic_reg/Q
                         net (fo=18, routed)          1.510     7.337    u_sys_monitor/u_run_2_uart_clock/U0/inst_fifo_gen/gconvfifo.rf/grf.rf/gntv_or_sync_fifo.gl0.rd/rpntr/AR[0]
    SLICE_X24Y32         FDCE                                         f  u_sys_monitor/u_run_2_uart_clock/U0/inst_fifo_gen/gconvfifo.rf/grf.rf/gntv_or_sync_fifo.gl0.rd/rpntr/gc0.count_d1_reg[2]/CLR
  -------------------------------------------------------------------    -------------------

                         (clock clk_i rise edge)     20.000    20.000 r  
    U18                                               0.000    20.000 r  clk_i (IN)
                         net (fo=0)                   0.000    20.000    clk_i
    U18                  IBUF (Prop_ibuf_I_O)         1.459    21.459 r  clk_i_IBUF_inst/O
                         net (fo=1, routed)           1.880    23.339    clk_i_IBUF
    BUFGCTRL_X0Y1        BUFG (Prop_bufg_I_O)         0.091    23.430 r  clk_i_IBUF_BUFG_inst/O
                         net (fo=262, routed)         1.487    24.917    u_sys_monitor/u_run_2_uart_clock/U0/inst_fifo_gen/gconvfifo.rf/grf.rf/gntv_or_sync_fifo.gl0.rd/rpntr/rd_clk
    SLICE_X24Y32         FDCE                                         r  u_sys_monitor/u_run_2_uart_clock/U0/inst_fifo_gen/gconvfifo.rf/grf.rf/gntv_or_sync_fifo.gl0.rd/rpntr/gc0.count_d1_reg[2]/C
                         clock pessimism              0.392    25.309    
                         clock uncertainty           -0.035    25.274    
    SLICE_X24Y32         FDCE (Recov_fdce_C_CLR)     -0.361    24.913    u_sys_monitor/u_run_2_uart_clock/U0/inst_fifo_gen/gconvfifo.rf/grf.rf/gntv_or_sync_fifo.gl0.rd/rpntr/gc0.count_d1_reg[2]
  -------------------------------------------------------------------
                         required time                         24.913    
                         arrival time                          -7.337    
  -------------------------------------------------------------------
                         slack                                 17.576    

Slack (MET) :             17.576ns  (required time - arrival time)
  Source:                 u_sys_monitor/u_run_2_uart_clock/U0/inst_fifo_gen/gconvfifo.rf/grf.rf/rstblk/ngwrdrst.grst.g7serrst.gnsckt_wrst.gic_rst.sckt_rd_rst_ic_reg/C
                            (rising edge-triggered cell FDPE clocked by clk_i  {rise@0.000ns fall@10.000ns period=20.000ns})
  Destination:            u_sys_monitor/u_run_2_uart_clock/U0/inst_fifo_gen/gconvfifo.rf/grf.rf/gntv_or_sync_fifo.gl0.rd/rpntr/gc0.count_reg[0]/PRE
                            (recovery check against rising-edge clock clk_i  {rise@0.000ns fall@10.000ns period=20.000ns})
  Path Group:             **async_default**
  Path Type:              Recovery (Max at Slow Process Corner)
  Requirement:            20.000ns  (clk_i rise@20.000ns - clk_i rise@0.000ns)
  Data Path Delay:        1.966ns  (logic 0.456ns (23.189%)  route 1.510ns (76.811%))
  Logic Levels:           0  
  Clock Path Skew:        -0.061ns (DCD - SCD + CPR)
    Destination Clock Delay (DCD):    4.917ns = ( 24.917 - 20.000 ) 
    Source Clock Delay      (SCD):    5.370ns
    Clock Pessimism Removal (CPR):    0.392ns
  Clock Uncertainty:      0.035ns  ((TSJ^2 + TIJ^2)^1/2 + DJ) / 2 + PE
    Total System Jitter     (TSJ):    0.071ns
    Total Input Jitter      (TIJ):    0.000ns
    Discrete Jitter          (DJ):    0.000ns
    Phase Error              (PE):    0.000ns

    Location             Delay type                Incr(ns)  Path(ns)    Netlist Resource(s)
  -------------------------------------------------------------------    -------------------
                         (clock clk_i rise edge)      0.000     0.000 r  
    U18                                               0.000     0.000 r  clk_i (IN)
                         net (fo=0)                   0.000     0.000    clk_i
    U18                  IBUF (Prop_ibuf_I_O)         1.530     1.530 r  clk_i_IBUF_inst/O
                         net (fo=1, routed)           2.076     3.606    clk_i_IBUF
    BUFGCTRL_X0Y1        BUFG (Prop_bufg_I_O)         0.101     3.707 r  clk_i_IBUF_BUFG_inst/O
                         net (fo=262, routed)         1.663     5.370    u_sys_monitor/u_run_2_uart_clock/U0/inst_fifo_gen/gconvfifo.rf/grf.rf/rstblk/rd_clk
    SLICE_X29Y18         FDPE                                         r  u_sys_monitor/u_run_2_uart_clock/U0/inst_fifo_gen/gconvfifo.rf/grf.rf/rstblk/ngwrdrst.grst.g7serrst.gnsckt_wrst.gic_rst.sckt_rd_rst_ic_reg/C
  -------------------------------------------------------------------    -------------------
    SLICE_X29Y18         FDPE (Prop_fdpe_C_Q)         0.456     5.826 f  u_sys_monitor/u_run_2_uart_clock/U0/inst_fifo_gen/gconvfifo.rf/grf.rf/rstblk/ngwrdrst.grst.g7serrst.gnsckt_wrst.gic_rst.sckt_rd_rst_ic_reg/Q
                         net (fo=18, routed)          1.510     7.337    u_sys_monitor/u_run_2_uart_clock/U0/inst_fifo_gen/gconvfifo.rf/grf.rf/gntv_or_sync_fifo.gl0.rd/rpntr/AR[0]
    SLICE_X24Y32         FDPE                                         f  u_sys_monitor/u_run_2_uart_clock/U0/inst_fifo_gen/gconvfifo.rf/grf.rf/gntv_or_sync_fifo.gl0.rd/rpntr/gc0.count_reg[0]/PRE
  -------------------------------------------------------------------    -------------------

                         (clock clk_i rise edge)     20.000    20.000 r  
    U18                                               0.000    20.000 r  clk_i (IN)
                         net (fo=0)                   0.000    20.000    clk_i
    U18                  IBUF (Prop_ibuf_I_O)         1.459    21.459 r  clk_i_IBUF_inst/O
                         net (fo=1, routed)           1.880    23.339    clk_i_IBUF
    BUFGCTRL_X0Y1        BUFG (Prop_bufg_I_O)         0.091    23.430 r  clk_i_IBUF_BUFG_inst/O
                         net (fo=262, routed)         1.487    24.917    u_sys_monitor/u_run_2_uart_clock/U0/inst_fifo_gen/gconvfifo.rf/grf.rf/gntv_or_sync_fifo.gl0.rd/rpntr/rd_clk
    SLICE_X24Y32         FDPE                                         r  u_sys_monitor/u_run_2_uart_clock/U0/inst_fifo_gen/gconvfifo.rf/grf.rf/gntv_or_sync_fifo.gl0.rd/rpntr/gc0.count_reg[0]/C
                         clock pessimism              0.392    25.309    
                         clock uncertainty           -0.035    25.274    
    SLICE_X24Y32         FDPE (Recov_fdpe_C_PRE)     -0.361    24.913    u_sys_monitor/u_run_2_uart_clock/U0/inst_fifo_gen/gconvfifo.rf/grf.rf/gntv_or_sync_fifo.gl0.rd/rpntr/gc0.count_reg[0]
  -------------------------------------------------------------------
                         required time                         24.913    
                         arrival time                          -7.337    
  -------------------------------------------------------------------
                         slack                                 17.576    

Slack (MET) :             17.618ns  (required time - arrival time)
  Source:                 u_sys_monitor/u_run_2_uart_clock/U0/inst_fifo_gen/gconvfifo.rf/grf.rf/rstblk/ngwrdrst.grst.g7serrst.gnsckt_wrst.gic_rst.sckt_rd_rst_ic_reg/C
                            (rising edge-triggered cell FDPE clocked by clk_i  {rise@0.000ns fall@10.000ns period=20.000ns})
  Destination:            u_sys_monitor/u_run_2_uart_clock/U0/inst_fifo_gen/gconvfifo.rf/grf.rf/gntv_or_sync_fifo.gl0.rd/rpntr/gc0.count_d1_reg[3]/CLR
                            (recovery check against rising-edge clock clk_i  {rise@0.000ns fall@10.000ns period=20.000ns})
  Path Group:             **async_default**
  Path Type:              Recovery (Max at Slow Process Corner)
  Requirement:            20.000ns  (clk_i rise@20.000ns - clk_i rise@0.000ns)
  Data Path Delay:        1.966ns  (logic 0.456ns (23.189%)  route 1.510ns (76.811%))
  Logic Levels:           0  
  Clock Path Skew:        -0.061ns (DCD - SCD + CPR)
    Destination Clock Delay (DCD):    4.917ns = ( 24.917 - 20.000 ) 
    Source Clock Delay      (SCD):    5.370ns
    Clock Pessimism Removal (CPR):    0.392ns
  Clock Uncertainty:      0.035ns  ((TSJ^2 + TIJ^2)^1/2 + DJ) / 2 + PE
    Total System Jitter     (TSJ):    0.071ns
    Total Input Jitter      (TIJ):    0.000ns
    Discrete Jitter          (DJ):    0.000ns
    Phase Error              (PE):    0.000ns

    Location             Delay type                Incr(ns)  Path(ns)    Netlist Resource(s)
  -------------------------------------------------------------------    -------------------
                         (clock clk_i rise edge)      0.000     0.000 r  
    U18                                               0.000     0.000 r  clk_i (IN)
                         net (fo=0)                   0.000     0.000    clk_i
    U18                  IBUF (Prop_ibuf_I_O)         1.530     1.530 r  clk_i_IBUF_inst/O
                         net (fo=1, routed)           2.076     3.606    clk_i_IBUF
    BUFGCTRL_X0Y1        BUFG (Prop_bufg_I_O)         0.101     3.707 r  clk_i_IBUF_BUFG_inst/O
                         net (fo=262, routed)         1.663     5.370    u_sys_monitor/u_run_2_uart_clock/U0/inst_fifo_gen/gconvfifo.rf/grf.rf/rstblk/rd_clk
    SLICE_X29Y18         FDPE                                         r  u_sys_monitor/u_run_2_uart_clock/U0/inst_fifo_gen/gconvfifo.rf/grf.rf/rstblk/ngwrdrst.grst.g7serrst.gnsckt_wrst.gic_rst.sckt_rd_rst_ic_reg/C
  -------------------------------------------------------------------    -------------------
    SLICE_X29Y18         FDPE (Prop_fdpe_C_Q)         0.456     5.826 f  u_sys_monitor/u_run_2_uart_clock/U0/inst_fifo_gen/gconvfifo.rf/grf.rf/rstblk/ngwrdrst.grst.g7serrst.gnsckt_wrst.gic_rst.sckt_rd_rst_ic_reg/Q
                         net (fo=18, routed)          1.510     7.337    u_sys_monitor/u_run_2_uart_clock/U0/inst_fifo_gen/gconvfifo.rf/grf.rf/gntv_or_sync_fifo.gl0.rd/rpntr/AR[0]
    SLICE_X24Y32         FDCE                                         f  u_sys_monitor/u_run_2_uart_clock/U0/inst_fifo_gen/gconvfifo.rf/grf.rf/gntv_or_sync_fifo.gl0.rd/rpntr/gc0.count_d1_reg[3]/CLR
  -------------------------------------------------------------------    -------------------

                         (clock clk_i rise edge)     20.000    20.000 r  
    U18                                               0.000    20.000 r  clk_i (IN)
                         net (fo=0)                   0.000    20.000    clk_i
    U18                  IBUF (Prop_ibuf_I_O)         1.459    21.459 r  clk_i_IBUF_inst/O
                         net (fo=1, routed)           1.880    23.339    clk_i_IBUF
    BUFGCTRL_X0Y1        BUFG (Prop_bufg_I_O)         0.091    23.430 r  clk_i_IBUF_BUFG_inst/O
                         net (fo=262, routed)         1.487    24.917    u_sys_monitor/u_run_2_uart_clock/U0/inst_fifo_gen/gconvfifo.rf/grf.rf/gntv_or_sync_fifo.gl0.rd/rpntr/rd_clk
    SLICE_X24Y32         FDCE                                         r  u_sys_monitor/u_run_2_uart_clock/U0/inst_fifo_gen/gconvfifo.rf/grf.rf/gntv_or_sync_fifo.gl0.rd/rpntr/gc0.count_d1_reg[3]/C
                         clock pessimism              0.392    25.309    
                         clock uncertainty           -0.035    25.274    
    SLICE_X24Y32         FDCE (Recov_fdce_C_CLR)     -0.319    24.955    u_sys_monitor/u_run_2_uart_clock/U0/inst_fifo_gen/gconvfifo.rf/grf.rf/gntv_or_sync_fifo.gl0.rd/rpntr/gc0.count_d1_reg[3]
  -------------------------------------------------------------------
                         required time                         24.955    
                         arrival time                          -7.337    
  -------------------------------------------------------------------
                         slack                                 17.618    

Slack (MET) :             17.618ns  (required time - arrival time)
  Source:                 u_sys_monitor/u_run_2_uart_clock/U0/inst_fifo_gen/gconvfifo.rf/grf.rf/rstblk/ngwrdrst.grst.g7serrst.gnsckt_wrst.gic_rst.sckt_rd_rst_ic_reg/C
                            (rising edge-triggered cell FDPE clocked by clk_i  {rise@0.000ns fall@10.000ns period=20.000ns})
  Destination:            u_sys_monitor/u_run_2_uart_clock/U0/inst_fifo_gen/gconvfifo.rf/grf.rf/gntv_or_sync_fifo.gl0.rd/rpntr/gc0.count_d1_reg[4]/CLR
                            (recovery check against rising-edge clock clk_i  {rise@0.000ns fall@10.000ns period=20.000ns})
  Path Group:             **async_default**
  Path Type:              Recovery (Max at Slow Process Corner)
  Requirement:            20.000ns  (clk_i rise@20.000ns - clk_i rise@0.000ns)
  Data Path Delay:        1.966ns  (logic 0.456ns (23.189%)  route 1.510ns (76.811%))
  Logic Levels:           0  
  Clock Path Skew:        -0.061ns (DCD - SCD + CPR)
    Destination Clock Delay (DCD):    4.917ns = ( 24.917 - 20.000 ) 
    Source Clock Delay      (SCD):    5.370ns
    Clock Pessimism Removal (CPR):    0.392ns
  Clock Uncertainty:      0.035ns  ((TSJ^2 + TIJ^2)^1/2 + DJ) / 2 + PE
    Total System Jitter     (TSJ):    0.071ns
    Total Input Jitter      (TIJ):    0.000ns
    Discrete Jitter          (DJ):    0.000ns
    Phase Error              (PE):    0.000ns

    Location             Delay type                Incr(ns)  Path(ns)    Netlist Resource(s)
  -------------------------------------------------------------------    -------------------
                         (clock clk_i rise edge)      0.000     0.000 r  
    U18                                               0.000     0.000 r  clk_i (IN)
                         net (fo=0)                   0.000     0.000    clk_i
    U18                  IBUF (Prop_ibuf_I_O)         1.530     1.530 r  clk_i_IBUF_inst/O
                         net (fo=1, routed)           2.076     3.606    clk_i_IBUF
    BUFGCTRL_X0Y1        BUFG (Prop_bufg_I_O)         0.101     3.707 r  clk_i_IBUF_BUFG_inst/O
                         net (fo=262, routed)         1.663     5.370    u_sys_monitor/u_run_2_uart_clock/U0/inst_fifo_gen/gconvfifo.rf/grf.rf/rstblk/rd_clk
    SLICE_X29Y18         FDPE                                         r  u_sys_monitor/u_run_2_uart_clock/U0/inst_fifo_gen/gconvfifo.rf/grf.rf/rstblk/ngwrdrst.grst.g7serrst.gnsckt_wrst.gic_rst.sckt_rd_rst_ic_reg/C
  -------------------------------------------------------------------    -------------------
    SLICE_X29Y18         FDPE (Prop_fdpe_C_Q)         0.456     5.826 f  u_sys_monitor/u_run_2_uart_clock/U0/inst_fifo_gen/gconvfifo.rf/grf.rf/rstblk/ngwrdrst.grst.g7serrst.gnsckt_wrst.gic_rst.sckt_rd_rst_ic_reg/Q
                         net (fo=18, routed)          1.510     7.337    u_sys_monitor/u_run_2_uart_clock/U0/inst_fifo_gen/gconvfifo.rf/grf.rf/gntv_or_sync_fifo.gl0.rd/rpntr/AR[0]
    SLICE_X24Y32         FDCE                                         f  u_sys_monitor/u_run_2_uart_clock/U0/inst_fifo_gen/gconvfifo.rf/grf.rf/gntv_or_sync_fifo.gl0.rd/rpntr/gc0.count_d1_reg[4]/CLR
  -------------------------------------------------------------------    -------------------

                         (clock clk_i rise edge)     20.000    20.000 r  
    U18                                               0.000    20.000 r  clk_i (IN)
                         net (fo=0)                   0.000    20.000    clk_i
    U18                  IBUF (Prop_ibuf_I_O)         1.459    21.459 r  clk_i_IBUF_inst/O
                         net (fo=1, routed)           1.880    23.339    clk_i_IBUF
    BUFGCTRL_X0Y1        BUFG (Prop_bufg_I_O)         0.091    23.430 r  clk_i_IBUF_BUFG_inst/O
                         net (fo=262, routed)         1.487    24.917    u_sys_monitor/u_run_2_uart_clock/U0/inst_fifo_gen/gconvfifo.rf/grf.rf/gntv_or_sync_fifo.gl0.rd/rpntr/rd_clk
    SLICE_X24Y32         FDCE                                         r  u_sys_monitor/u_run_2_uart_clock/U0/inst_fifo_gen/gconvfifo.rf/grf.rf/gntv_or_sync_fifo.gl0.rd/rpntr/gc0.count_d1_reg[4]/C
                         clock pessimism              0.392    25.309    
                         clock uncertainty           -0.035    25.274    
    SLICE_X24Y32         FDCE (Recov_fdce_C_CLR)     -0.319    24.955    u_sys_monitor/u_run_2_uart_clock/U0/inst_fifo_gen/gconvfifo.rf/grf.rf/gntv_or_sync_fifo.gl0.rd/rpntr/gc0.count_d1_reg[4]
  -------------------------------------------------------------------
                         required time                         24.955    
                         arrival time                          -7.337    
  -------------------------------------------------------------------
                         slack                                 17.618    

Slack (MET) :             17.688ns  (required time - arrival time)
  Source:                 u_sys_monitor/u_run_2_uart_clock/U0/inst_fifo_gen/gconvfifo.rf/grf.rf/rstblk/ngwrdrst.grst.g7serrst.gnsckt_wrst.gic_rst.sckt_rd_rst_ic_reg/C
                            (rising edge-triggered cell FDPE clocked by clk_i  {rise@0.000ns fall@10.000ns period=20.000ns})
  Destination:            u_sys_monitor/u_run_2_uart_clock/U0/inst_fifo_gen/gconvfifo.rf/grf.rf/gntv_or_sync_fifo.gl0.rd/rpntr/gc0.count_d1_reg[0]/CLR
                            (recovery check against rising-edge clock clk_i  {rise@0.000ns fall@10.000ns period=20.000ns})
  Path Group:             **async_default**
  Path Type:              Recovery (Max at Slow Process Corner)
  Requirement:            20.000ns  (clk_i rise@20.000ns - clk_i rise@0.000ns)
  Data Path Delay:        1.812ns  (logic 0.456ns (25.170%)  route 1.356ns (74.830%))
  Logic Levels:           0  
  Clock Path Skew:        -0.060ns (DCD - SCD + CPR)
    Destination Clock Delay (DCD):    4.918ns = ( 24.918 - 20.000 ) 
    Source Clock Delay      (SCD):    5.370ns
    Clock Pessimism Removal (CPR):    0.392ns
  Clock Uncertainty:      0.035ns  ((TSJ^2 + TIJ^2)^1/2 + DJ) / 2 + PE
    Total System Jitter     (TSJ):    0.071ns
    Total Input Jitter      (TIJ):    0.000ns
    Discrete Jitter          (DJ):    0.000ns
    Phase Error              (PE):    0.000ns

    Location             Delay type                Incr(ns)  Path(ns)    Netlist Resource(s)
  -------------------------------------------------------------------    -------------------
                         (clock clk_i rise edge)      0.000     0.000 r  
    U18                                               0.000     0.000 r  clk_i (IN)
                         net (fo=0)                   0.000     0.000    clk_i
    U18                  IBUF (Prop_ibuf_I_O)         1.530     1.530 r  clk_i_IBUF_inst/O
                         net (fo=1, routed)           2.076     3.606    clk_i_IBUF
    BUFGCTRL_X0Y1        BUFG (Prop_bufg_I_O)         0.101     3.707 r  clk_i_IBUF_BUFG_inst/O
                         net (fo=262, routed)         1.663     5.370    u_sys_monitor/u_run_2_uart_clock/U0/inst_fifo_gen/gconvfifo.rf/grf.rf/rstblk/rd_clk
    SLICE_X29Y18         FDPE                                         r  u_sys_monitor/u_run_2_uart_clock/U0/inst_fifo_gen/gconvfifo.rf/grf.rf/rstblk/ngwrdrst.grst.g7serrst.gnsckt_wrst.gic_rst.sckt_rd_rst_ic_reg/C
  -------------------------------------------------------------------    -------------------
    SLICE_X29Y18         FDPE (Prop_fdpe_C_Q)         0.456     5.826 f  u_sys_monitor/u_run_2_uart_clock/U0/inst_fifo_gen/gconvfifo.rf/grf.rf/rstblk/ngwrdrst.grst.g7serrst.gnsckt_wrst.gic_rst.sckt_rd_rst_ic_reg/Q
                         net (fo=18, routed)          1.356     7.182    u_sys_monitor/u_run_2_uart_clock/U0/inst_fifo_gen/gconvfifo.rf/grf.rf/gntv_or_sync_fifo.gl0.rd/rpntr/AR[0]
    SLICE_X25Y33         FDCE                                         f  u_sys_monitor/u_run_2_uart_clock/U0/inst_fifo_gen/gconvfifo.rf/grf.rf/gntv_or_sync_fifo.gl0.rd/rpntr/gc0.count_d1_reg[0]/CLR
  -------------------------------------------------------------------    -------------------

                         (clock clk_i rise edge)     20.000    20.000 r  
    U18                                               0.000    20.000 r  clk_i (IN)
                         net (fo=0)                   0.000    20.000    clk_i
    U18                  IBUF (Prop_ibuf_I_O)         1.459    21.459 r  clk_i_IBUF_inst/O
                         net (fo=1, routed)           1.880    23.339    clk_i_IBUF
    BUFGCTRL_X0Y1        BUFG (Prop_bufg_I_O)         0.091    23.430 r  clk_i_IBUF_BUFG_inst/O
                         net (fo=262, routed)         1.488    24.918    u_sys_monitor/u_run_2_uart_clock/U0/inst_fifo_gen/gconvfifo.rf/grf.rf/gntv_or_sync_fifo.gl0.rd/rpntr/rd_clk
    SLICE_X25Y33         FDCE                                         r  u_sys_monitor/u_run_2_uart_clock/U0/inst_fifo_gen/gconvfifo.rf/grf.rf/gntv_or_sync_fifo.gl0.rd/rpntr/gc0.count_d1_reg[0]/C
                         clock pessimism              0.392    25.310    
                         clock uncertainty           -0.035    25.275    
    SLICE_X25Y33         FDCE (Recov_fdce_C_CLR)     -0.405    24.870    u_sys_monitor/u_run_2_uart_clock/U0/inst_fifo_gen/gconvfifo.rf/grf.rf/gntv_or_sync_fifo.gl0.rd/rpntr/gc0.count_d1_reg[0]
  -------------------------------------------------------------------
                         required time                         24.870    
                         arrival time                          -7.182    
  -------------------------------------------------------------------
                         slack                                 17.688    

Slack (MET) :             17.688ns  (required time - arrival time)
  Source:                 u_sys_monitor/u_run_2_uart_clock/U0/inst_fifo_gen/gconvfifo.rf/grf.rf/rstblk/ngwrdrst.grst.g7serrst.gnsckt_wrst.gic_rst.sckt_rd_rst_ic_reg/C
                            (rising edge-triggered cell FDPE clocked by clk_i  {rise@0.000ns fall@10.000ns period=20.000ns})
  Destination:            u_sys_monitor/u_run_2_uart_clock/U0/inst_fifo_gen/gconvfifo.rf/grf.rf/gntv_or_sync_fifo.gl0.rd/rpntr/gc0.count_d1_reg[1]/CLR
                            (recovery check against rising-edge clock clk_i  {rise@0.000ns fall@10.000ns period=20.000ns})
  Path Group:             **async_default**
  Path Type:              Recovery (Max at Slow Process Corner)
  Requirement:            20.000ns  (clk_i rise@20.000ns - clk_i rise@0.000ns)
  Data Path Delay:        1.812ns  (logic 0.456ns (25.170%)  route 1.356ns (74.830%))
  Logic Levels:           0  
  Clock Path Skew:        -0.060ns (DCD - SCD + CPR)
    Destination Clock Delay (DCD):    4.918ns = ( 24.918 - 20.000 ) 
    Source Clock Delay      (SCD):    5.370ns
    Clock Pessimism Removal (CPR):    0.392ns
  Clock Uncertainty:      0.035ns  ((TSJ^2 + TIJ^2)^1/2 + DJ) / 2 + PE
    Total System Jitter     (TSJ):    0.071ns
    Total Input Jitter      (TIJ):    0.000ns
    Discrete Jitter          (DJ):    0.000ns
    Phase Error              (PE):    0.000ns

    Location             Delay type                Incr(ns)  Path(ns)    Netlist Resource(s)
  -------------------------------------------------------------------    -------------------
                         (clock clk_i rise edge)      0.000     0.000 r  
    U18                                               0.000     0.000 r  clk_i (IN)
                         net (fo=0)                   0.000     0.000    clk_i
    U18                  IBUF (Prop_ibuf_I_O)         1.530     1.530 r  clk_i_IBUF_inst/O
                         net (fo=1, routed)           2.076     3.606    clk_i_IBUF
    BUFGCTRL_X0Y1        BUFG (Prop_bufg_I_O)         0.101     3.707 r  clk_i_IBUF_BUFG_inst/O
                         net (fo=262, routed)         1.663     5.370    u_sys_monitor/u_run_2_uart_clock/U0/inst_fifo_gen/gconvfifo.rf/grf.rf/rstblk/rd_clk
    SLICE_X29Y18         FDPE                                         r  u_sys_monitor/u_run_2_uart_clock/U0/inst_fifo_gen/gconvfifo.rf/grf.rf/rstblk/ngwrdrst.grst.g7serrst.gnsckt_wrst.gic_rst.sckt_rd_rst_ic_reg/C
  -------------------------------------------------------------------    -------------------
    SLICE_X29Y18         FDPE (Prop_fdpe_C_Q)         0.456     5.826 f  u_sys_monitor/u_run_2_uart_clock/U0/inst_fifo_gen/gconvfifo.rf/grf.rf/rstblk/ngwrdrst.grst.g7serrst.gnsckt_wrst.gic_rst.sckt_rd_rst_ic_reg/Q
                         net (fo=18, routed)          1.356     7.182    u_sys_monitor/u_run_2_uart_clock/U0/inst_fifo_gen/gconvfifo.rf/grf.rf/gntv_or_sync_fifo.gl0.rd/rpntr/AR[0]
    SLICE_X25Y33         FDCE                                         f  u_sys_monitor/u_run_2_uart_clock/U0/inst_fifo_gen/gconvfifo.rf/grf.rf/gntv_or_sync_fifo.gl0.rd/rpntr/gc0.count_d1_reg[1]/CLR
  -------------------------------------------------------------------    -------------------

                         (clock clk_i rise edge)     20.000    20.000 r  
    U18                                               0.000    20.000 r  clk_i (IN)
                         net (fo=0)                   0.000    20.000    clk_i
    U18                  IBUF (Prop_ibuf_I_O)         1.459    21.459 r  clk_i_IBUF_inst/O
                         net (fo=1, routed)           1.880    23.339    clk_i_IBUF
    BUFGCTRL_X0Y1        BUFG (Prop_bufg_I_O)         0.091    23.430 r  clk_i_IBUF_BUFG_inst/O
                         net (fo=262, routed)         1.488    24.918    u_sys_monitor/u_run_2_uart_clock/U0/inst_fifo_gen/gconvfifo.rf/grf.rf/gntv_or_sync_fifo.gl0.rd/rpntr/rd_clk
    SLICE_X25Y33         FDCE                                         r  u_sys_monitor/u_run_2_uart_clock/U0/inst_fifo_gen/gconvfifo.rf/grf.rf/gntv_or_sync_fifo.gl0.rd/rpntr/gc0.count_d1_reg[1]/C
                         clock pessimism              0.392    25.310    
                         clock uncertainty           -0.035    25.275    
    SLICE_X25Y33         FDCE (Recov_fdce_C_CLR)     -0.405    24.870    u_sys_monitor/u_run_2_uart_clock/U0/inst_fifo_gen/gconvfifo.rf/grf.rf/gntv_or_sync_fifo.gl0.rd/rpntr/gc0.count_d1_reg[1]
  -------------------------------------------------------------------
                         required time                         24.870    
                         arrival time                          -7.182    
  -------------------------------------------------------------------
                         slack                                 17.688    





Min Delay Paths
--------------------------------------------------------------------------------------
Slack (MET) :             0.409ns  (arrival time - required time)
  Source:                 u_sys_monitor/u_u2r_cmd_convert/U0/inst_fifo_gen/gconvfifo.rf/grf.rf/rstblk/ngwrdrst.grst.g7serrst.gnsckt_wrst.gic_rst.sckt_wr_rst_ic_reg/C
                            (rising edge-triggered cell FDPE clocked by clk_i  {rise@0.000ns fall@10.000ns period=20.000ns})
  Destination:            u_sys_monitor/u_u2r_cmd_convert/U0/inst_fifo_gen/gconvfifo.rf/grf.rf/gntv_or_sync_fifo.gl0.wr/wpntr/gic0.gc0.count_d1_reg[3]/CLR
                            (removal check against rising-edge clock clk_i  {rise@0.000ns fall@10.000ns period=20.000ns})
  Path Group:             **async_default**
  Path Type:              Removal (Min at Fast Process Corner)
  Requirement:            0.000ns  (clk_i rise@0.000ns - clk_i rise@0.000ns)
  Data Path Delay:        0.352ns  (logic 0.141ns (40.017%)  route 0.211ns (59.983%))
  Logic Levels:           0  
  Clock Path Skew:        0.035ns (DCD - SCD - CPR)
    Destination Clock Delay (DCD):    2.029ns
    Source Clock Delay      (SCD):    1.513ns
    Clock Pessimism Removal (CPR):    0.481ns

    Location             Delay type                Incr(ns)  Path(ns)    Netlist Resource(s)
  -------------------------------------------------------------------    -------------------
                         (clock clk_i rise edge)      0.000     0.000 r  
    U18                                               0.000     0.000 r  clk_i (IN)
                         net (fo=0)                   0.000     0.000    clk_i
    U18                  IBUF (Prop_ibuf_I_O)         0.297     0.297 r  clk_i_IBUF_inst/O
                         net (fo=1, routed)           0.627     0.925    clk_i_IBUF
    BUFGCTRL_X0Y1        BUFG (Prop_bufg_I_O)         0.026     0.951 r  clk_i_IBUF_BUFG_inst/O
                         net (fo=262, routed)         0.563     1.513    u_sys_monitor/u_u2r_cmd_convert/U0/inst_fifo_gen/gconvfifo.rf/grf.rf/rstblk/wr_clk
    SLICE_X27Y46         FDPE                                         r  u_sys_monitor/u_u2r_cmd_convert/U0/inst_fifo_gen/gconvfifo.rf/grf.rf/rstblk/ngwrdrst.grst.g7serrst.gnsckt_wrst.gic_rst.sckt_wr_rst_ic_reg/C
  -------------------------------------------------------------------    -------------------
    SLICE_X27Y46         FDPE (Prop_fdpe_C_Q)         0.141     1.654 f  u_sys_monitor/u_u2r_cmd_convert/U0/inst_fifo_gen/gconvfifo.rf/grf.rf/rstblk/ngwrdrst.grst.g7serrst.gnsckt_wrst.gic_rst.sckt_wr_rst_ic_reg/Q
                         net (fo=15, routed)          0.211     1.866    u_sys_monitor/u_u2r_cmd_convert/U0/inst_fifo_gen/gconvfifo.rf/grf.rf/gntv_or_sync_fifo.gl0.wr/wpntr/AR[0]
    SLICE_X29Y45         FDCE                                         f  u_sys_monitor/u_u2r_cmd_convert/U0/inst_fifo_gen/gconvfifo.rf/grf.rf/gntv_or_sync_fifo.gl0.wr/wpntr/gic0.gc0.count_d1_reg[3]/CLR
  -------------------------------------------------------------------    -------------------

                         (clock clk_i rise edge)      0.000     0.000 r  
    U18                                               0.000     0.000 r  clk_i (IN)
                         net (fo=0)                   0.000     0.000    clk_i
    U18                  IBUF (Prop_ibuf_I_O)         0.486     0.486 r  clk_i_IBUF_inst/O
                         net (fo=1, routed)           0.683     1.169    clk_i_IBUF
    BUFGCTRL_X0Y1        BUFG (Prop_bufg_I_O)         0.029     1.198 r  clk_i_IBUF_BUFG_inst/O
                         net (fo=262, routed)         0.831     2.029    u_sys_monitor/u_u2r_cmd_convert/U0/inst_fifo_gen/gconvfifo.rf/grf.rf/gntv_or_sync_fifo.gl0.wr/wpntr/wr_clk
    SLICE_X29Y45         FDCE                                         r  u_sys_monitor/u_u2r_cmd_convert/U0/inst_fifo_gen/gconvfifo.rf/grf.rf/gntv_or_sync_fifo.gl0.wr/wpntr/gic0.gc0.count_d1_reg[3]/C
                         clock pessimism             -0.481     1.548    
    SLICE_X29Y45         FDCE (Remov_fdce_C_CLR)     -0.092     1.456    u_sys_monitor/u_u2r_cmd_convert/U0/inst_fifo_gen/gconvfifo.rf/grf.rf/gntv_or_sync_fifo.gl0.wr/wpntr/gic0.gc0.count_d1_reg[3]
  -------------------------------------------------------------------
                         required time                         -1.456    
                         arrival time                           1.866    
  -------------------------------------------------------------------
                         slack                                  0.409    

Slack (MET) :             0.409ns  (arrival time - required time)
  Source:                 u_sys_monitor/u_u2r_cmd_convert/U0/inst_fifo_gen/gconvfifo.rf/grf.rf/rstblk/ngwrdrst.grst.g7serrst.gnsckt_wrst.gic_rst.sckt_wr_rst_ic_reg/C
                            (rising edge-triggered cell FDPE clocked by clk_i  {rise@0.000ns fall@10.000ns period=20.000ns})
  Destination:            u_sys_monitor/u_u2r_cmd_convert/U0/inst_fifo_gen/gconvfifo.rf/grf.rf/gntv_or_sync_fifo.gl0.wr/wpntr/gic0.gc0.count_d2_reg[0]/CLR
                            (removal check against rising-edge clock clk_i  {rise@0.000ns fall@10.000ns period=20.000ns})
  Path Group:             **async_default**
  Path Type:              Removal (Min at Fast Process Corner)
  Requirement:            0.000ns  (clk_i rise@0.000ns - clk_i rise@0.000ns)
  Data Path Delay:        0.352ns  (logic 0.141ns (40.017%)  route 0.211ns (59.983%))
  Logic Levels:           0  
  Clock Path Skew:        0.035ns (DCD - SCD - CPR)
    Destination Clock Delay (DCD):    2.029ns
    Source Clock Delay      (SCD):    1.513ns
    Clock Pessimism Removal (CPR):    0.481ns

    Location             Delay type                Incr(ns)  Path(ns)    Netlist Resource(s)
  -------------------------------------------------------------------    -------------------
                         (clock clk_i rise edge)      0.000     0.000 r  
    U18                                               0.000     0.000 r  clk_i (IN)
                         net (fo=0)                   0.000     0.000    clk_i
    U18                  IBUF (Prop_ibuf_I_O)         0.297     0.297 r  clk_i_IBUF_inst/O
                         net (fo=1, routed)           0.627     0.925    clk_i_IBUF
    BUFGCTRL_X0Y1        BUFG (Prop_bufg_I_O)         0.026     0.951 r  clk_i_IBUF_BUFG_inst/O
                         net (fo=262, routed)         0.563     1.513    u_sys_monitor/u_u2r_cmd_convert/U0/inst_fifo_gen/gconvfifo.rf/grf.rf/rstblk/wr_clk
    SLICE_X27Y46         FDPE                                         r  u_sys_monitor/u_u2r_cmd_convert/U0/inst_fifo_gen/gconvfifo.rf/grf.rf/rstblk/ngwrdrst.grst.g7serrst.gnsckt_wrst.gic_rst.sckt_wr_rst_ic_reg/C
  -------------------------------------------------------------------    -------------------
    SLICE_X27Y46         FDPE (Prop_fdpe_C_Q)         0.141     1.654 f  u_sys_monitor/u_u2r_cmd_convert/U0/inst_fifo_gen/gconvfifo.rf/grf.rf/rstblk/ngwrdrst.grst.g7serrst.gnsckt_wrst.gic_rst.sckt_wr_rst_ic_reg/Q
                         net (fo=15, routed)          0.211     1.866    u_sys_monitor/u_u2r_cmd_convert/U0/inst_fifo_gen/gconvfifo.rf/grf.rf/gntv_or_sync_fifo.gl0.wr/wpntr/AR[0]
    SLICE_X29Y45         FDCE                                         f  u_sys_monitor/u_u2r_cmd_convert/U0/inst_fifo_gen/gconvfifo.rf/grf.rf/gntv_or_sync_fifo.gl0.wr/wpntr/gic0.gc0.count_d2_reg[0]/CLR
  -------------------------------------------------------------------    -------------------

                         (clock clk_i rise edge)      0.000     0.000 r  
    U18                                               0.000     0.000 r  clk_i (IN)
                         net (fo=0)                   0.000     0.000    clk_i
    U18                  IBUF (Prop_ibuf_I_O)         0.486     0.486 r  clk_i_IBUF_inst/O
                         net (fo=1, routed)           0.683     1.169    clk_i_IBUF
    BUFGCTRL_X0Y1        BUFG (Prop_bufg_I_O)         0.029     1.198 r  clk_i_IBUF_BUFG_inst/O
                         net (fo=262, routed)         0.831     2.029    u_sys_monitor/u_u2r_cmd_convert/U0/inst_fifo_gen/gconvfifo.rf/grf.rf/gntv_or_sync_fifo.gl0.wr/wpntr/wr_clk
    SLICE_X29Y45         FDCE                                         r  u_sys_monitor/u_u2r_cmd_convert/U0/inst_fifo_gen/gconvfifo.rf/grf.rf/gntv_or_sync_fifo.gl0.wr/wpntr/gic0.gc0.count_d2_reg[0]/C
                         clock pessimism             -0.481     1.548    
    SLICE_X29Y45         FDCE (Remov_fdce_C_CLR)     -0.092     1.456    u_sys_monitor/u_u2r_cmd_convert/U0/inst_fifo_gen/gconvfifo.rf/grf.rf/gntv_or_sync_fifo.gl0.wr/wpntr/gic0.gc0.count_d2_reg[0]
  -------------------------------------------------------------------
                         required time                         -1.456    
                         arrival time                           1.866    
  -------------------------------------------------------------------
                         slack                                  0.409    

Slack (MET) :             0.409ns  (arrival time - required time)
  Source:                 u_sys_monitor/u_u2r_cmd_convert/U0/inst_fifo_gen/gconvfifo.rf/grf.rf/rstblk/ngwrdrst.grst.g7serrst.gnsckt_wrst.gic_rst.sckt_wr_rst_ic_reg/C
                            (rising edge-triggered cell FDPE clocked by clk_i  {rise@0.000ns fall@10.000ns period=20.000ns})
  Destination:            u_sys_monitor/u_u2r_cmd_convert/U0/inst_fifo_gen/gconvfifo.rf/grf.rf/gntv_or_sync_fifo.gl0.wr/wpntr/gic0.gc0.count_d2_reg[1]/CLR
                            (removal check against rising-edge clock clk_i  {rise@0.000ns fall@10.000ns period=20.000ns})
  Path Group:             **async_default**
  Path Type:              Removal (Min at Fast Process Corner)
  Requirement:            0.000ns  (clk_i rise@0.000ns - clk_i rise@0.000ns)
  Data Path Delay:        0.352ns  (logic 0.141ns (40.017%)  route 0.211ns (59.983%))
  Logic Levels:           0  
  Clock Path Skew:        0.035ns (DCD - SCD - CPR)
    Destination Clock Delay (DCD):    2.029ns
    Source Clock Delay      (SCD):    1.513ns
    Clock Pessimism Removal (CPR):    0.481ns

    Location             Delay type                Incr(ns)  Path(ns)    Netlist Resource(s)
  -------------------------------------------------------------------    -------------------
                         (clock clk_i rise edge)      0.000     0.000 r  
    U18                                               0.000     0.000 r  clk_i (IN)
                         net (fo=0)                   0.000     0.000    clk_i
    U18                  IBUF (Prop_ibuf_I_O)         0.297     0.297 r  clk_i_IBUF_inst/O
                         net (fo=1, routed)           0.627     0.925    clk_i_IBUF
    BUFGCTRL_X0Y1        BUFG (Prop_bufg_I_O)         0.026     0.951 r  clk_i_IBUF_BUFG_inst/O
                         net (fo=262, routed)         0.563     1.513    u_sys_monitor/u_u2r_cmd_convert/U0/inst_fifo_gen/gconvfifo.rf/grf.rf/rstblk/wr_clk
    SLICE_X27Y46         FDPE                                         r  u_sys_monitor/u_u2r_cmd_convert/U0/inst_fifo_gen/gconvfifo.rf/grf.rf/rstblk/ngwrdrst.grst.g7serrst.gnsckt_wrst.gic_rst.sckt_wr_rst_ic_reg/C
  -------------------------------------------------------------------    -------------------
    SLICE_X27Y46         FDPE (Prop_fdpe_C_Q)         0.141     1.654 f  u_sys_monitor/u_u2r_cmd_convert/U0/inst_fifo_gen/gconvfifo.rf/grf.rf/rstblk/ngwrdrst.grst.g7serrst.gnsckt_wrst.gic_rst.sckt_wr_rst_ic_reg/Q
                         net (fo=15, routed)          0.211     1.866    u_sys_monitor/u_u2r_cmd_convert/U0/inst_fifo_gen/gconvfifo.rf/grf.rf/gntv_or_sync_fifo.gl0.wr/wpntr/AR[0]
    SLICE_X29Y45         FDCE                                         f  u_sys_monitor/u_u2r_cmd_convert/U0/inst_fifo_gen/gconvfifo.rf/grf.rf/gntv_or_sync_fifo.gl0.wr/wpntr/gic0.gc0.count_d2_reg[1]/CLR
  -------------------------------------------------------------------    -------------------

                         (clock clk_i rise edge)      0.000     0.000 r  
    U18                                               0.000     0.000 r  clk_i (IN)
                         net (fo=0)                   0.000     0.000    clk_i
    U18                  IBUF (Prop_ibuf_I_O)         0.486     0.486 r  clk_i_IBUF_inst/O
                         net (fo=1, routed)           0.683     1.169    clk_i_IBUF
    BUFGCTRL_X0Y1        BUFG (Prop_bufg_I_O)         0.029     1.198 r  clk_i_IBUF_BUFG_inst/O
                         net (fo=262, routed)         0.831     2.029    u_sys_monitor/u_u2r_cmd_convert/U0/inst_fifo_gen/gconvfifo.rf/grf.rf/gntv_or_sync_fifo.gl0.wr/wpntr/wr_clk
    SLICE_X29Y45         FDCE                                         r  u_sys_monitor/u_u2r_cmd_convert/U0/inst_fifo_gen/gconvfifo.rf/grf.rf/gntv_or_sync_fifo.gl0.wr/wpntr/gic0.gc0.count_d2_reg[1]/C
                         clock pessimism             -0.481     1.548    
    SLICE_X29Y45         FDCE (Remov_fdce_C_CLR)     -0.092     1.456    u_sys_monitor/u_u2r_cmd_convert/U0/inst_fifo_gen/gconvfifo.rf/grf.rf/gntv_or_sync_fifo.gl0.wr/wpntr/gic0.gc0.count_d2_reg[1]
  -------------------------------------------------------------------
                         required time                         -1.456    
                         arrival time                           1.866    
  -------------------------------------------------------------------
                         slack                                  0.409    

Slack (MET) :             0.409ns  (arrival time - required time)
  Source:                 u_sys_monitor/u_u2r_cmd_convert/U0/inst_fifo_gen/gconvfifo.rf/grf.rf/rstblk/ngwrdrst.grst.g7serrst.gnsckt_wrst.gic_rst.sckt_wr_rst_ic_reg/C
                            (rising edge-triggered cell FDPE clocked by clk_i  {rise@0.000ns fall@10.000ns period=20.000ns})
  Destination:            u_sys_monitor/u_u2r_cmd_convert/U0/inst_fifo_gen/gconvfifo.rf/grf.rf/gntv_or_sync_fifo.gl0.wr/wpntr/gic0.gc0.count_d2_reg[2]/CLR
                            (removal check against rising-edge clock clk_i  {rise@0.000ns fall@10.000ns period=20.000ns})
  Path Group:             **async_default**
  Path Type:              Removal (Min at Fast Process Corner)
  Requirement:            0.000ns  (clk_i rise@0.000ns - clk_i rise@0.000ns)
  Data Path Delay:        0.352ns  (logic 0.141ns (40.017%)  route 0.211ns (59.983%))
  Logic Levels:           0  
  Clock Path Skew:        0.035ns (DCD - SCD - CPR)
    Destination Clock Delay (DCD):    2.029ns
    Source Clock Delay      (SCD):    1.513ns
    Clock Pessimism Removal (CPR):    0.481ns

    Location             Delay type                Incr(ns)  Path(ns)    Netlist Resource(s)
  -------------------------------------------------------------------    -------------------
                         (clock clk_i rise edge)      0.000     0.000 r  
    U18                                               0.000     0.000 r  clk_i (IN)
                         net (fo=0)                   0.000     0.000    clk_i
    U18                  IBUF (Prop_ibuf_I_O)         0.297     0.297 r  clk_i_IBUF_inst/O
                         net (fo=1, routed)           0.627     0.925    clk_i_IBUF
    BUFGCTRL_X0Y1        BUFG (Prop_bufg_I_O)         0.026     0.951 r  clk_i_IBUF_BUFG_inst/O
                         net (fo=262, routed)         0.563     1.513    u_sys_monitor/u_u2r_cmd_convert/U0/inst_fifo_gen/gconvfifo.rf/grf.rf/rstblk/wr_clk
    SLICE_X27Y46         FDPE                                         r  u_sys_monitor/u_u2r_cmd_convert/U0/inst_fifo_gen/gconvfifo.rf/grf.rf/rstblk/ngwrdrst.grst.g7serrst.gnsckt_wrst.gic_rst.sckt_wr_rst_ic_reg/C
  -------------------------------------------------------------------    -------------------
    SLICE_X27Y46         FDPE (Prop_fdpe_C_Q)         0.141     1.654 f  u_sys_monitor/u_u2r_cmd_convert/U0/inst_fifo_gen/gconvfifo.rf/grf.rf/rstblk/ngwrdrst.grst.g7serrst.gnsckt_wrst.gic_rst.sckt_wr_rst_ic_reg/Q
                         net (fo=15, routed)          0.211     1.866    u_sys_monitor/u_u2r_cmd_convert/U0/inst_fifo_gen/gconvfifo.rf/grf.rf/gntv_or_sync_fifo.gl0.wr/wpntr/AR[0]
    SLICE_X29Y45         FDCE                                         f  u_sys_monitor/u_u2r_cmd_convert/U0/inst_fifo_gen/gconvfifo.rf/grf.rf/gntv_or_sync_fifo.gl0.wr/wpntr/gic0.gc0.count_d2_reg[2]/CLR
  -------------------------------------------------------------------    -------------------

                         (clock clk_i rise edge)      0.000     0.000 r  
    U18                                               0.000     0.000 r  clk_i (IN)
                         net (fo=0)                   0.000     0.000    clk_i
    U18                  IBUF (Prop_ibuf_I_O)         0.486     0.486 r  clk_i_IBUF_inst/O
                         net (fo=1, routed)           0.683     1.169    clk_i_IBUF
    BUFGCTRL_X0Y1        BUFG (Prop_bufg_I_O)         0.029     1.198 r  clk_i_IBUF_BUFG_inst/O
                         net (fo=262, routed)         0.831     2.029    u_sys_monitor/u_u2r_cmd_convert/U0/inst_fifo_gen/gconvfifo.rf/grf.rf/gntv_or_sync_fifo.gl0.wr/wpntr/wr_clk
    SLICE_X29Y45         FDCE                                         r  u_sys_monitor/u_u2r_cmd_convert/U0/inst_fifo_gen/gconvfifo.rf/grf.rf/gntv_or_sync_fifo.gl0.wr/wpntr/gic0.gc0.count_d2_reg[2]/C
                         clock pessimism             -0.481     1.548    
    SLICE_X29Y45         FDCE (Remov_fdce_C_CLR)     -0.092     1.456    u_sys_monitor/u_u2r_cmd_convert/U0/inst_fifo_gen/gconvfifo.rf/grf.rf/gntv_or_sync_fifo.gl0.wr/wpntr/gic0.gc0.count_d2_reg[2]
  -------------------------------------------------------------------
                         required time                         -1.456    
                         arrival time                           1.866    
  -------------------------------------------------------------------
                         slack                                  0.409    

Slack (MET) :             0.409ns  (arrival time - required time)
  Source:                 u_sys_monitor/u_u2r_cmd_convert/U0/inst_fifo_gen/gconvfifo.rf/grf.rf/rstblk/ngwrdrst.grst.g7serrst.gnsckt_wrst.gic_rst.sckt_wr_rst_ic_reg/C
                            (rising edge-triggered cell FDPE clocked by clk_i  {rise@0.000ns fall@10.000ns period=20.000ns})
  Destination:            u_sys_monitor/u_u2r_cmd_convert/U0/inst_fifo_gen/gconvfifo.rf/grf.rf/gntv_or_sync_fifo.gl0.wr/wpntr/gic0.gc0.count_d2_reg[3]/CLR
                            (removal check against rising-edge clock clk_i  {rise@0.000ns fall@10.000ns period=20.000ns})
  Path Group:             **async_default**
  Path Type:              Removal (Min at Fast Process Corner)
  Requirement:            0.000ns  (clk_i rise@0.000ns - clk_i rise@0.000ns)
  Data Path Delay:        0.352ns  (logic 0.141ns (40.017%)  route 0.211ns (59.983%))
  Logic Levels:           0  
  Clock Path Skew:        0.035ns (DCD - SCD - CPR)
    Destination Clock Delay (DCD):    2.029ns
    Source Clock Delay      (SCD):    1.513ns
    Clock Pessimism Removal (CPR):    0.481ns

    Location             Delay type                Incr(ns)  Path(ns)    Netlist Resource(s)
  -------------------------------------------------------------------    -------------------
                         (clock clk_i rise edge)      0.000     0.000 r  
    U18                                               0.000     0.000 r  clk_i (IN)
                         net (fo=0)                   0.000     0.000    clk_i
    U18                  IBUF (Prop_ibuf_I_O)         0.297     0.297 r  clk_i_IBUF_inst/O
                         net (fo=1, routed)           0.627     0.925    clk_i_IBUF
    BUFGCTRL_X0Y1        BUFG (Prop_bufg_I_O)         0.026     0.951 r  clk_i_IBUF_BUFG_inst/O
                         net (fo=262, routed)         0.563     1.513    u_sys_monitor/u_u2r_cmd_convert/U0/inst_fifo_gen/gconvfifo.rf/grf.rf/rstblk/wr_clk
    SLICE_X27Y46         FDPE                                         r  u_sys_monitor/u_u2r_cmd_convert/U0/inst_fifo_gen/gconvfifo.rf/grf.rf/rstblk/ngwrdrst.grst.g7serrst.gnsckt_wrst.gic_rst.sckt_wr_rst_ic_reg/C
  -------------------------------------------------------------------    -------------------
    SLICE_X27Y46         FDPE (Prop_fdpe_C_Q)         0.141     1.654 f  u_sys_monitor/u_u2r_cmd_convert/U0/inst_fifo_gen/gconvfifo.rf/grf.rf/rstblk/ngwrdrst.grst.g7serrst.gnsckt_wrst.gic_rst.sckt_wr_rst_ic_reg/Q
                         net (fo=15, routed)          0.211     1.866    u_sys_monitor/u_u2r_cmd_convert/U0/inst_fifo_gen/gconvfifo.rf/grf.rf/gntv_or_sync_fifo.gl0.wr/wpntr/AR[0]
    SLICE_X29Y45         FDCE                                         f  u_sys_monitor/u_u2r_cmd_convert/U0/inst_fifo_gen/gconvfifo.rf/grf.rf/gntv_or_sync_fifo.gl0.wr/wpntr/gic0.gc0.count_d2_reg[3]/CLR
  -------------------------------------------------------------------    -------------------

                         (clock clk_i rise edge)      0.000     0.000 r  
    U18                                               0.000     0.000 r  clk_i (IN)
                         net (fo=0)                   0.000     0.000    clk_i
    U18                  IBUF (Prop_ibuf_I_O)         0.486     0.486 r  clk_i_IBUF_inst/O
                         net (fo=1, routed)           0.683     1.169    clk_i_IBUF
    BUFGCTRL_X0Y1        BUFG (Prop_bufg_I_O)         0.029     1.198 r  clk_i_IBUF_BUFG_inst/O
                         net (fo=262, routed)         0.831     2.029    u_sys_monitor/u_u2r_cmd_convert/U0/inst_fifo_gen/gconvfifo.rf/grf.rf/gntv_or_sync_fifo.gl0.wr/wpntr/wr_clk
    SLICE_X29Y45         FDCE                                         r  u_sys_monitor/u_u2r_cmd_convert/U0/inst_fifo_gen/gconvfifo.rf/grf.rf/gntv_or_sync_fifo.gl0.wr/wpntr/gic0.gc0.count_d2_reg[3]/C
                         clock pessimism             -0.481     1.548    
    SLICE_X29Y45         FDCE (Remov_fdce_C_CLR)     -0.092     1.456    u_sys_monitor/u_u2r_cmd_convert/U0/inst_fifo_gen/gconvfifo.rf/grf.rf/gntv_or_sync_fifo.gl0.wr/wpntr/gic0.gc0.count_d2_reg[3]
  -------------------------------------------------------------------
                         required time                         -1.456    
                         arrival time                           1.866    
  -------------------------------------------------------------------
                         slack                                  0.409    

Slack (MET) :             0.442ns  (arrival time - required time)
  Source:                 u_sys_monitor/u_run_2_uart_clock/U0/inst_fifo_gen/gconvfifo.rf/grf.rf/rstblk/ngwrdrst.grst.g7serrst.gnsckt_wrst.gic_rst.rst_rd_reg2_inst/arststages_ff_reg[1]/C
                            (rising edge-triggered cell FDPE clocked by clk_i  {rise@0.000ns fall@10.000ns period=20.000ns})
  Destination:            u_sys_monitor/u_run_2_uart_clock/U0/inst_fifo_gen/gconvfifo.rf/grf.rf/rstblk/ngwrdrst.grst.g7serrst.gnsckt_wrst.gic_rst.wr_rst_rd_ext_reg[0]/CLR
                            (removal check against rising-edge clock clk_i  {rise@0.000ns fall@10.000ns period=20.000ns})
  Path Group:             **async_default**
  Path Type:              Removal (Min at Fast Process Corner)
  Requirement:            0.000ns  (clk_i rise@0.000ns - clk_i rise@0.000ns)
  Data Path Delay:        0.310ns  (logic 0.148ns (47.762%)  route 0.162ns (52.238%))
  Logic Levels:           0  
  Clock Path Skew:        0.013ns (DCD - SCD - CPR)
    Destination Clock Delay (DCD):    2.020ns
    Source Clock Delay      (SCD):    1.507ns
    Clock Pessimism Removal (CPR):    0.500ns

    Location             Delay type                Incr(ns)  Path(ns)    Netlist Resource(s)
  -------------------------------------------------------------------    -------------------
                         (clock clk_i rise edge)      0.000     0.000 r  
    U18                                               0.000     0.000 r  clk_i (IN)
                         net (fo=0)                   0.000     0.000    clk_i
    U18                  IBUF (Prop_ibuf_I_O)         0.297     0.297 r  clk_i_IBUF_inst/O
                         net (fo=1, routed)           0.627     0.925    clk_i_IBUF
    BUFGCTRL_X0Y1        BUFG (Prop_bufg_I_O)         0.026     0.951 r  clk_i_IBUF_BUFG_inst/O
                         net (fo=262, routed)         0.557     1.507    u_sys_monitor/u_run_2_uart_clock/U0/inst_fifo_gen/gconvfifo.rf/grf.rf/rstblk/ngwrdrst.grst.g7serrst.gnsckt_wrst.gic_rst.rst_rd_reg2_inst/dest_clk
    SLICE_X30Y17         FDPE                                         r  u_sys_monitor/u_run_2_uart_clock/U0/inst_fifo_gen/gconvfifo.rf/grf.rf/rstblk/ngwrdrst.grst.g7serrst.gnsckt_wrst.gic_rst.rst_rd_reg2_inst/arststages_ff_reg[1]/C
  -------------------------------------------------------------------    -------------------
    SLICE_X30Y17         FDPE (Prop_fdpe_C_Q)         0.148     1.655 f  u_sys_monitor/u_run_2_uart_clock/U0/inst_fifo_gen/gconvfifo.rf/grf.rf/rstblk/ngwrdrst.grst.g7serrst.gnsckt_wrst.gic_rst.rst_rd_reg2_inst/arststages_ff_reg[1]/Q
                         net (fo=3, routed)           0.162     1.817    u_sys_monitor/u_run_2_uart_clock/U0/inst_fifo_gen/gconvfifo.rf/grf.rf/rstblk/rst_rd_reg2
    SLICE_X29Y18         FDCE                                         f  u_sys_monitor/u_run_2_uart_clock/U0/inst_fifo_gen/gconvfifo.rf/grf.rf/rstblk/ngwrdrst.grst.g7serrst.gnsckt_wrst.gic_rst.wr_rst_rd_ext_reg[0]/CLR
  -------------------------------------------------------------------    -------------------

                         (clock clk_i rise edge)      0.000     0.000 r  
    U18                                               0.000     0.000 r  clk_i (IN)
                         net (fo=0)                   0.000     0.000    clk_i
    U18                  IBUF (Prop_ibuf_I_O)         0.486     0.486 r  clk_i_IBUF_inst/O
                         net (fo=1, routed)           0.683     1.169    clk_i_IBUF
    BUFGCTRL_X0Y1        BUFG (Prop_bufg_I_O)         0.029     1.198 r  clk_i_IBUF_BUFG_inst/O
                         net (fo=262, routed)         0.822     2.020    u_sys_monitor/u_run_2_uart_clock/U0/inst_fifo_gen/gconvfifo.rf/grf.rf/rstblk/rd_clk
    SLICE_X29Y18         FDCE                                         r  u_sys_monitor/u_run_2_uart_clock/U0/inst_fifo_gen/gconvfifo.rf/grf.rf/rstblk/ngwrdrst.grst.g7serrst.gnsckt_wrst.gic_rst.wr_rst_rd_ext_reg[0]/C
                         clock pessimism             -0.500     1.520    
    SLICE_X29Y18         FDCE (Remov_fdce_C_CLR)     -0.145     1.375    u_sys_monitor/u_run_2_uart_clock/U0/inst_fifo_gen/gconvfifo.rf/grf.rf/rstblk/ngwrdrst.grst.g7serrst.gnsckt_wrst.gic_rst.wr_rst_rd_ext_reg[0]
  -------------------------------------------------------------------
                         required time                         -1.375    
                         arrival time                           1.817    
  -------------------------------------------------------------------
                         slack                                  0.442    

Slack (MET) :             0.442ns  (arrival time - required time)
  Source:                 u_sys_monitor/u_run_2_uart_clock/U0/inst_fifo_gen/gconvfifo.rf/grf.rf/rstblk/ngwrdrst.grst.g7serrst.gnsckt_wrst.gic_rst.rst_rd_reg2_inst/arststages_ff_reg[1]/C
                            (rising edge-triggered cell FDPE clocked by clk_i  {rise@0.000ns fall@10.000ns period=20.000ns})
  Destination:            u_sys_monitor/u_run_2_uart_clock/U0/inst_fifo_gen/gconvfifo.rf/grf.rf/rstblk/ngwrdrst.grst.g7serrst.gnsckt_wrst.gic_rst.wr_rst_rd_ext_reg[1]/CLR
                            (removal check against rising-edge clock clk_i  {rise@0.000ns fall@10.000ns period=20.000ns})
  Path Group:             **async_default**
  Path Type:              Removal (Min at Fast Process Corner)
  Requirement:            0.000ns  (clk_i rise@0.000ns - clk_i rise@0.000ns)
  Data Path Delay:        0.310ns  (logic 0.148ns (47.762%)  route 0.162ns (52.238%))
  Logic Levels:           0  
  Clock Path Skew:        0.013ns (DCD - SCD - CPR)
    Destination Clock Delay (DCD):    2.020ns
    Source Clock Delay      (SCD):    1.507ns
    Clock Pessimism Removal (CPR):    0.500ns

    Location             Delay type                Incr(ns)  Path(ns)    Netlist Resource(s)
  -------------------------------------------------------------------    -------------------
                         (clock clk_i rise edge)      0.000     0.000 r  
    U18                                               0.000     0.000 r  clk_i (IN)
                         net (fo=0)                   0.000     0.000    clk_i
    U18                  IBUF (Prop_ibuf_I_O)         0.297     0.297 r  clk_i_IBUF_inst/O
                         net (fo=1, routed)           0.627     0.925    clk_i_IBUF
    BUFGCTRL_X0Y1        BUFG (Prop_bufg_I_O)         0.026     0.951 r  clk_i_IBUF_BUFG_inst/O
                         net (fo=262, routed)         0.557     1.507    u_sys_monitor/u_run_2_uart_clock/U0/inst_fifo_gen/gconvfifo.rf/grf.rf/rstblk/ngwrdrst.grst.g7serrst.gnsckt_wrst.gic_rst.rst_rd_reg2_inst/dest_clk
    SLICE_X30Y17         FDPE                                         r  u_sys_monitor/u_run_2_uart_clock/U0/inst_fifo_gen/gconvfifo.rf/grf.rf/rstblk/ngwrdrst.grst.g7serrst.gnsckt_wrst.gic_rst.rst_rd_reg2_inst/arststages_ff_reg[1]/C
  -------------------------------------------------------------------    -------------------
    SLICE_X30Y17         FDPE (Prop_fdpe_C_Q)         0.148     1.655 f  u_sys_monitor/u_run_2_uart_clock/U0/inst_fifo_gen/gconvfifo.rf/grf.rf/rstblk/ngwrdrst.grst.g7serrst.gnsckt_wrst.gic_rst.rst_rd_reg2_inst/arststages_ff_reg[1]/Q
                         net (fo=3, routed)           0.162     1.817    u_sys_monitor/u_run_2_uart_clock/U0/inst_fifo_gen/gconvfifo.rf/grf.rf/rstblk/rst_rd_reg2
    SLICE_X29Y18         FDCE                                         f  u_sys_monitor/u_run_2_uart_clock/U0/inst_fifo_gen/gconvfifo.rf/grf.rf/rstblk/ngwrdrst.grst.g7serrst.gnsckt_wrst.gic_rst.wr_rst_rd_ext_reg[1]/CLR
  -------------------------------------------------------------------    -------------------

                         (clock clk_i rise edge)      0.000     0.000 r  
    U18                                               0.000     0.000 r  clk_i (IN)
                         net (fo=0)                   0.000     0.000    clk_i
    U18                  IBUF (Prop_ibuf_I_O)         0.486     0.486 r  clk_i_IBUF_inst/O
                         net (fo=1, routed)           0.683     1.169    clk_i_IBUF
    BUFGCTRL_X0Y1        BUFG (Prop_bufg_I_O)         0.029     1.198 r  clk_i_IBUF_BUFG_inst/O
                         net (fo=262, routed)         0.822     2.020    u_sys_monitor/u_run_2_uart_clock/U0/inst_fifo_gen/gconvfifo.rf/grf.rf/rstblk/rd_clk
    SLICE_X29Y18         FDCE                                         r  u_sys_monitor/u_run_2_uart_clock/U0/inst_fifo_gen/gconvfifo.rf/grf.rf/rstblk/ngwrdrst.grst.g7serrst.gnsckt_wrst.gic_rst.wr_rst_rd_ext_reg[1]/C
                         clock pessimism             -0.500     1.520    
    SLICE_X29Y18         FDCE (Remov_fdce_C_CLR)     -0.145     1.375    u_sys_monitor/u_run_2_uart_clock/U0/inst_fifo_gen/gconvfifo.rf/grf.rf/rstblk/ngwrdrst.grst.g7serrst.gnsckt_wrst.gic_rst.wr_rst_rd_ext_reg[1]
  -------------------------------------------------------------------
                         required time                         -1.375    
                         arrival time                           1.817    
  -------------------------------------------------------------------
                         slack                                  0.442    

Slack (MET) :             0.445ns  (arrival time - required time)
  Source:                 u_sys_monitor/u_run_2_uart_clock/U0/inst_fifo_gen/gconvfifo.rf/grf.rf/rstblk/ngwrdrst.grst.g7serrst.gnsckt_wrst.gic_rst.rst_rd_reg2_inst/arststages_ff_reg[1]/C
                            (rising edge-triggered cell FDPE clocked by clk_i  {rise@0.000ns fall@10.000ns period=20.000ns})
  Destination:            u_sys_monitor/u_run_2_uart_clock/U0/inst_fifo_gen/gconvfifo.rf/grf.rf/rstblk/ngwrdrst.grst.g7serrst.gnsckt_wrst.gic_rst.sckt_rd_rst_ic_reg/PRE
                            (removal check against rising-edge clock clk_i  {rise@0.000ns fall@10.000ns period=20.000ns})
  Path Group:             **async_default**
  Path Type:              Removal (Min at Fast Process Corner)
  Requirement:            0.000ns  (clk_i rise@0.000ns - clk_i rise@0.000ns)
  Data Path Delay:        0.310ns  (logic 0.148ns (47.762%)  route 0.162ns (52.238%))
  Logic Levels:           0  
  Clock Path Skew:        0.013ns (DCD - SCD - CPR)
    Destination Clock Delay (DCD):    2.020ns
    Source Clock Delay      (SCD):    1.507ns
    Clock Pessimism Removal (CPR):    0.500ns

    Location             Delay type                Incr(ns)  Path(ns)    Netlist Resource(s)
  -------------------------------------------------------------------    -------------------
                         (clock clk_i rise edge)      0.000     0.000 r  
    U18                                               0.000     0.000 r  clk_i (IN)
                         net (fo=0)                   0.000     0.000    clk_i
    U18                  IBUF (Prop_ibuf_I_O)         0.297     0.297 r  clk_i_IBUF_inst/O
                         net (fo=1, routed)           0.627     0.925    clk_i_IBUF
    BUFGCTRL_X0Y1        BUFG (Prop_bufg_I_O)         0.026     0.951 r  clk_i_IBUF_BUFG_inst/O
                         net (fo=262, routed)         0.557     1.507    u_sys_monitor/u_run_2_uart_clock/U0/inst_fifo_gen/gconvfifo.rf/grf.rf/rstblk/ngwrdrst.grst.g7serrst.gnsckt_wrst.gic_rst.rst_rd_reg2_inst/dest_clk
    SLICE_X30Y17         FDPE                                         r  u_sys_monitor/u_run_2_uart_clock/U0/inst_fifo_gen/gconvfifo.rf/grf.rf/rstblk/ngwrdrst.grst.g7serrst.gnsckt_wrst.gic_rst.rst_rd_reg2_inst/arststages_ff_reg[1]/C
  -------------------------------------------------------------------    -------------------
    SLICE_X30Y17         FDPE (Prop_fdpe_C_Q)         0.148     1.655 f  u_sys_monitor/u_run_2_uart_clock/U0/inst_fifo_gen/gconvfifo.rf/grf.rf/rstblk/ngwrdrst.grst.g7serrst.gnsckt_wrst.gic_rst.rst_rd_reg2_inst/arststages_ff_reg[1]/Q
                         net (fo=3, routed)           0.162     1.817    u_sys_monitor/u_run_2_uart_clock/U0/inst_fifo_gen/gconvfifo.rf/grf.rf/rstblk/rst_rd_reg2
    SLICE_X29Y18         FDPE                                         f  u_sys_monitor/u_run_2_uart_clock/U0/inst_fifo_gen/gconvfifo.rf/grf.rf/rstblk/ngwrdrst.grst.g7serrst.gnsckt_wrst.gic_rst.sckt_rd_rst_ic_reg/PRE
  -------------------------------------------------------------------    -------------------

                         (clock clk_i rise edge)      0.000     0.000 r  
    U18                                               0.000     0.000 r  clk_i (IN)
                         net (fo=0)                   0.000     0.000    clk_i
    U18                  IBUF (Prop_ibuf_I_O)         0.486     0.486 r  clk_i_IBUF_inst/O
                         net (fo=1, routed)           0.683     1.169    clk_i_IBUF
    BUFGCTRL_X0Y1        BUFG (Prop_bufg_I_O)         0.029     1.198 r  clk_i_IBUF_BUFG_inst/O
                         net (fo=262, routed)         0.822     2.020    u_sys_monitor/u_run_2_uart_clock/U0/inst_fifo_gen/gconvfifo.rf/grf.rf/rstblk/rd_clk
    SLICE_X29Y18         FDPE                                         r  u_sys_monitor/u_run_2_uart_clock/U0/inst_fifo_gen/gconvfifo.rf/grf.rf/rstblk/ngwrdrst.grst.g7serrst.gnsckt_wrst.gic_rst.sckt_rd_rst_ic_reg/C
                         clock pessimism             -0.500     1.520    
    SLICE_X29Y18         FDPE (Remov_fdpe_C_PRE)     -0.148     1.372    u_sys_monitor/u_run_2_uart_clock/U0/inst_fifo_gen/gconvfifo.rf/grf.rf/rstblk/ngwrdrst.grst.g7serrst.gnsckt_wrst.gic_rst.sckt_rd_rst_ic_reg
  -------------------------------------------------------------------
                         required time                         -1.372    
                         arrival time                           1.817    
  -------------------------------------------------------------------
                         slack                                  0.445    

Slack (MET) :             0.448ns  (arrival time - required time)
  Source:                 u_sys_monitor/u_u2r_cmd_convert/U0/inst_fifo_gen/gconvfifo.rf/grf.rf/rstblk/grstd1.grst_full.grst_f.rst_d2_reg/C
                            (rising edge-triggered cell FDPE clocked by clk_i  {rise@0.000ns fall@10.000ns period=20.000ns})
  Destination:            u_sys_monitor/u_u2r_cmd_convert/U0/inst_fifo_gen/gconvfifo.rf/grf.rf/gntv_or_sync_fifo.gl0.wr/gwas.wsts/ram_full_fb_i_reg/PRE
                            (removal check against rising-edge clock clk_i  {rise@0.000ns fall@10.000ns period=20.000ns})
  Path Group:             **async_default**
  Path Type:              Removal (Min at Fast Process Corner)
  Requirement:            0.000ns  (clk_i rise@0.000ns - clk_i rise@0.000ns)
  Data Path Delay:        0.340ns  (logic 0.148ns (43.478%)  route 0.192ns (56.522%))
  Logic Levels:           0  
  Clock Path Skew:        0.016ns (DCD - SCD - CPR)
    Destination Clock Delay (DCD):    2.029ns
    Source Clock Delay      (SCD):    1.513ns
    Clock Pessimism Removal (CPR):    0.500ns

    Location             Delay type                Incr(ns)  Path(ns)    Netlist Resource(s)
  -------------------------------------------------------------------    -------------------
                         (clock clk_i rise edge)      0.000     0.000 r  
    U18                                               0.000     0.000 r  clk_i (IN)
                         net (fo=0)                   0.000     0.000    clk_i
    U18                  IBUF (Prop_ibuf_I_O)         0.297     0.297 r  clk_i_IBUF_inst/O
                         net (fo=1, routed)           0.627     0.925    clk_i_IBUF
    BUFGCTRL_X0Y1        BUFG (Prop_bufg_I_O)         0.026     0.951 r  clk_i_IBUF_BUFG_inst/O
                         net (fo=262, routed)         0.563     1.513    u_sys_monitor/u_u2r_cmd_convert/U0/inst_fifo_gen/gconvfifo.rf/grf.rf/rstblk/wr_clk
    SLICE_X28Y46         FDPE                                         r  u_sys_monitor/u_u2r_cmd_convert/U0/inst_fifo_gen/gconvfifo.rf/grf.rf/rstblk/grstd1.grst_full.grst_f.rst_d2_reg/C
  -------------------------------------------------------------------    -------------------
    SLICE_X28Y46         FDPE (Prop_fdpe_C_Q)         0.148     1.661 f  u_sys_monitor/u_u2r_cmd_convert/U0/inst_fifo_gen/gconvfifo.rf/grf.rf/rstblk/grstd1.grst_full.grst_f.rst_d2_reg/Q
                         net (fo=3, routed)           0.192     1.854    u_sys_monitor/u_u2r_cmd_convert/U0/inst_fifo_gen/gconvfifo.rf/grf.rf/gntv_or_sync_fifo.gl0.wr/gwas.wsts/out
    SLICE_X28Y45         FDPE                                         f  u_sys_monitor/u_u2r_cmd_convert/U0/inst_fifo_gen/gconvfifo.rf/grf.rf/gntv_or_sync_fifo.gl0.wr/gwas.wsts/ram_full_fb_i_reg/PRE
  -------------------------------------------------------------------    -------------------

                         (clock clk_i rise edge)      0.000     0.000 r  
    U18                                               0.000     0.000 r  clk_i (IN)
                         net (fo=0)                   0.000     0.000    clk_i
    U18                  IBUF (Prop_ibuf_I_O)         0.486     0.486 r  clk_i_IBUF_inst/O
                         net (fo=1, routed)           0.683     1.169    clk_i_IBUF
    BUFGCTRL_X0Y1        BUFG (Prop_bufg_I_O)         0.029     1.198 r  clk_i_IBUF_BUFG_inst/O
                         net (fo=262, routed)         0.831     2.029    u_sys_monitor/u_u2r_cmd_convert/U0/inst_fifo_gen/gconvfifo.rf/grf.rf/gntv_or_sync_fifo.gl0.wr/gwas.wsts/wr_clk
    SLICE_X28Y45         FDPE                                         r  u_sys_monitor/u_u2r_cmd_convert/U0/inst_fifo_gen/gconvfifo.rf/grf.rf/gntv_or_sync_fifo.gl0.wr/gwas.wsts/ram_full_fb_i_reg/C
                         clock pessimism             -0.500     1.529    
    SLICE_X28Y45         FDPE (Remov_fdpe_C_PRE)     -0.124     1.405    u_sys_monitor/u_u2r_cmd_convert/U0/inst_fifo_gen/gconvfifo.rf/grf.rf/gntv_or_sync_fifo.gl0.wr/gwas.wsts/ram_full_fb_i_reg
  -------------------------------------------------------------------
                         required time                         -1.405    
                         arrival time                           1.854    
  -------------------------------------------------------------------
                         slack                                  0.448    

Slack (MET) :             0.448ns  (arrival time - required time)
  Source:                 u_sys_monitor/u_u2r_cmd_convert/U0/inst_fifo_gen/gconvfifo.rf/grf.rf/rstblk/grstd1.grst_full.grst_f.rst_d2_reg/C
                            (rising edge-triggered cell FDPE clocked by clk_i  {rise@0.000ns fall@10.000ns period=20.000ns})
  Destination:            u_sys_monitor/u_u2r_cmd_convert/U0/inst_fifo_gen/gconvfifo.rf/grf.rf/gntv_or_sync_fifo.gl0.wr/gwas.wsts/ram_full_i_reg/PRE
                            (removal check against rising-edge clock clk_i  {rise@0.000ns fall@10.000ns period=20.000ns})
  Path Group:             **async_default**
  Path Type:              Removal (Min at Fast Process Corner)
  Requirement:            0.000ns  (clk_i rise@0.000ns - clk_i rise@0.000ns)
  Data Path Delay:        0.340ns  (logic 0.148ns (43.478%)  route 0.192ns (56.522%))
  Logic Levels:           0  
  Clock Path Skew:        0.016ns (DCD - SCD - CPR)
    Destination Clock Delay (DCD):    2.029ns
    Source Clock Delay      (SCD):    1.513ns
    Clock Pessimism Removal (CPR):    0.500ns

    Location             Delay type                Incr(ns)  Path(ns)    Netlist Resource(s)
  -------------------------------------------------------------------    -------------------
                         (clock clk_i rise edge)      0.000     0.000 r  
    U18                                               0.000     0.000 r  clk_i (IN)
                         net (fo=0)                   0.000     0.000    clk_i
    U18                  IBUF (Prop_ibuf_I_O)         0.297     0.297 r  clk_i_IBUF_inst/O
                         net (fo=1, routed)           0.627     0.925    clk_i_IBUF
    BUFGCTRL_X0Y1        BUFG (Prop_bufg_I_O)         0.026     0.951 r  clk_i_IBUF_BUFG_inst/O
                         net (fo=262, routed)         0.563     1.513    u_sys_monitor/u_u2r_cmd_convert/U0/inst_fifo_gen/gconvfifo.rf/grf.rf/rstblk/wr_clk
    SLICE_X28Y46         FDPE                                         r  u_sys_monitor/u_u2r_cmd_convert/U0/inst_fifo_gen/gconvfifo.rf/grf.rf/rstblk/grstd1.grst_full.grst_f.rst_d2_reg/C
  -------------------------------------------------------------------    -------------------
    SLICE_X28Y46         FDPE (Prop_fdpe_C_Q)         0.148     1.661 f  u_sys_monitor/u_u2r_cmd_convert/U0/inst_fifo_gen/gconvfifo.rf/grf.rf/rstblk/grstd1.grst_full.grst_f.rst_d2_reg/Q
                         net (fo=3, routed)           0.192     1.854    u_sys_monitor/u_u2r_cmd_convert/U0/inst_fifo_gen/gconvfifo.rf/grf.rf/gntv_or_sync_fifo.gl0.wr/gwas.wsts/out
    SLICE_X28Y45         FDPE                                         f  u_sys_monitor/u_u2r_cmd_convert/U0/inst_fifo_gen/gconvfifo.rf/grf.rf/gntv_or_sync_fifo.gl0.wr/gwas.wsts/ram_full_i_reg/PRE
  -------------------------------------------------------------------    -------------------

                         (clock clk_i rise edge)      0.000     0.000 r  
    U18                                               0.000     0.000 r  clk_i (IN)
                         net (fo=0)                   0.000     0.000    clk_i
    U18                  IBUF (Prop_ibuf_I_O)         0.486     0.486 r  clk_i_IBUF_inst/O
                         net (fo=1, routed)           0.683     1.169    clk_i_IBUF
    BUFGCTRL_X0Y1        BUFG (Prop_bufg_I_O)         0.029     1.198 r  clk_i_IBUF_BUFG_inst/O
                         net (fo=262, routed)         0.831     2.029    u_sys_monitor/u_u2r_cmd_convert/U0/inst_fifo_gen/gconvfifo.rf/grf.rf/gntv_or_sync_fifo.gl0.wr/gwas.wsts/wr_clk
    SLICE_X28Y45         FDPE                                         r  u_sys_monitor/u_u2r_cmd_convert/U0/inst_fifo_gen/gconvfifo.rf/grf.rf/gntv_or_sync_fifo.gl0.wr/gwas.wsts/ram_full_i_reg/C
                         clock pessimism             -0.500     1.529    
    SLICE_X28Y45         FDPE (Remov_fdpe_C_PRE)     -0.124     1.405    u_sys_monitor/u_u2r_cmd_convert/U0/inst_fifo_gen/gconvfifo.rf/grf.rf/gntv_or_sync_fifo.gl0.wr/gwas.wsts/ram_full_i_reg
  -------------------------------------------------------------------
                         required time                         -1.405    
                         arrival time                           1.854    
  -------------------------------------------------------------------
                         slack                                  0.448    





---------------------------------------------------------------------------------------------------
Path Group:  **default**
From Clock:  clk_i
  To Clock:  

Setup :            0  Failing Endpoints,  Worst Slack       18.751ns,  Total Violation        0.000ns
Hold  :           NA  Failing Endpoints,  Worst Slack           NA  ,  Total Violation           NA
---------------------------------------------------------------------------------------------------


Max Delay Paths
--------------------------------------------------------------------------------------
Slack (MET) :             18.751ns  (required time - arrival time)
  Source:                 u_sys_monitor/u_u2r_cmd_convert/U0/inst_fifo_gen/gconvfifo.rf/grf.rf/gntv_or_sync_fifo.gcx.clkx/wr_pntr_cdc_inst/src_gray_ff_reg[1]/C
                            (rising edge-triggered cell FDRE clocked by clk_i  {rise@0.000ns fall@10.000ns period=20.000ns})
  Destination:            u_sys_monitor/u_u2r_cmd_convert/U0/inst_fifo_gen/gconvfifo.rf/grf.rf/gntv_or_sync_fifo.gcx.clkx/wr_pntr_cdc_inst/dest_graysync_ff_reg[0][1]/D
  Path Group:             **default**
  Path Type:              Setup (Max at Slow Process Corner)
  Requirement:            20.000ns  (MaxDelay Path 20.000ns)
  Data Path Delay:        1.027ns  (logic 0.419ns (40.784%)  route 0.608ns (59.216%))
  Logic Levels:           0  
  Timing Exception:       MaxDelay Path 20.000ns -datapath_only

    Location             Delay type                Incr(ns)  Path(ns)    Netlist Resource(s)
  -------------------------------------------------------------------    -------------------
    SLICE_X31Y43                                      0.000     0.000 r  u_sys_monitor/u_u2r_cmd_convert/U0/inst_fifo_gen/gconvfifo.rf/grf.rf/gntv_or_sync_fifo.gcx.clkx/wr_pntr_cdc_inst/src_gray_ff_reg[1]/C
    SLICE_X31Y43         FDRE (Prop_fdre_C_Q)         0.419     0.419 r  u_sys_monitor/u_u2r_cmd_convert/U0/inst_fifo_gen/gconvfifo.rf/grf.rf/gntv_or_sync_fifo.gcx.clkx/wr_pntr_cdc_inst/src_gray_ff_reg[1]/Q
                         net (fo=1, routed)           0.608     1.027    u_sys_monitor/u_u2r_cmd_convert/U0/inst_fifo_gen/gconvfifo.rf/grf.rf/gntv_or_sync_fifo.gcx.clkx/wr_pntr_cdc_inst/async_path[1]
    SLICE_X34Y43         FDRE                                         r  u_sys_monitor/u_u2r_cmd_convert/U0/inst_fifo_gen/gconvfifo.rf/grf.rf/gntv_or_sync_fifo.gcx.clkx/wr_pntr_cdc_inst/dest_graysync_ff_reg[0][1]/D
  -------------------------------------------------------------------    -------------------

                         max delay                   20.000    20.000    
    SLICE_X34Y43         FDRE (Setup_fdre_C_D)       -0.222    19.778    u_sys_monitor/u_u2r_cmd_convert/U0/inst_fifo_gen/gconvfifo.rf/grf.rf/gntv_or_sync_fifo.gcx.clkx/wr_pntr_cdc_inst/dest_graysync_ff_reg[0][1]
  -------------------------------------------------------------------
                         required time                         19.778    
                         arrival time                          -1.027    
  -------------------------------------------------------------------
                         slack                                 18.751    

Slack (MET) :             18.774ns  (required time - arrival time)
  Source:                 u_sys_monitor/u_u2r_cmd_convert/U0/inst_fifo_gen/gconvfifo.rf/grf.rf/gntv_or_sync_fifo.gcx.clkx/wr_pntr_cdc_inst/src_gray_ff_reg[3]/C
                            (rising edge-triggered cell FDRE clocked by clk_i  {rise@0.000ns fall@10.000ns period=20.000ns})
  Destination:            u_sys_monitor/u_u2r_cmd_convert/U0/inst_fifo_gen/gconvfifo.rf/grf.rf/gntv_or_sync_fifo.gcx.clkx/wr_pntr_cdc_inst/dest_graysync_ff_reg[0][3]/D
  Path Group:             **default**
  Path Type:              Setup (Max at Slow Process Corner)
  Requirement:            20.000ns  (MaxDelay Path 20.000ns)
  Data Path Delay:        0.961ns  (logic 0.478ns (49.743%)  route 0.483ns (50.257%))
  Logic Levels:           0  
  Timing Exception:       MaxDelay Path 20.000ns -datapath_only

    Location             Delay type                Incr(ns)  Path(ns)    Netlist Resource(s)
  -------------------------------------------------------------------    -------------------
    SLICE_X32Y43                                      0.000     0.000 r  u_sys_monitor/u_u2r_cmd_convert/U0/inst_fifo_gen/gconvfifo.rf/grf.rf/gntv_or_sync_fifo.gcx.clkx/wr_pntr_cdc_inst/src_gray_ff_reg[3]/C
    SLICE_X32Y43         FDRE (Prop_fdre_C_Q)         0.478     0.478 r  u_sys_monitor/u_u2r_cmd_convert/U0/inst_fifo_gen/gconvfifo.rf/grf.rf/gntv_or_sync_fifo.gcx.clkx/wr_pntr_cdc_inst/src_gray_ff_reg[3]/Q
                         net (fo=1, routed)           0.483     0.961    u_sys_monitor/u_u2r_cmd_convert/U0/inst_fifo_gen/gconvfifo.rf/grf.rf/gntv_or_sync_fifo.gcx.clkx/wr_pntr_cdc_inst/async_path[3]
    SLICE_X33Y43         FDRE                                         r  u_sys_monitor/u_u2r_cmd_convert/U0/inst_fifo_gen/gconvfifo.rf/grf.rf/gntv_or_sync_fifo.gcx.clkx/wr_pntr_cdc_inst/dest_graysync_ff_reg[0][3]/D
  -------------------------------------------------------------------    -------------------

                         max delay                   20.000    20.000    
    SLICE_X33Y43         FDRE (Setup_fdre_C_D)       -0.265    19.735    u_sys_monitor/u_u2r_cmd_convert/U0/inst_fifo_gen/gconvfifo.rf/grf.rf/gntv_or_sync_fifo.gcx.clkx/wr_pntr_cdc_inst/dest_graysync_ff_reg[0][3]
  -------------------------------------------------------------------
                         required time                         19.735    
                         arrival time                          -0.961    
  -------------------------------------------------------------------
                         slack                                 18.774    

Slack (MET) :             18.847ns  (required time - arrival time)
  Source:                 u_sys_monitor/u_run_2_uart_clock/U0/inst_fifo_gen/gconvfifo.rf/grf.rf/gntv_or_sync_fifo.gcx.clkx/rd_pntr_cdc_inst/src_gray_ff_reg[1]/C
                            (rising edge-triggered cell FDRE clocked by clk_i  {rise@0.000ns fall@10.000ns period=20.000ns})
  Destination:            u_sys_monitor/u_run_2_uart_clock/U0/inst_fifo_gen/gconvfifo.rf/grf.rf/gntv_or_sync_fifo.gcx.clkx/rd_pntr_cdc_inst/dest_graysync_ff_reg[0][1]/D
  Path Group:             **default**
  Path Type:              Setup (Max at Slow Process Corner)
  Requirement:            20.000ns  (MaxDelay Path 20.000ns)
  Data Path Delay:        0.939ns  (logic 0.478ns (50.905%)  route 0.461ns (49.095%))
  Logic Levels:           0  
  Timing Exception:       MaxDelay Path 20.000ns -datapath_only

    Location             Delay type                Incr(ns)  Path(ns)    Netlist Resource(s)
  -------------------------------------------------------------------    -------------------
    SLICE_X24Y33                                      0.000     0.000 r  u_sys_monitor/u_run_2_uart_clock/U0/inst_fifo_gen/gconvfifo.rf/grf.rf/gntv_or_sync_fifo.gcx.clkx/rd_pntr_cdc_inst/src_gray_ff_reg[1]/C
    SLICE_X24Y33         FDRE (Prop_fdre_C_Q)         0.478     0.478 r  u_sys_monitor/u_run_2_uart_clock/U0/inst_fifo_gen/gconvfifo.rf/grf.rf/gntv_or_sync_fifo.gcx.clkx/rd_pntr_cdc_inst/src_gray_ff_reg[1]/Q
                         net (fo=1, routed)           0.461     0.939    u_sys_monitor/u_run_2_uart_clock/U0/inst_fifo_gen/gconvfifo.rf/grf.rf/gntv_or_sync_fifo.gcx.clkx/rd_pntr_cdc_inst/async_path[1]
    SLICE_X24Y31         FDRE                                         r  u_sys_monitor/u_run_2_uart_clock/U0/inst_fifo_gen/gconvfifo.rf/grf.rf/gntv_or_sync_fifo.gcx.clkx/rd_pntr_cdc_inst/dest_graysync_ff_reg[0][1]/D
  -------------------------------------------------------------------    -------------------

                         max delay                   20.000    20.000    
    SLICE_X24Y31         FDRE (Setup_fdre_C_D)       -0.214    19.786    u_sys_monitor/u_run_2_uart_clock/U0/inst_fifo_gen/gconvfifo.rf/grf.rf/gntv_or_sync_fifo.gcx.clkx/rd_pntr_cdc_inst/dest_graysync_ff_reg[0][1]
  -------------------------------------------------------------------
                         required time                         19.786    
                         arrival time                          -0.939    
  -------------------------------------------------------------------
                         slack                                 18.847    

Slack (MET) :             18.911ns  (required time - arrival time)
  Source:                 u_sys_monitor/u_run_2_uart_clock/U0/inst_fifo_gen/gconvfifo.rf/grf.rf/gntv_or_sync_fifo.gcx.clkx/rd_pntr_cdc_inst/src_gray_ff_reg[2]/C
                            (rising edge-triggered cell FDRE clocked by clk_i  {rise@0.000ns fall@10.000ns period=20.000ns})
  Destination:            u_sys_monitor/u_run_2_uart_clock/U0/inst_fifo_gen/gconvfifo.rf/grf.rf/gntv_or_sync_fifo.gcx.clkx/rd_pntr_cdc_inst/dest_graysync_ff_reg[0][2]/D
  Path Group:             **default**
  Path Type:              Setup (Max at Slow Process Corner)
  Requirement:            20.000ns  (MaxDelay Path 20.000ns)
  Data Path Delay:        0.994ns  (logic 0.456ns (45.890%)  route 0.538ns (54.110%))
  Logic Levels:           0  
  Timing Exception:       MaxDelay Path 20.000ns -datapath_only

    Location             Delay type                Incr(ns)  Path(ns)    Netlist Resource(s)
  -------------------------------------------------------------------    -------------------
    SLICE_X25Y31                                      0.000     0.000 r  u_sys_monitor/u_run_2_uart_clock/U0/inst_fifo_gen/gconvfifo.rf/grf.rf/gntv_or_sync_fifo.gcx.clkx/rd_pntr_cdc_inst/src_gray_ff_reg[2]/C
    SLICE_X25Y31         FDRE (Prop_fdre_C_Q)         0.456     0.456 r  u_sys_monitor/u_run_2_uart_clock/U0/inst_fifo_gen/gconvfifo.rf/grf.rf/gntv_or_sync_fifo.gcx.clkx/rd_pntr_cdc_inst/src_gray_ff_reg[2]/Q
                         net (fo=1, routed)           0.538     0.994    u_sys_monitor/u_run_2_uart_clock/U0/inst_fifo_gen/gconvfifo.rf/grf.rf/gntv_or_sync_fifo.gcx.clkx/rd_pntr_cdc_inst/async_path[2]
    SLICE_X26Y30         FDRE                                         r  u_sys_monitor/u_run_2_uart_clock/U0/inst_fifo_gen/gconvfifo.rf/grf.rf/gntv_or_sync_fifo.gcx.clkx/rd_pntr_cdc_inst/dest_graysync_ff_reg[0][2]/D
  -------------------------------------------------------------------    -------------------

                         max delay                   20.000    20.000    
    SLICE_X26Y30         FDRE (Setup_fdre_C_D)       -0.095    19.905    u_sys_monitor/u_run_2_uart_clock/U0/inst_fifo_gen/gconvfifo.rf/grf.rf/gntv_or_sync_fifo.gcx.clkx/rd_pntr_cdc_inst/dest_graysync_ff_reg[0][2]
  -------------------------------------------------------------------
                         required time                         19.905    
                         arrival time                          -0.994    
  -------------------------------------------------------------------
                         slack                                 18.911    

Slack (MET) :             18.987ns  (required time - arrival time)
  Source:                 u_sys_monitor/u_run_2_uart_clock/U0/inst_fifo_gen/gconvfifo.rf/grf.rf/gntv_or_sync_fifo.gcx.clkx/rd_pntr_cdc_inst/src_gray_ff_reg[0]/C
                            (rising edge-triggered cell FDRE clocked by clk_i  {rise@0.000ns fall@10.000ns period=20.000ns})
  Destination:            u_sys_monitor/u_run_2_uart_clock/U0/inst_fifo_gen/gconvfifo.rf/grf.rf/gntv_or_sync_fifo.gcx.clkx/rd_pntr_cdc_inst/dest_graysync_ff_reg[0][0]/D
  Path Group:             **default**
  Path Type:              Setup (Max at Slow Process Corner)
  Requirement:            20.000ns  (MaxDelay Path 20.000ns)
  Data Path Delay:        0.966ns  (logic 0.518ns (53.620%)  route 0.448ns (46.380%))
  Logic Levels:           0  
  Timing Exception:       MaxDelay Path 20.000ns -datapath_only

    Location             Delay type                Incr(ns)  Path(ns)    Netlist Resource(s)
  -------------------------------------------------------------------    -------------------
    SLICE_X24Y33                                      0.000     0.000 r  u_sys_monitor/u_run_2_uart_clock/U0/inst_fifo_gen/gconvfifo.rf/grf.rf/gntv_or_sync_fifo.gcx.clkx/rd_pntr_cdc_inst/src_gray_ff_reg[0]/C
    SLICE_X24Y33         FDRE (Prop_fdre_C_Q)         0.518     0.518 r  u_sys_monitor/u_run_2_uart_clock/U0/inst_fifo_gen/gconvfifo.rf/grf.rf/gntv_or_sync_fifo.gcx.clkx/rd_pntr_cdc_inst/src_gray_ff_reg[0]/Q
                         net (fo=1, routed)           0.448     0.966    u_sys_monitor/u_run_2_uart_clock/U0/inst_fifo_gen/gconvfifo.rf/grf.rf/gntv_or_sync_fifo.gcx.clkx/rd_pntr_cdc_inst/async_path[0]
    SLICE_X24Y31         FDRE                                         r  u_sys_monitor/u_run_2_uart_clock/U0/inst_fifo_gen/gconvfifo.rf/grf.rf/gntv_or_sync_fifo.gcx.clkx/rd_pntr_cdc_inst/dest_graysync_ff_reg[0][0]/D
  -------------------------------------------------------------------    -------------------

                         max delay                   20.000    20.000    
    SLICE_X24Y31         FDRE (Setup_fdre_C_D)       -0.047    19.953    u_sys_monitor/u_run_2_uart_clock/U0/inst_fifo_gen/gconvfifo.rf/grf.rf/gntv_or_sync_fifo.gcx.clkx/rd_pntr_cdc_inst/dest_graysync_ff_reg[0][0]
  -------------------------------------------------------------------
                         required time                         19.953    
                         arrival time                          -0.966    
  -------------------------------------------------------------------
                         slack                                 18.987    

Slack (MET) :             19.001ns  (required time - arrival time)
  Source:                 u_sys_monitor/u_run_2_uart_clock/U0/inst_fifo_gen/gconvfifo.rf/grf.rf/gntv_or_sync_fifo.gcx.clkx/rd_pntr_cdc_inst/src_gray_ff_reg[4]/C
                            (rising edge-triggered cell FDRE clocked by clk_i  {rise@0.000ns fall@10.000ns period=20.000ns})
  Destination:            u_sys_monitor/u_run_2_uart_clock/U0/inst_fifo_gen/gconvfifo.rf/grf.rf/gntv_or_sync_fifo.gcx.clkx/rd_pntr_cdc_inst/dest_graysync_ff_reg[0][4]/D
  Path Group:             **default**
  Path Type:              Setup (Max at Slow Process Corner)
  Requirement:            20.000ns  (MaxDelay Path 20.000ns)
  Data Path Delay:        0.904ns  (logic 0.456ns (50.442%)  route 0.448ns (49.558%))
  Logic Levels:           0  
  Timing Exception:       MaxDelay Path 20.000ns -datapath_only

    Location             Delay type                Incr(ns)  Path(ns)    Netlist Resource(s)
  -------------------------------------------------------------------    -------------------
    SLICE_X26Y31                                      0.000     0.000 r  u_sys_monitor/u_run_2_uart_clock/U0/inst_fifo_gen/gconvfifo.rf/grf.rf/gntv_or_sync_fifo.gcx.clkx/rd_pntr_cdc_inst/src_gray_ff_reg[4]/C
    SLICE_X26Y31         FDRE (Prop_fdre_C_Q)         0.456     0.456 r  u_sys_monitor/u_run_2_uart_clock/U0/inst_fifo_gen/gconvfifo.rf/grf.rf/gntv_or_sync_fifo.gcx.clkx/rd_pntr_cdc_inst/src_gray_ff_reg[4]/Q
                         net (fo=1, routed)           0.448     0.904    u_sys_monitor/u_run_2_uart_clock/U0/inst_fifo_gen/gconvfifo.rf/grf.rf/gntv_or_sync_fifo.gcx.clkx/rd_pntr_cdc_inst/async_path[4]
    SLICE_X26Y29         FDRE                                         r  u_sys_monitor/u_run_2_uart_clock/U0/inst_fifo_gen/gconvfifo.rf/grf.rf/gntv_or_sync_fifo.gcx.clkx/rd_pntr_cdc_inst/dest_graysync_ff_reg[0][4]/D
  -------------------------------------------------------------------    -------------------

                         max delay                   20.000    20.000    
    SLICE_X26Y29         FDRE (Setup_fdre_C_D)       -0.095    19.905    u_sys_monitor/u_run_2_uart_clock/U0/inst_fifo_gen/gconvfifo.rf/grf.rf/gntv_or_sync_fifo.gcx.clkx/rd_pntr_cdc_inst/dest_graysync_ff_reg[0][4]
  -------------------------------------------------------------------
                         required time                         19.905    
                         arrival time                          -0.904    
  -------------------------------------------------------------------
                         slack                                 19.001    

Slack (MET) :             19.004ns  (required time - arrival time)
  Source:                 u_sys_monitor/u_u2r_cmd_convert/U0/inst_fifo_gen/gconvfifo.rf/grf.rf/gntv_or_sync_fifo.gcx.clkx/wr_pntr_cdc_inst/src_gray_ff_reg[0]/C
                            (rising edge-triggered cell FDRE clocked by clk_i  {rise@0.000ns fall@10.000ns period=20.000ns})
  Destination:            u_sys_monitor/u_u2r_cmd_convert/U0/inst_fifo_gen/gconvfifo.rf/grf.rf/gntv_or_sync_fifo.gcx.clkx/wr_pntr_cdc_inst/dest_graysync_ff_reg[0][0]/D
  Path Group:             **default**
  Path Type:              Setup (Max at Slow Process Corner)
  Requirement:            20.000ns  (MaxDelay Path 20.000ns)
  Data Path Delay:        0.901ns  (logic 0.456ns (50.624%)  route 0.445ns (49.376%))
  Logic Levels:           0  
  Timing Exception:       MaxDelay Path 20.000ns -datapath_only

    Location             Delay type                Incr(ns)  Path(ns)    Netlist Resource(s)
  -------------------------------------------------------------------    -------------------
    SLICE_X31Y43                                      0.000     0.000 r  u_sys_monitor/u_u2r_cmd_convert/U0/inst_fifo_gen/gconvfifo.rf/grf.rf/gntv_or_sync_fifo.gcx.clkx/wr_pntr_cdc_inst/src_gray_ff_reg[0]/C
    SLICE_X31Y43         FDRE (Prop_fdre_C_Q)         0.456     0.456 r  u_sys_monitor/u_u2r_cmd_convert/U0/inst_fifo_gen/gconvfifo.rf/grf.rf/gntv_or_sync_fifo.gcx.clkx/wr_pntr_cdc_inst/src_gray_ff_reg[0]/Q
                         net (fo=1, routed)           0.445     0.901    u_sys_monitor/u_u2r_cmd_convert/U0/inst_fifo_gen/gconvfifo.rf/grf.rf/gntv_or_sync_fifo.gcx.clkx/wr_pntr_cdc_inst/async_path[0]
    SLICE_X33Y43         FDRE                                         r  u_sys_monitor/u_u2r_cmd_convert/U0/inst_fifo_gen/gconvfifo.rf/grf.rf/gntv_or_sync_fifo.gcx.clkx/wr_pntr_cdc_inst/dest_graysync_ff_reg[0][0]/D
  -------------------------------------------------------------------    -------------------

                         max delay                   20.000    20.000    
    SLICE_X33Y43         FDRE (Setup_fdre_C_D)       -0.095    19.905    u_sys_monitor/u_u2r_cmd_convert/U0/inst_fifo_gen/gconvfifo.rf/grf.rf/gntv_or_sync_fifo.gcx.clkx/wr_pntr_cdc_inst/dest_graysync_ff_reg[0][0]
  -------------------------------------------------------------------
                         required time                         19.905    
                         arrival time                          -0.901    
  -------------------------------------------------------------------
                         slack                                 19.004    

Slack (MET) :             19.007ns  (required time - arrival time)
  Source:                 u_sys_monitor/u_run_2_uart_clock/U0/inst_fifo_gen/gconvfifo.rf/grf.rf/gntv_or_sync_fifo.gcx.clkx/rd_pntr_cdc_inst/src_gray_ff_reg[3]/C
                            (rising edge-triggered cell FDRE clocked by clk_i  {rise@0.000ns fall@10.000ns period=20.000ns})
  Destination:            u_sys_monitor/u_run_2_uart_clock/U0/inst_fifo_gen/gconvfifo.rf/grf.rf/gntv_or_sync_fifo.gcx.clkx/rd_pntr_cdc_inst/dest_graysync_ff_reg[0][3]/D
  Path Group:             **default**
  Path Type:              Setup (Max at Slow Process Corner)
  Requirement:            20.000ns  (MaxDelay Path 20.000ns)
  Data Path Delay:        0.773ns  (logic 0.419ns (54.231%)  route 0.354ns (45.769%))
  Logic Levels:           0  
  Timing Exception:       MaxDelay Path 20.000ns -datapath_only

    Location             Delay type                Incr(ns)  Path(ns)    Netlist Resource(s)
  -------------------------------------------------------------------    -------------------
    SLICE_X25Y31                                      0.000     0.000 r  u_sys_monitor/u_run_2_uart_clock/U0/inst_fifo_gen/gconvfifo.rf/grf.rf/gntv_or_sync_fifo.gcx.clkx/rd_pntr_cdc_inst/src_gray_ff_reg[3]/C
    SLICE_X25Y31         FDRE (Prop_fdre_C_Q)         0.419     0.419 r  u_sys_monitor/u_run_2_uart_clock/U0/inst_fifo_gen/gconvfifo.rf/grf.rf/gntv_or_sync_fifo.gcx.clkx/rd_pntr_cdc_inst/src_gray_ff_reg[3]/Q
                         net (fo=1, routed)           0.354     0.773    u_sys_monitor/u_run_2_uart_clock/U0/inst_fifo_gen/gconvfifo.rf/grf.rf/gntv_or_sync_fifo.gcx.clkx/rd_pntr_cdc_inst/async_path[3]
    SLICE_X24Y31         FDRE                                         r  u_sys_monitor/u_run_2_uart_clock/U0/inst_fifo_gen/gconvfifo.rf/grf.rf/gntv_or_sync_fifo.gcx.clkx/rd_pntr_cdc_inst/dest_graysync_ff_reg[0][3]/D
  -------------------------------------------------------------------    -------------------

                         max delay                   20.000    20.000    
    SLICE_X24Y31         FDRE (Setup_fdre_C_D)       -0.220    19.780    u_sys_monitor/u_run_2_uart_clock/U0/inst_fifo_gen/gconvfifo.rf/grf.rf/gntv_or_sync_fifo.gcx.clkx/rd_pntr_cdc_inst/dest_graysync_ff_reg[0][3]
  -------------------------------------------------------------------
                         required time                         19.780    
                         arrival time                          -0.773    
  -------------------------------------------------------------------
                         slack                                 19.007    

Slack (MET) :             19.128ns  (required time - arrival time)
  Source:                 u_sys_monitor/u_run_2_uart_clock/U0/inst_fifo_gen/gconvfifo.rf/grf.rf/gntv_or_sync_fifo.gcx.clkx/rd_pntr_cdc_inst/src_gray_ff_reg[5]/C
                            (rising edge-triggered cell FDRE clocked by clk_i  {rise@0.000ns fall@10.000ns period=20.000ns})
  Destination:            u_sys_monitor/u_run_2_uart_clock/U0/inst_fifo_gen/gconvfifo.rf/grf.rf/gntv_or_sync_fifo.gcx.clkx/rd_pntr_cdc_inst/dest_graysync_ff_reg[0][5]/D
  Path Group:             **default**
  Path Type:              Setup (Max at Slow Process Corner)
  Requirement:            20.000ns  (MaxDelay Path 20.000ns)
  Data Path Delay:        0.825ns  (logic 0.518ns (62.775%)  route 0.307ns (37.225%))
  Logic Levels:           0  
  Timing Exception:       MaxDelay Path 20.000ns -datapath_only

    Location             Delay type                Incr(ns)  Path(ns)    Netlist Resource(s)
  -------------------------------------------------------------------    -------------------
    SLICE_X24Y30                                      0.000     0.000 r  u_sys_monitor/u_run_2_uart_clock/U0/inst_fifo_gen/gconvfifo.rf/grf.rf/gntv_or_sync_fifo.gcx.clkx/rd_pntr_cdc_inst/src_gray_ff_reg[5]/C
    SLICE_X24Y30         FDRE (Prop_fdre_C_Q)         0.518     0.518 r  u_sys_monitor/u_run_2_uart_clock/U0/inst_fifo_gen/gconvfifo.rf/grf.rf/gntv_or_sync_fifo.gcx.clkx/rd_pntr_cdc_inst/src_gray_ff_reg[5]/Q
                         net (fo=1, routed)           0.307     0.825    u_sys_monitor/u_run_2_uart_clock/U0/inst_fifo_gen/gconvfifo.rf/grf.rf/gntv_or_sync_fifo.gcx.clkx/rd_pntr_cdc_inst/async_path[5]
    SLICE_X24Y29         FDRE                                         r  u_sys_monitor/u_run_2_uart_clock/U0/inst_fifo_gen/gconvfifo.rf/grf.rf/gntv_or_sync_fifo.gcx.clkx/rd_pntr_cdc_inst/dest_graysync_ff_reg[0][5]/D
  -------------------------------------------------------------------    -------------------

                         max delay                   20.000    20.000    
    SLICE_X24Y29         FDRE (Setup_fdre_C_D)       -0.047    19.953    u_sys_monitor/u_run_2_uart_clock/U0/inst_fifo_gen/gconvfifo.rf/grf.rf/gntv_or_sync_fifo.gcx.clkx/rd_pntr_cdc_inst/dest_graysync_ff_reg[0][5]
  -------------------------------------------------------------------
                         required time                         19.953    
                         arrival time                          -0.825    
  -------------------------------------------------------------------
                         slack                                 19.128    

Slack (MET) :             19.238ns  (required time - arrival time)
  Source:                 u_sys_monitor/u_u2r_cmd_convert/U0/inst_fifo_gen/gconvfifo.rf/grf.rf/gntv_or_sync_fifo.gcx.clkx/wr_pntr_cdc_inst/src_gray_ff_reg[2]/C
                            (rising edge-triggered cell FDRE clocked by clk_i  {rise@0.000ns fall@10.000ns period=20.000ns})
  Destination:            u_sys_monitor/u_u2r_cmd_convert/U0/inst_fifo_gen/gconvfifo.rf/grf.rf/gntv_or_sync_fifo.gcx.clkx/wr_pntr_cdc_inst/dest_graysync_ff_reg[0][2]/D
  Path Group:             **default**
  Path Type:              Setup (Max at Slow Process Corner)
  Requirement:            20.000ns  (MaxDelay Path 20.000ns)
  Data Path Delay:        0.669ns  (logic 0.518ns (77.417%)  route 0.151ns (22.583%))
  Logic Levels:           0  
  Timing Exception:       MaxDelay Path 20.000ns -datapath_only

    Location             Delay type                Incr(ns)  Path(ns)    Netlist Resource(s)
  -------------------------------------------------------------------    -------------------
    SLICE_X32Y43                                      0.000     0.000 r  u_sys_monitor/u_u2r_cmd_convert/U0/inst_fifo_gen/gconvfifo.rf/grf.rf/gntv_or_sync_fifo.gcx.clkx/wr_pntr_cdc_inst/src_gray_ff_reg[2]/C
    SLICE_X32Y43         FDRE (Prop_fdre_C_Q)         0.518     0.518 r  u_sys_monitor/u_u2r_cmd_convert/U0/inst_fifo_gen/gconvfifo.rf/grf.rf/gntv_or_sync_fifo.gcx.clkx/wr_pntr_cdc_inst/src_gray_ff_reg[2]/Q
                         net (fo=1, routed)           0.151     0.669    u_sys_monitor/u_u2r_cmd_convert/U0/inst_fifo_gen/gconvfifo.rf/grf.rf/gntv_or_sync_fifo.gcx.clkx/wr_pntr_cdc_inst/async_path[2]
    SLICE_X33Y43         FDRE                                         r  u_sys_monitor/u_u2r_cmd_convert/U0/inst_fifo_gen/gconvfifo.rf/grf.rf/gntv_or_sync_fifo.gcx.clkx/wr_pntr_cdc_inst/dest_graysync_ff_reg[0][2]/D
  -------------------------------------------------------------------    -------------------

                         max delay                   20.000    20.000    
    SLICE_X33Y43         FDRE (Setup_fdre_C_D)       -0.093    19.907    u_sys_monitor/u_u2r_cmd_convert/U0/inst_fifo_gen/gconvfifo.rf/grf.rf/gntv_or_sync_fifo.gcx.clkx/wr_pntr_cdc_inst/dest_graysync_ff_reg[0][2]
  -------------------------------------------------------------------
                         required time                         19.907    
                         arrival time                          -0.669    
  -------------------------------------------------------------------
                         slack                                 19.238    





