Copyright 1986-2020 Xilinx, Inc. All Rights Reserved.
--------------------------------------------------------------------------------------------------------------------------------------------------------------
| Tool Version : Vivado v.2020.1 (win64) Build 2902540 Wed May 27 19:54:49 MDT 2020
| Date         : Sun Jan 12 16:29:30 2025
| Host         : LAPTOP-RDA9S5SE running 64-bit major release  (build 9200)
| Command      : report_methodology -file proc_top_methodology_drc_routed.rpt -pb proc_top_methodology_drc_routed.pb -rpx proc_top_methodology_drc_routed.rpx
| Design       : proc_top
| Device       : xc7z010clg400-1
| Speed File   : -1
| Design State : Fully Routed
--------------------------------------------------------------------------------------------------------------------------------------------------------------

Report Methodology

Table of Contents
-----------------
1. REPORT SUMMARY
2. REPORT DETAILS

1. REPORT SUMMARY
-----------------
            Netlist: netlist
          Floorplan: design_1
      Design limits: <entire design considered>
             Max violations: <unlimited>
             Violations found: 526
+-----------+------------------+-------------------------------+------------+
| Rule      | Severity         | Description                   | Violations |
+-----------+------------------+-------------------------------+------------+
| TIMING-17 | Critical Warning | Non-clocked sequential cell   | 459        |
| LUTAR-1   | Warning          | LUT drives async reset alert  | 1          |
| TIMING-18 | Warning          | Missing input or output delay | 3          |
| TIMING-20 | Warning          | Non-clocked latch             | 63         |
+-----------+------------------+-------------------------------+------------+

2. REPORT DETAILS
-----------------
TIMING-17#1 Critical Warning
Non-clocked sequential cell  
The clock pin u_sys_monitor/r2u_fifo_wdata_reg[0]/C is not reached by a timing clock
Related violations: <none>

TIMING-17#2 Critical Warning
Non-clocked sequential cell  
The clock pin u_sys_monitor/r2u_fifo_wdata_reg[10]/C is not reached by a timing clock
Related violations: <none>

TIMING-17#3 Critical Warning
Non-clocked sequential cell  
The clock pin u_sys_monitor/r2u_fifo_wdata_reg[11]/C is not reached by a timing clock
Related violations: <none>

TIMING-17#4 Critical Warning
Non-clocked sequential cell  
The clock pin u_sys_monitor/r2u_fifo_wdata_reg[12]/C is not reached by a timing clock
Related violations: <none>

TIMING-17#5 Critical Warning
Non-clocked sequential cell  
The clock pin u_sys_monitor/r2u_fifo_wdata_reg[13]/C is not reached by a timing clock
Related violations: <none>

TIMING-17#6 Critical Warning
Non-clocked sequential cell  
The clock pin u_sys_monitor/r2u_fifo_wdata_reg[14]/C is not reached by a timing clock
Related violations: <none>

TIMING-17#7 Critical Warning
Non-clocked sequential cell  
The clock pin u_sys_monitor/r2u_fifo_wdata_reg[15]/C is not reached by a timing clock
Related violations: <none>

TIMING-17#8 Critical Warning
Non-clocked sequential cell  
The clock pin u_sys_monitor/r2u_fifo_wdata_reg[16]/C is not reached by a timing clock
Related violations: <none>

TIMING-17#9 Critical Warning
Non-clocked sequential cell  
The clock pin u_sys_monitor/r2u_fifo_wdata_reg[17]/C is not reached by a timing clock
Related violations: <none>

TIMING-17#10 Critical Warning
Non-clocked sequential cell  
The clock pin u_sys_monitor/r2u_fifo_wdata_reg[18]/C is not reached by a timing clock
Related violations: <none>

TIMING-17#11 Critical Warning
Non-clocked sequential cell  
The clock pin u_sys_monitor/r2u_fifo_wdata_reg[19]/C is not reached by a timing clock
Related violations: <none>

TIMING-17#12 Critical Warning
Non-clocked sequential cell  
The clock pin u_sys_monitor/r2u_fifo_wdata_reg[1]/C is not reached by a timing clock
Related violations: <none>

TIMING-17#13 Critical Warning
Non-clocked sequential cell  
The clock pin u_sys_monitor/r2u_fifo_wdata_reg[20]/C is not reached by a timing clock
Related violations: <none>

TIMING-17#14 Critical Warning
Non-clocked sequential cell  
The clock pin u_sys_monitor/r2u_fifo_wdata_reg[21]/C is not reached by a timing clock
Related violations: <none>

TIMING-17#15 Critical Warning
Non-clocked sequential cell  
The clock pin u_sys_monitor/r2u_fifo_wdata_reg[22]/C is not reached by a timing clock
Related violations: <none>

TIMING-17#16 Critical Warning
Non-clocked sequential cell  
The clock pin u_sys_monitor/r2u_fifo_wdata_reg[23]/C is not reached by a timing clock
Related violations: <none>

TIMING-17#17 Critical Warning
Non-clocked sequential cell  
The clock pin u_sys_monitor/r2u_fifo_wdata_reg[24]/C is not reached by a timing clock
Related violations: <none>

TIMING-17#18 Critical Warning
Non-clocked sequential cell  
The clock pin u_sys_monitor/r2u_fifo_wdata_reg[25]/C is not reached by a timing clock
Related violations: <none>

TIMING-17#19 Critical Warning
Non-clocked sequential cell  
The clock pin u_sys_monitor/r2u_fifo_wdata_reg[26]/C is not reached by a timing clock
Related violations: <none>

TIMING-17#20 Critical Warning
Non-clocked sequential cell  
The clock pin u_sys_monitor/r2u_fifo_wdata_reg[27]/C is not reached by a timing clock
Related violations: <none>

TIMING-17#21 Critical Warning
Non-clocked sequential cell  
The clock pin u_sys_monitor/r2u_fifo_wdata_reg[28]/C is not reached by a timing clock
Related violations: <none>

TIMING-17#22 Critical Warning
Non-clocked sequential cell  
The clock pin u_sys_monitor/r2u_fifo_wdata_reg[29]/C is not reached by a timing clock
Related violations: <none>

TIMING-17#23 Critical Warning
Non-clocked sequential cell  
The clock pin u_sys_monitor/r2u_fifo_wdata_reg[2]/C is not reached by a timing clock
Related violations: <none>

TIMING-17#24 Critical Warning
Non-clocked sequential cell  
The clock pin u_sys_monitor/r2u_fifo_wdata_reg[30]/C is not reached by a timing clock
Related violations: <none>

TIMING-17#25 Critical Warning
Non-clocked sequential cell  
The clock pin u_sys_monitor/r2u_fifo_wdata_reg[31]/C is not reached by a timing clock
Related violations: <none>

TIMING-17#26 Critical Warning
Non-clocked sequential cell  
The clock pin u_sys_monitor/r2u_fifo_wdata_reg[32]/C is not reached by a timing clock
Related violations: <none>

TIMING-17#27 Critical Warning
Non-clocked sequential cell  
The clock pin u_sys_monitor/r2u_fifo_wdata_reg[33]/C is not reached by a timing clock
Related violations: <none>

TIMING-17#28 Critical Warning
Non-clocked sequential cell  
The clock pin u_sys_monitor/r2u_fifo_wdata_reg[34]/C is not reached by a timing clock
Related violations: <none>

TIMING-17#29 Critical Warning
Non-clocked sequential cell  
The clock pin u_sys_monitor/r2u_fifo_wdata_reg[35]/C is not reached by a timing clock
Related violations: <none>

TIMING-17#30 Critical Warning
Non-clocked sequential cell  
The clock pin u_sys_monitor/r2u_fifo_wdata_reg[36]/C is not reached by a timing clock
Related violations: <none>

TIMING-17#31 Critical Warning
Non-clocked sequential cell  
The clock pin u_sys_monitor/r2u_fifo_wdata_reg[37]/C is not reached by a timing clock
Related violations: <none>

TIMING-17#32 Critical Warning
Non-clocked sequential cell  
The clock pin u_sys_monitor/r2u_fifo_wdata_reg[38]/C is not reached by a timing clock
Related violations: <none>

TIMING-17#33 Critical Warning
Non-clocked sequential cell  
The clock pin u_sys_monitor/r2u_fifo_wdata_reg[39]/C is not reached by a timing clock
Related violations: <none>

TIMING-17#34 Critical Warning
Non-clocked sequential cell  
The clock pin u_sys_monitor/r2u_fifo_wdata_reg[3]/C is not reached by a timing clock
Related violations: <none>

TIMING-17#35 Critical Warning
Non-clocked sequential cell  
The clock pin u_sys_monitor/r2u_fifo_wdata_reg[40]/C is not reached by a timing clock
Related violations: <none>

TIMING-17#36 Critical Warning
Non-clocked sequential cell  
The clock pin u_sys_monitor/r2u_fifo_wdata_reg[41]/C is not reached by a timing clock
Related violations: <none>

TIMING-17#37 Critical Warning
Non-clocked sequential cell  
The clock pin u_sys_monitor/r2u_fifo_wdata_reg[42]/C is not reached by a timing clock
Related violations: <none>

TIMING-17#38 Critical Warning
Non-clocked sequential cell  
The clock pin u_sys_monitor/r2u_fifo_wdata_reg[43]/C is not reached by a timing clock
Related violations: <none>

TIMING-17#39 Critical Warning
Non-clocked sequential cell  
The clock pin u_sys_monitor/r2u_fifo_wdata_reg[44]/C is not reached by a timing clock
Related violations: <none>

TIMING-17#40 Critical Warning
Non-clocked sequential cell  
The clock pin u_sys_monitor/r2u_fifo_wdata_reg[45]/C is not reached by a timing clock
Related violations: <none>

TIMING-17#41 Critical Warning
Non-clocked sequential cell  
The clock pin u_sys_monitor/r2u_fifo_wdata_reg[46]/C is not reached by a timing clock
Related violations: <none>

TIMING-17#42 Critical Warning
Non-clocked sequential cell  
The clock pin u_sys_monitor/r2u_fifo_wdata_reg[47]/C is not reached by a timing clock
Related violations: <none>

TIMING-17#43 Critical Warning
Non-clocked sequential cell  
The clock pin u_sys_monitor/r2u_fifo_wdata_reg[48]/C is not reached by a timing clock
Related violations: <none>

TIMING-17#44 Critical Warning
Non-clocked sequential cell  
The clock pin u_sys_monitor/r2u_fifo_wdata_reg[49]/C is not reached by a timing clock
Related violations: <none>

TIMING-17#45 Critical Warning
Non-clocked sequential cell  
The clock pin u_sys_monitor/r2u_fifo_wdata_reg[4]/C is not reached by a timing clock
Related violations: <none>

TIMING-17#46 Critical Warning
Non-clocked sequential cell  
The clock pin u_sys_monitor/r2u_fifo_wdata_reg[50]/C is not reached by a timing clock
Related violations: <none>

TIMING-17#47 Critical Warning
Non-clocked sequential cell  
The clock pin u_sys_monitor/r2u_fifo_wdata_reg[51]/C is not reached by a timing clock
Related violations: <none>

TIMING-17#48 Critical Warning
Non-clocked sequential cell  
The clock pin u_sys_monitor/r2u_fifo_wdata_reg[52]/C is not reached by a timing clock
Related violations: <none>

TIMING-17#49 Critical Warning
Non-clocked sequential cell  
The clock pin u_sys_monitor/r2u_fifo_wdata_reg[53]/C is not reached by a timing clock
Related violations: <none>

TIMING-17#50 Critical Warning
Non-clocked sequential cell  
The clock pin u_sys_monitor/r2u_fifo_wdata_reg[54]/C is not reached by a timing clock
Related violations: <none>

TIMING-17#51 Critical Warning
Non-clocked sequential cell  
The clock pin u_sys_monitor/r2u_fifo_wdata_reg[55]/C is not reached by a timing clock
Related violations: <none>

TIMING-17#52 Critical Warning
Non-clocked sequential cell  
The clock pin u_sys_monitor/r2u_fifo_wdata_reg[56]/C is not reached by a timing clock
Related violations: <none>

TIMING-17#53 Critical Warning
Non-clocked sequential cell  
The clock pin u_sys_monitor/r2u_fifo_wdata_reg[57]/C is not reached by a timing clock
Related violations: <none>

TIMING-17#54 Critical Warning
Non-clocked sequential cell  
The clock pin u_sys_monitor/r2u_fifo_wdata_reg[58]/C is not reached by a timing clock
Related violations: <none>

TIMING-17#55 Critical Warning
Non-clocked sequential cell  
The clock pin u_sys_monitor/r2u_fifo_wdata_reg[59]/C is not reached by a timing clock
Related violations: <none>

TIMING-17#56 Critical Warning
Non-clocked sequential cell  
The clock pin u_sys_monitor/r2u_fifo_wdata_reg[5]/C is not reached by a timing clock
Related violations: <none>

TIMING-17#57 Critical Warning
Non-clocked sequential cell  
The clock pin u_sys_monitor/r2u_fifo_wdata_reg[60]/C is not reached by a timing clock
Related violations: <none>

TIMING-17#58 Critical Warning
Non-clocked sequential cell  
The clock pin u_sys_monitor/r2u_fifo_wdata_reg[61]/C is not reached by a timing clock
Related violations: <none>

TIMING-17#59 Critical Warning
Non-clocked sequential cell  
The clock pin u_sys_monitor/r2u_fifo_wdata_reg[62]/C is not reached by a timing clock
Related violations: <none>

TIMING-17#60 Critical Warning
Non-clocked sequential cell  
The clock pin u_sys_monitor/r2u_fifo_wdata_reg[63]/C is not reached by a timing clock
Related violations: <none>

TIMING-17#61 Critical Warning
Non-clocked sequential cell  
The clock pin u_sys_monitor/r2u_fifo_wdata_reg[6]/C is not reached by a timing clock
Related violations: <none>

TIMING-17#62 Critical Warning
Non-clocked sequential cell  
The clock pin u_sys_monitor/r2u_fifo_wdata_reg[7]/C is not reached by a timing clock
Related violations: <none>

TIMING-17#63 Critical Warning
Non-clocked sequential cell  
The clock pin u_sys_monitor/r2u_fifo_wdata_reg[8]/C is not reached by a timing clock
Related violations: <none>

TIMING-17#64 Critical Warning
Non-clocked sequential cell  
The clock pin u_sys_monitor/r2u_fifo_wdata_reg[9]/C is not reached by a timing clock
Related violations: <none>

TIMING-17#65 Critical Warning
Non-clocked sequential cell  
The clock pin u_sys_monitor/r2u_fifo_wren_reg/C is not reached by a timing clock
Related violations: <none>

TIMING-17#66 Critical Warning
Non-clocked sequential cell  
The clock pin u_sys_monitor/u2r_fifo_rden_dly1_reg/C is not reached by a timing clock
Related violations: <none>

TIMING-17#67 Critical Warning
Non-clocked sequential cell  
The clock pin u_sys_monitor/u_debug_core/bp_enable_reg/C is not reached by a timing clock
Related violations: <none>

TIMING-17#68 Critical Warning
Non-clocked sequential cell  
The clock pin u_sys_monitor/u_debug_core/bp_pc_reg[0]/C is not reached by a timing clock
Related violations: <none>

TIMING-17#69 Critical Warning
Non-clocked sequential cell  
The clock pin u_sys_monitor/u_debug_core/bp_pc_reg[10]/C is not reached by a timing clock
Related violations: <none>

TIMING-17#70 Critical Warning
Non-clocked sequential cell  
The clock pin u_sys_monitor/u_debug_core/bp_pc_reg[11]/C is not reached by a timing clock
Related violations: <none>

TIMING-17#71 Critical Warning
Non-clocked sequential cell  
The clock pin u_sys_monitor/u_debug_core/bp_pc_reg[12]/C is not reached by a timing clock
Related violations: <none>

TIMING-17#72 Critical Warning
Non-clocked sequential cell  
The clock pin u_sys_monitor/u_debug_core/bp_pc_reg[13]/C is not reached by a timing clock
Related violations: <none>

TIMING-17#73 Critical Warning
Non-clocked sequential cell  
The clock pin u_sys_monitor/u_debug_core/bp_pc_reg[14]/C is not reached by a timing clock
Related violations: <none>

TIMING-17#74 Critical Warning
Non-clocked sequential cell  
The clock pin u_sys_monitor/u_debug_core/bp_pc_reg[15]/C is not reached by a timing clock
Related violations: <none>

TIMING-17#75 Critical Warning
Non-clocked sequential cell  
The clock pin u_sys_monitor/u_debug_core/bp_pc_reg[16]/C is not reached by a timing clock
Related violations: <none>

TIMING-17#76 Critical Warning
Non-clocked sequential cell  
The clock pin u_sys_monitor/u_debug_core/bp_pc_reg[17]/C is not reached by a timing clock
Related violations: <none>

TIMING-17#77 Critical Warning
Non-clocked sequential cell  
The clock pin u_sys_monitor/u_debug_core/bp_pc_reg[18]/C is not reached by a timing clock
Related violations: <none>

TIMING-17#78 Critical Warning
Non-clocked sequential cell  
The clock pin u_sys_monitor/u_debug_core/bp_pc_reg[19]/C is not reached by a timing clock
Related violations: <none>

TIMING-17#79 Critical Warning
Non-clocked sequential cell  
The clock pin u_sys_monitor/u_debug_core/bp_pc_reg[1]/C is not reached by a timing clock
Related violations: <none>

TIMING-17#80 Critical Warning
Non-clocked sequential cell  
The clock pin u_sys_monitor/u_debug_core/bp_pc_reg[20]/C is not reached by a timing clock
Related violations: <none>

TIMING-17#81 Critical Warning
Non-clocked sequential cell  
The clock pin u_sys_monitor/u_debug_core/bp_pc_reg[21]/C is not reached by a timing clock
Related violations: <none>

TIMING-17#82 Critical Warning
Non-clocked sequential cell  
The clock pin u_sys_monitor/u_debug_core/bp_pc_reg[22]/C is not reached by a timing clock
Related violations: <none>

TIMING-17#83 Critical Warning
Non-clocked sequential cell  
The clock pin u_sys_monitor/u_debug_core/bp_pc_reg[23]/C is not reached by a timing clock
Related violations: <none>

TIMING-17#84 Critical Warning
Non-clocked sequential cell  
The clock pin u_sys_monitor/u_debug_core/bp_pc_reg[24]/C is not reached by a timing clock
Related violations: <none>

TIMING-17#85 Critical Warning
Non-clocked sequential cell  
The clock pin u_sys_monitor/u_debug_core/bp_pc_reg[25]/C is not reached by a timing clock
Related violations: <none>

TIMING-17#86 Critical Warning
Non-clocked sequential cell  
The clock pin u_sys_monitor/u_debug_core/bp_pc_reg[26]/C is not reached by a timing clock
Related violations: <none>

TIMING-17#87 Critical Warning
Non-clocked sequential cell  
The clock pin u_sys_monitor/u_debug_core/bp_pc_reg[27]/C is not reached by a timing clock
Related violations: <none>

TIMING-17#88 Critical Warning
Non-clocked sequential cell  
The clock pin u_sys_monitor/u_debug_core/bp_pc_reg[28]/C is not reached by a timing clock
Related violations: <none>

TIMING-17#89 Critical Warning
Non-clocked sequential cell  
The clock pin u_sys_monitor/u_debug_core/bp_pc_reg[29]/C is not reached by a timing clock
Related violations: <none>

TIMING-17#90 Critical Warning
Non-clocked sequential cell  
The clock pin u_sys_monitor/u_debug_core/bp_pc_reg[2]/C is not reached by a timing clock
Related violations: <none>

TIMING-17#91 Critical Warning
Non-clocked sequential cell  
The clock pin u_sys_monitor/u_debug_core/bp_pc_reg[30]/C is not reached by a timing clock
Related violations: <none>

TIMING-17#92 Critical Warning
Non-clocked sequential cell  
The clock pin u_sys_monitor/u_debug_core/bp_pc_reg[31]/C is not reached by a timing clock
Related violations: <none>

TIMING-17#93 Critical Warning
Non-clocked sequential cell  
The clock pin u_sys_monitor/u_debug_core/bp_pc_reg[3]/C is not reached by a timing clock
Related violations: <none>

TIMING-17#94 Critical Warning
Non-clocked sequential cell  
The clock pin u_sys_monitor/u_debug_core/bp_pc_reg[4]/C is not reached by a timing clock
Related violations: <none>

TIMING-17#95 Critical Warning
Non-clocked sequential cell  
The clock pin u_sys_monitor/u_debug_core/bp_pc_reg[5]/C is not reached by a timing clock
Related violations: <none>

TIMING-17#96 Critical Warning
Non-clocked sequential cell  
The clock pin u_sys_monitor/u_debug_core/bp_pc_reg[6]/C is not reached by a timing clock
Related violations: <none>

TIMING-17#97 Critical Warning
Non-clocked sequential cell  
The clock pin u_sys_monitor/u_debug_core/bp_pc_reg[7]/C is not reached by a timing clock
Related violations: <none>

TIMING-17#98 Critical Warning
Non-clocked sequential cell  
The clock pin u_sys_monitor/u_debug_core/bp_pc_reg[8]/C is not reached by a timing clock
Related violations: <none>

TIMING-17#99 Critical Warning
Non-clocked sequential cell  
The clock pin u_sys_monitor/u_debug_core/bp_pc_reg[9]/C is not reached by a timing clock
Related violations: <none>

TIMING-17#100 Critical Warning
Non-clocked sequential cell  
The clock pin u_sys_monitor/u_debug_core/bp_set_reg/C is not reached by a timing clock
Related violations: <none>

TIMING-17#101 Critical Warning
Non-clocked sequential cell  
The clock pin u_sys_monitor/u_debug_core/c_state_reg[0]/C is not reached by a timing clock
Related violations: <none>

TIMING-17#102 Critical Warning
Non-clocked sequential cell  
The clock pin u_sys_monitor/u_debug_core/c_state_reg[1]/C is not reached by a timing clock
Related violations: <none>

TIMING-17#103 Critical Warning
Non-clocked sequential cell  
The clock pin u_sys_monitor/u_debug_core/c_state_reg[2]/C is not reached by a timing clock
Related violations: <none>

TIMING-17#104 Critical Warning
Non-clocked sequential cell  
The clock pin u_sys_monitor/u_debug_core/c_state_reg[3]/C is not reached by a timing clock
Related violations: <none>

TIMING-17#105 Critical Warning
Non-clocked sequential cell  
The clock pin u_sys_monitor/u_debug_core/c_state_reg[4]/C is not reached by a timing clock
Related violations: <none>

TIMING-17#106 Critical Warning
Non-clocked sequential cell  
The clock pin u_sys_monitor/u_debug_core/c_state_reg[5]/C is not reached by a timing clock
Related violations: <none>

TIMING-17#107 Critical Warning
Non-clocked sequential cell  
The clock pin u_sys_monitor/u_debug_core/c_state_reg[6]/C is not reached by a timing clock
Related violations: <none>

TIMING-17#108 Critical Warning
Non-clocked sequential cell  
The clock pin u_sys_monitor/u_debug_core/c_state_reg[7]/C is not reached by a timing clock
Related violations: <none>

TIMING-17#109 Critical Warning
Non-clocked sequential cell  
The clock pin u_sys_monitor/u_debug_core/c_state_reg[8]/C is not reached by a timing clock
Related violations: <none>

TIMING-17#110 Critical Warning
Non-clocked sequential cell  
The clock pin u_sys_monitor/u_debug_core/cmd_data_valid_dly1_reg/C is not reached by a timing clock
Related violations: <none>

TIMING-17#111 Critical Warning
Non-clocked sequential cell  
The clock pin u_sys_monitor/u_debug_core/cmd_recv_cnt_reg[0]/C is not reached by a timing clock
Related violations: <none>

TIMING-17#112 Critical Warning
Non-clocked sequential cell  
The clock pin u_sys_monitor/u_debug_core/cmd_recv_cnt_reg[1]/C is not reached by a timing clock
Related violations: <none>

TIMING-17#113 Critical Warning
Non-clocked sequential cell  
The clock pin u_sys_monitor/u_debug_core/cmd_recv_cnt_reg[2]/C is not reached by a timing clock
Related violations: <none>

TIMING-17#114 Critical Warning
Non-clocked sequential cell  
The clock pin u_sys_monitor/u_debug_core/cmd_reg_reg[0]/C is not reached by a timing clock
Related violations: <none>

TIMING-17#115 Critical Warning
Non-clocked sequential cell  
The clock pin u_sys_monitor/u_debug_core/cmd_reg_reg[1]/C is not reached by a timing clock
Related violations: <none>

TIMING-17#116 Critical Warning
Non-clocked sequential cell  
The clock pin u_sys_monitor/u_debug_core/cmd_reg_reg[2]/C is not reached by a timing clock
Related violations: <none>

TIMING-17#117 Critical Warning
Non-clocked sequential cell  
The clock pin u_sys_monitor/u_debug_core/cmd_reg_reg[3]/C is not reached by a timing clock
Related violations: <none>

TIMING-17#118 Critical Warning
Non-clocked sequential cell  
The clock pin u_sys_monitor/u_debug_core/cmd_reg_reg[4]/C is not reached by a timing clock
Related violations: <none>

TIMING-17#119 Critical Warning
Non-clocked sequential cell  
The clock pin u_sys_monitor/u_debug_core/cmd_reg_reg[5]/C is not reached by a timing clock
Related violations: <none>

TIMING-17#120 Critical Warning
Non-clocked sequential cell  
The clock pin u_sys_monitor/u_debug_core/cmd_reg_reg[6]/C is not reached by a timing clock
Related violations: <none>

TIMING-17#121 Critical Warning
Non-clocked sequential cell  
The clock pin u_sys_monitor/u_debug_core/cmd_reg_reg[7]/C is not reached by a timing clock
Related violations: <none>

TIMING-17#122 Critical Warning
Non-clocked sequential cell  
The clock pin u_sys_monitor/u_debug_core/mem_addr_reg[0]/C is not reached by a timing clock
Related violations: <none>

TIMING-17#123 Critical Warning
Non-clocked sequential cell  
The clock pin u_sys_monitor/u_debug_core/mem_addr_reg[14]/C is not reached by a timing clock
Related violations: <none>

TIMING-17#124 Critical Warning
Non-clocked sequential cell  
The clock pin u_sys_monitor/u_debug_core/mem_addr_reg[1]/C is not reached by a timing clock
Related violations: <none>

TIMING-17#125 Critical Warning
Non-clocked sequential cell  
The clock pin u_sys_monitor/u_debug_core/mem_addr_reg[2]/C is not reached by a timing clock
Related violations: <none>

TIMING-17#126 Critical Warning
Non-clocked sequential cell  
The clock pin u_sys_monitor/u_debug_core/mem_addr_reg[3]/C is not reached by a timing clock
Related violations: <none>

TIMING-17#127 Critical Warning
Non-clocked sequential cell  
The clock pin u_sys_monitor/u_debug_core/mem_addr_reg[4]/C is not reached by a timing clock
Related violations: <none>

TIMING-17#128 Critical Warning
Non-clocked sequential cell  
The clock pin u_sys_monitor/u_debug_core/mem_addr_reg[5]/C is not reached by a timing clock
Related violations: <none>

TIMING-17#129 Critical Warning
Non-clocked sequential cell  
The clock pin u_sys_monitor/u_debug_core/mem_addr_reg[6]/C is not reached by a timing clock
Related violations: <none>

TIMING-17#130 Critical Warning
Non-clocked sequential cell  
The clock pin u_sys_monitor/u_debug_core/mem_addr_reg[7]/C is not reached by a timing clock
Related violations: <none>

TIMING-17#131 Critical Warning
Non-clocked sequential cell  
The clock pin u_sys_monitor/u_debug_core/mem_addr_set_en_reg/C is not reached by a timing clock
Related violations: <none>

TIMING-17#132 Critical Warning
Non-clocked sequential cell  
The clock pin u_sys_monitor/u_debug_core/mem_rdata_tx_o_reg/C is not reached by a timing clock
Related violations: <none>

TIMING-17#133 Critical Warning
Non-clocked sequential cell  
The clock pin u_sys_monitor/u_debug_core/mem_rden_dly1_reg/C is not reached by a timing clock
Related violations: <none>

TIMING-17#134 Critical Warning
Non-clocked sequential cell  
The clock pin u_sys_monitor/u_debug_core/proc_run_hold_reg/C is not reached by a timing clock
Related violations: <none>

TIMING-17#135 Critical Warning
Non-clocked sequential cell  
The clock pin u_sys_monitor/u_debug_core/qword_cmd_reg[0]/C is not reached by a timing clock
Related violations: <none>

TIMING-17#136 Critical Warning
Non-clocked sequential cell  
The clock pin u_sys_monitor/u_debug_core/qword_cmd_reg[10]/C is not reached by a timing clock
Related violations: <none>

TIMING-17#137 Critical Warning
Non-clocked sequential cell  
The clock pin u_sys_monitor/u_debug_core/qword_cmd_reg[11]/C is not reached by a timing clock
Related violations: <none>

TIMING-17#138 Critical Warning
Non-clocked sequential cell  
The clock pin u_sys_monitor/u_debug_core/qword_cmd_reg[12]/C is not reached by a timing clock
Related violations: <none>

TIMING-17#139 Critical Warning
Non-clocked sequential cell  
The clock pin u_sys_monitor/u_debug_core/qword_cmd_reg[13]/C is not reached by a timing clock
Related violations: <none>

TIMING-17#140 Critical Warning
Non-clocked sequential cell  
The clock pin u_sys_monitor/u_debug_core/qword_cmd_reg[14]/C is not reached by a timing clock
Related violations: <none>

TIMING-17#141 Critical Warning
Non-clocked sequential cell  
The clock pin u_sys_monitor/u_debug_core/qword_cmd_reg[15]/C is not reached by a timing clock
Related violations: <none>

TIMING-17#142 Critical Warning
Non-clocked sequential cell  
The clock pin u_sys_monitor/u_debug_core/qword_cmd_reg[16]/C is not reached by a timing clock
Related violations: <none>

TIMING-17#143 Critical Warning
Non-clocked sequential cell  
The clock pin u_sys_monitor/u_debug_core/qword_cmd_reg[17]/C is not reached by a timing clock
Related violations: <none>

TIMING-17#144 Critical Warning
Non-clocked sequential cell  
The clock pin u_sys_monitor/u_debug_core/qword_cmd_reg[18]/C is not reached by a timing clock
Related violations: <none>

TIMING-17#145 Critical Warning
Non-clocked sequential cell  
The clock pin u_sys_monitor/u_debug_core/qword_cmd_reg[19]/C is not reached by a timing clock
Related violations: <none>

TIMING-17#146 Critical Warning
Non-clocked sequential cell  
The clock pin u_sys_monitor/u_debug_core/qword_cmd_reg[1]/C is not reached by a timing clock
Related violations: <none>

TIMING-17#147 Critical Warning
Non-clocked sequential cell  
The clock pin u_sys_monitor/u_debug_core/qword_cmd_reg[20]/C is not reached by a timing clock
Related violations: <none>

TIMING-17#148 Critical Warning
Non-clocked sequential cell  
The clock pin u_sys_monitor/u_debug_core/qword_cmd_reg[21]/C is not reached by a timing clock
Related violations: <none>

TIMING-17#149 Critical Warning
Non-clocked sequential cell  
The clock pin u_sys_monitor/u_debug_core/qword_cmd_reg[22]/C is not reached by a timing clock
Related violations: <none>

TIMING-17#150 Critical Warning
Non-clocked sequential cell  
The clock pin u_sys_monitor/u_debug_core/qword_cmd_reg[23]/C is not reached by a timing clock
Related violations: <none>

TIMING-17#151 Critical Warning
Non-clocked sequential cell  
The clock pin u_sys_monitor/u_debug_core/qword_cmd_reg[24]/C is not reached by a timing clock
Related violations: <none>

TIMING-17#152 Critical Warning
Non-clocked sequential cell  
The clock pin u_sys_monitor/u_debug_core/qword_cmd_reg[25]/C is not reached by a timing clock
Related violations: <none>

TIMING-17#153 Critical Warning
Non-clocked sequential cell  
The clock pin u_sys_monitor/u_debug_core/qword_cmd_reg[26]/C is not reached by a timing clock
Related violations: <none>

TIMING-17#154 Critical Warning
Non-clocked sequential cell  
The clock pin u_sys_monitor/u_debug_core/qword_cmd_reg[27]/C is not reached by a timing clock
Related violations: <none>

TIMING-17#155 Critical Warning
Non-clocked sequential cell  
The clock pin u_sys_monitor/u_debug_core/qword_cmd_reg[28]/C is not reached by a timing clock
Related violations: <none>

TIMING-17#156 Critical Warning
Non-clocked sequential cell  
The clock pin u_sys_monitor/u_debug_core/qword_cmd_reg[29]/C is not reached by a timing clock
Related violations: <none>

TIMING-17#157 Critical Warning
Non-clocked sequential cell  
The clock pin u_sys_monitor/u_debug_core/qword_cmd_reg[2]/C is not reached by a timing clock
Related violations: <none>

TIMING-17#158 Critical Warning
Non-clocked sequential cell  
The clock pin u_sys_monitor/u_debug_core/qword_cmd_reg[30]/C is not reached by a timing clock
Related violations: <none>

TIMING-17#159 Critical Warning
Non-clocked sequential cell  
The clock pin u_sys_monitor/u_debug_core/qword_cmd_reg[31]/C is not reached by a timing clock
Related violations: <none>

TIMING-17#160 Critical Warning
Non-clocked sequential cell  
The clock pin u_sys_monitor/u_debug_core/qword_cmd_reg[3]/C is not reached by a timing clock
Related violations: <none>

TIMING-17#161 Critical Warning
Non-clocked sequential cell  
The clock pin u_sys_monitor/u_debug_core/qword_cmd_reg[4]/C is not reached by a timing clock
Related violations: <none>

TIMING-17#162 Critical Warning
Non-clocked sequential cell  
The clock pin u_sys_monitor/u_debug_core/qword_cmd_reg[5]/C is not reached by a timing clock
Related violations: <none>

TIMING-17#163 Critical Warning
Non-clocked sequential cell  
The clock pin u_sys_monitor/u_debug_core/qword_cmd_reg[6]/C is not reached by a timing clock
Related violations: <none>

TIMING-17#164 Critical Warning
Non-clocked sequential cell  
The clock pin u_sys_monitor/u_debug_core/qword_cmd_reg[7]/C is not reached by a timing clock
Related violations: <none>

TIMING-17#165 Critical Warning
Non-clocked sequential cell  
The clock pin u_sys_monitor/u_debug_core/qword_cmd_reg[8]/C is not reached by a timing clock
Related violations: <none>

TIMING-17#166 Critical Warning
Non-clocked sequential cell  
The clock pin u_sys_monitor/u_debug_core/qword_cmd_reg[9]/C is not reached by a timing clock
Related violations: <none>

TIMING-17#167 Critical Warning
Non-clocked sequential cell  
The clock pin u_sys_monitor/u_debug_core/reg_addr_reg[0]/C is not reached by a timing clock
Related violations: <none>

TIMING-17#168 Critical Warning
Non-clocked sequential cell  
The clock pin u_sys_monitor/u_debug_core/reg_addr_reg[1]/C is not reached by a timing clock
Related violations: <none>

TIMING-17#169 Critical Warning
Non-clocked sequential cell  
The clock pin u_sys_monitor/u_debug_core/reg_addr_reg[2]/C is not reached by a timing clock
Related violations: <none>

TIMING-17#170 Critical Warning
Non-clocked sequential cell  
The clock pin u_sys_monitor/u_debug_core/reg_addr_reg[3]/C is not reached by a timing clock
Related violations: <none>

TIMING-17#171 Critical Warning
Non-clocked sequential cell  
The clock pin u_sys_monitor/u_debug_core/reg_addr_reg[4]/C is not reached by a timing clock
Related violations: <none>

TIMING-17#172 Critical Warning
Non-clocked sequential cell  
The clock pin u_sys_monitor/u_debug_core/reg_rd_cnt_reg[0]/C is not reached by a timing clock
Related violations: <none>

TIMING-17#173 Critical Warning
Non-clocked sequential cell  
The clock pin u_sys_monitor/u_debug_core/reg_rd_cnt_reg[1]/C is not reached by a timing clock
Related violations: <none>

TIMING-17#174 Critical Warning
Non-clocked sequential cell  
The clock pin u_sys_monitor/u_debug_core/reg_rd_cnt_reg[2]/C is not reached by a timing clock
Related violations: <none>

TIMING-17#175 Critical Warning
Non-clocked sequential cell  
The clock pin u_sys_monitor/u_debug_core/reg_rd_cnt_reg[3]/C is not reached by a timing clock
Related violations: <none>

TIMING-17#176 Critical Warning
Non-clocked sequential cell  
The clock pin u_sys_monitor/u_debug_core/reg_rd_cnt_reg[4]/C is not reached by a timing clock
Related violations: <none>

TIMING-17#177 Critical Warning
Non-clocked sequential cell  
The clock pin u_sys_monitor/u_debug_core/reg_rdata_tx_o_reg/C is not reached by a timing clock
Related violations: <none>

TIMING-17#178 Critical Warning
Non-clocked sequential cell  
The clock pin u_sys_monitor/u_run_2_uart_clock/U0/inst_fifo_gen/gconvfifo.rf/grf.rf/gntv_or_sync_fifo.gcx.clkx/rd_pntr_cdc_inst/dest_graysync_ff_reg[0][0]/C is not reached by a timing clock
Related violations: <none>

TIMING-17#179 Critical Warning
Non-clocked sequential cell  
The clock pin u_sys_monitor/u_run_2_uart_clock/U0/inst_fifo_gen/gconvfifo.rf/grf.rf/gntv_or_sync_fifo.gcx.clkx/rd_pntr_cdc_inst/dest_graysync_ff_reg[0][1]/C is not reached by a timing clock
Related violations: <none>

TIMING-17#180 Critical Warning
Non-clocked sequential cell  
The clock pin u_sys_monitor/u_run_2_uart_clock/U0/inst_fifo_gen/gconvfifo.rf/grf.rf/gntv_or_sync_fifo.gcx.clkx/rd_pntr_cdc_inst/dest_graysync_ff_reg[0][2]/C is not reached by a timing clock
Related violations: <none>

TIMING-17#181 Critical Warning
Non-clocked sequential cell  
The clock pin u_sys_monitor/u_run_2_uart_clock/U0/inst_fifo_gen/gconvfifo.rf/grf.rf/gntv_or_sync_fifo.gcx.clkx/rd_pntr_cdc_inst/dest_graysync_ff_reg[0][3]/C is not reached by a timing clock
Related violations: <none>

TIMING-17#182 Critical Warning
Non-clocked sequential cell  
The clock pin u_sys_monitor/u_run_2_uart_clock/U0/inst_fifo_gen/gconvfifo.rf/grf.rf/gntv_or_sync_fifo.gcx.clkx/rd_pntr_cdc_inst/dest_graysync_ff_reg[0][4]/C is not reached by a timing clock
Related violations: <none>

TIMING-17#183 Critical Warning
Non-clocked sequential cell  
The clock pin u_sys_monitor/u_run_2_uart_clock/U0/inst_fifo_gen/gconvfifo.rf/grf.rf/gntv_or_sync_fifo.gcx.clkx/rd_pntr_cdc_inst/dest_graysync_ff_reg[0][5]/C is not reached by a timing clock
Related violations: <none>

TIMING-17#184 Critical Warning
Non-clocked sequential cell  
The clock pin u_sys_monitor/u_run_2_uart_clock/U0/inst_fifo_gen/gconvfifo.rf/grf.rf/gntv_or_sync_fifo.gcx.clkx/rd_pntr_cdc_inst/dest_graysync_ff_reg[1][0]/C is not reached by a timing clock
Related violations: <none>

TIMING-17#185 Critical Warning
Non-clocked sequential cell  
The clock pin u_sys_monitor/u_run_2_uart_clock/U0/inst_fifo_gen/gconvfifo.rf/grf.rf/gntv_or_sync_fifo.gcx.clkx/rd_pntr_cdc_inst/dest_graysync_ff_reg[1][1]/C is not reached by a timing clock
Related violations: <none>

TIMING-17#186 Critical Warning
Non-clocked sequential cell  
The clock pin u_sys_monitor/u_run_2_uart_clock/U0/inst_fifo_gen/gconvfifo.rf/grf.rf/gntv_or_sync_fifo.gcx.clkx/rd_pntr_cdc_inst/dest_graysync_ff_reg[1][2]/C is not reached by a timing clock
Related violations: <none>

TIMING-17#187 Critical Warning
Non-clocked sequential cell  
The clock pin u_sys_monitor/u_run_2_uart_clock/U0/inst_fifo_gen/gconvfifo.rf/grf.rf/gntv_or_sync_fifo.gcx.clkx/rd_pntr_cdc_inst/dest_graysync_ff_reg[1][3]/C is not reached by a timing clock
Related violations: <none>

TIMING-17#188 Critical Warning
Non-clocked sequential cell  
The clock pin u_sys_monitor/u_run_2_uart_clock/U0/inst_fifo_gen/gconvfifo.rf/grf.rf/gntv_or_sync_fifo.gcx.clkx/rd_pntr_cdc_inst/dest_graysync_ff_reg[1][4]/C is not reached by a timing clock
Related violations: <none>

TIMING-17#189 Critical Warning
Non-clocked sequential cell  
The clock pin u_sys_monitor/u_run_2_uart_clock/U0/inst_fifo_gen/gconvfifo.rf/grf.rf/gntv_or_sync_fifo.gcx.clkx/rd_pntr_cdc_inst/dest_graysync_ff_reg[1][5]/C is not reached by a timing clock
Related violations: <none>

TIMING-17#190 Critical Warning
Non-clocked sequential cell  
The clock pin u_sys_monitor/u_run_2_uart_clock/U0/inst_fifo_gen/gconvfifo.rf/grf.rf/gntv_or_sync_fifo.gcx.clkx/rd_pntr_cdc_inst/dest_out_bin_ff_reg[0]/C is not reached by a timing clock
Related violations: <none>

TIMING-17#191 Critical Warning
Non-clocked sequential cell  
The clock pin u_sys_monitor/u_run_2_uart_clock/U0/inst_fifo_gen/gconvfifo.rf/grf.rf/gntv_or_sync_fifo.gcx.clkx/rd_pntr_cdc_inst/dest_out_bin_ff_reg[1]/C is not reached by a timing clock
Related violations: <none>

TIMING-17#192 Critical Warning
Non-clocked sequential cell  
The clock pin u_sys_monitor/u_run_2_uart_clock/U0/inst_fifo_gen/gconvfifo.rf/grf.rf/gntv_or_sync_fifo.gcx.clkx/rd_pntr_cdc_inst/dest_out_bin_ff_reg[2]/C is not reached by a timing clock
Related violations: <none>

TIMING-17#193 Critical Warning
Non-clocked sequential cell  
The clock pin u_sys_monitor/u_run_2_uart_clock/U0/inst_fifo_gen/gconvfifo.rf/grf.rf/gntv_or_sync_fifo.gcx.clkx/rd_pntr_cdc_inst/dest_out_bin_ff_reg[3]/C is not reached by a timing clock
Related violations: <none>

TIMING-17#194 Critical Warning
Non-clocked sequential cell  
The clock pin u_sys_monitor/u_run_2_uart_clock/U0/inst_fifo_gen/gconvfifo.rf/grf.rf/gntv_or_sync_fifo.gcx.clkx/rd_pntr_cdc_inst/dest_out_bin_ff_reg[4]/C is not reached by a timing clock
Related violations: <none>

TIMING-17#195 Critical Warning
Non-clocked sequential cell  
The clock pin u_sys_monitor/u_run_2_uart_clock/U0/inst_fifo_gen/gconvfifo.rf/grf.rf/gntv_or_sync_fifo.gcx.clkx/rd_pntr_cdc_inst/dest_out_bin_ff_reg[5]/C is not reached by a timing clock
Related violations: <none>

TIMING-17#196 Critical Warning
Non-clocked sequential cell  
The clock pin u_sys_monitor/u_run_2_uart_clock/U0/inst_fifo_gen/gconvfifo.rf/grf.rf/gntv_or_sync_fifo.gcx.clkx/wr_pntr_cdc_inst/src_gray_ff_reg[0]/C is not reached by a timing clock
Related violations: <none>

TIMING-17#197 Critical Warning
Non-clocked sequential cell  
The clock pin u_sys_monitor/u_run_2_uart_clock/U0/inst_fifo_gen/gconvfifo.rf/grf.rf/gntv_or_sync_fifo.gcx.clkx/wr_pntr_cdc_inst/src_gray_ff_reg[1]/C is not reached by a timing clock
Related violations: <none>

TIMING-17#198 Critical Warning
Non-clocked sequential cell  
The clock pin u_sys_monitor/u_run_2_uart_clock/U0/inst_fifo_gen/gconvfifo.rf/grf.rf/gntv_or_sync_fifo.gcx.clkx/wr_pntr_cdc_inst/src_gray_ff_reg[2]/C is not reached by a timing clock
Related violations: <none>

TIMING-17#199 Critical Warning
Non-clocked sequential cell  
The clock pin u_sys_monitor/u_run_2_uart_clock/U0/inst_fifo_gen/gconvfifo.rf/grf.rf/gntv_or_sync_fifo.gcx.clkx/wr_pntr_cdc_inst/src_gray_ff_reg[3]/C is not reached by a timing clock
Related violations: <none>

TIMING-17#200 Critical Warning
Non-clocked sequential cell  
The clock pin u_sys_monitor/u_run_2_uart_clock/U0/inst_fifo_gen/gconvfifo.rf/grf.rf/gntv_or_sync_fifo.gcx.clkx/wr_pntr_cdc_inst/src_gray_ff_reg[4]/C is not reached by a timing clock
Related violations: <none>

TIMING-17#201 Critical Warning
Non-clocked sequential cell  
The clock pin u_sys_monitor/u_run_2_uart_clock/U0/inst_fifo_gen/gconvfifo.rf/grf.rf/gntv_or_sync_fifo.gcx.clkx/wr_pntr_cdc_inst/src_gray_ff_reg[5]/C is not reached by a timing clock
Related violations: <none>

TIMING-17#202 Critical Warning
Non-clocked sequential cell  
The clock pin u_sys_monitor/u_run_2_uart_clock/U0/inst_fifo_gen/gconvfifo.rf/grf.rf/gntv_or_sync_fifo.gl0.wr/gwas.wsts/ram_full_fb_i_reg/C is not reached by a timing clock
Related violations: <none>

TIMING-17#203 Critical Warning
Non-clocked sequential cell  
The clock pin u_sys_monitor/u_run_2_uart_clock/U0/inst_fifo_gen/gconvfifo.rf/grf.rf/gntv_or_sync_fifo.gl0.wr/gwas.wsts/ram_full_i_reg/C is not reached by a timing clock
Related violations: <none>

TIMING-17#204 Critical Warning
Non-clocked sequential cell  
The clock pin u_sys_monitor/u_run_2_uart_clock/U0/inst_fifo_gen/gconvfifo.rf/grf.rf/gntv_or_sync_fifo.gl0.wr/wpntr/gic0.gc0.count_d1_reg[0]/C is not reached by a timing clock
Related violations: <none>

TIMING-17#205 Critical Warning
Non-clocked sequential cell  
The clock pin u_sys_monitor/u_run_2_uart_clock/U0/inst_fifo_gen/gconvfifo.rf/grf.rf/gntv_or_sync_fifo.gl0.wr/wpntr/gic0.gc0.count_d1_reg[1]/C is not reached by a timing clock
Related violations: <none>

TIMING-17#206 Critical Warning
Non-clocked sequential cell  
The clock pin u_sys_monitor/u_run_2_uart_clock/U0/inst_fifo_gen/gconvfifo.rf/grf.rf/gntv_or_sync_fifo.gl0.wr/wpntr/gic0.gc0.count_d1_reg[2]/C is not reached by a timing clock
Related violations: <none>

TIMING-17#207 Critical Warning
Non-clocked sequential cell  
The clock pin u_sys_monitor/u_run_2_uart_clock/U0/inst_fifo_gen/gconvfifo.rf/grf.rf/gntv_or_sync_fifo.gl0.wr/wpntr/gic0.gc0.count_d1_reg[3]/C is not reached by a timing clock
Related violations: <none>

TIMING-17#208 Critical Warning
Non-clocked sequential cell  
The clock pin u_sys_monitor/u_run_2_uart_clock/U0/inst_fifo_gen/gconvfifo.rf/grf.rf/gntv_or_sync_fifo.gl0.wr/wpntr/gic0.gc0.count_d1_reg[4]/C is not reached by a timing clock
Related violations: <none>

TIMING-17#209 Critical Warning
Non-clocked sequential cell  
The clock pin u_sys_monitor/u_run_2_uart_clock/U0/inst_fifo_gen/gconvfifo.rf/grf.rf/gntv_or_sync_fifo.gl0.wr/wpntr/gic0.gc0.count_d1_reg[5]/C is not reached by a timing clock
Related violations: <none>

TIMING-17#210 Critical Warning
Non-clocked sequential cell  
The clock pin u_sys_monitor/u_run_2_uart_clock/U0/inst_fifo_gen/gconvfifo.rf/grf.rf/gntv_or_sync_fifo.gl0.wr/wpntr/gic0.gc0.count_d2_reg[0]/C is not reached by a timing clock
Related violations: <none>

TIMING-17#211 Critical Warning
Non-clocked sequential cell  
The clock pin u_sys_monitor/u_run_2_uart_clock/U0/inst_fifo_gen/gconvfifo.rf/grf.rf/gntv_or_sync_fifo.gl0.wr/wpntr/gic0.gc0.count_d2_reg[1]/C is not reached by a timing clock
Related violations: <none>

TIMING-17#212 Critical Warning
Non-clocked sequential cell  
The clock pin u_sys_monitor/u_run_2_uart_clock/U0/inst_fifo_gen/gconvfifo.rf/grf.rf/gntv_or_sync_fifo.gl0.wr/wpntr/gic0.gc0.count_d2_reg[2]/C is not reached by a timing clock
Related violations: <none>

TIMING-17#213 Critical Warning
Non-clocked sequential cell  
The clock pin u_sys_monitor/u_run_2_uart_clock/U0/inst_fifo_gen/gconvfifo.rf/grf.rf/gntv_or_sync_fifo.gl0.wr/wpntr/gic0.gc0.count_d2_reg[3]/C is not reached by a timing clock
Related violations: <none>

TIMING-17#214 Critical Warning
Non-clocked sequential cell  
The clock pin u_sys_monitor/u_run_2_uart_clock/U0/inst_fifo_gen/gconvfifo.rf/grf.rf/gntv_or_sync_fifo.gl0.wr/wpntr/gic0.gc0.count_d2_reg[4]/C is not reached by a timing clock
Related violations: <none>

TIMING-17#215 Critical Warning
Non-clocked sequential cell  
The clock pin u_sys_monitor/u_run_2_uart_clock/U0/inst_fifo_gen/gconvfifo.rf/grf.rf/gntv_or_sync_fifo.gl0.wr/wpntr/gic0.gc0.count_d2_reg[5]/C is not reached by a timing clock
Related violations: <none>

TIMING-17#216 Critical Warning
Non-clocked sequential cell  
The clock pin u_sys_monitor/u_run_2_uart_clock/U0/inst_fifo_gen/gconvfifo.rf/grf.rf/gntv_or_sync_fifo.gl0.wr/wpntr/gic0.gc0.count_reg[0]/C is not reached by a timing clock
Related violations: <none>

TIMING-17#217 Critical Warning
Non-clocked sequential cell  
The clock pin u_sys_monitor/u_run_2_uart_clock/U0/inst_fifo_gen/gconvfifo.rf/grf.rf/gntv_or_sync_fifo.gl0.wr/wpntr/gic0.gc0.count_reg[1]/C is not reached by a timing clock
Related violations: <none>

TIMING-17#218 Critical Warning
Non-clocked sequential cell  
The clock pin u_sys_monitor/u_run_2_uart_clock/U0/inst_fifo_gen/gconvfifo.rf/grf.rf/gntv_or_sync_fifo.gl0.wr/wpntr/gic0.gc0.count_reg[2]/C is not reached by a timing clock
Related violations: <none>

TIMING-17#219 Critical Warning
Non-clocked sequential cell  
The clock pin u_sys_monitor/u_run_2_uart_clock/U0/inst_fifo_gen/gconvfifo.rf/grf.rf/gntv_or_sync_fifo.gl0.wr/wpntr/gic0.gc0.count_reg[3]/C is not reached by a timing clock
Related violations: <none>

TIMING-17#220 Critical Warning
Non-clocked sequential cell  
The clock pin u_sys_monitor/u_run_2_uart_clock/U0/inst_fifo_gen/gconvfifo.rf/grf.rf/gntv_or_sync_fifo.gl0.wr/wpntr/gic0.gc0.count_reg[4]/C is not reached by a timing clock
Related violations: <none>

TIMING-17#221 Critical Warning
Non-clocked sequential cell  
The clock pin u_sys_monitor/u_run_2_uart_clock/U0/inst_fifo_gen/gconvfifo.rf/grf.rf/gntv_or_sync_fifo.gl0.wr/wpntr/gic0.gc0.count_reg[5]/C is not reached by a timing clock
Related violations: <none>

TIMING-17#222 Critical Warning
Non-clocked sequential cell  
The clock pin u_sys_monitor/u_run_2_uart_clock/U0/inst_fifo_gen/gconvfifo.rf/grf.rf/gntv_or_sync_fifo.mem/gbm.gbmg.gbmga.ngecc.bmg/inst_blk_mem_gen/gnbram.gnativebmg.native_blk_mem_gen/valid.cstr/ramloop[0].ram.r/prim_noinit.ram/DEVICE_7SERIES.NO_BMM_INFO.SDP.WIDE_PRIM36_NO_ECC.ram/CLKBWRCLK is not reached by a timing clock
Related violations: <none>

TIMING-17#223 Critical Warning
Non-clocked sequential cell  
The clock pin u_sys_monitor/u_run_2_uart_clock/U0/inst_fifo_gen/gconvfifo.rf/grf.rf/rstblk/grstd1.grst_full.grst_f.rst_d1_reg/C is not reached by a timing clock
Related violations: <none>

TIMING-17#224 Critical Warning
Non-clocked sequential cell  
The clock pin u_sys_monitor/u_run_2_uart_clock/U0/inst_fifo_gen/gconvfifo.rf/grf.rf/rstblk/grstd1.grst_full.grst_f.rst_d2_reg/C is not reached by a timing clock
Related violations: <none>

TIMING-17#225 Critical Warning
Non-clocked sequential cell  
The clock pin u_sys_monitor/u_run_2_uart_clock/U0/inst_fifo_gen/gconvfifo.rf/grf.rf/rstblk/grstd1.grst_full.grst_f.rst_d3_reg/C is not reached by a timing clock
Related violations: <none>

TIMING-17#226 Critical Warning
Non-clocked sequential cell  
The clock pin u_sys_monitor/u_run_2_uart_clock/U0/inst_fifo_gen/gconvfifo.rf/grf.rf/rstblk/ngwrdrst.grst.g7serrst.gnsckt_wrst.gic_rst.rd_rst_wr_ext_reg[0]/C is not reached by a timing clock
Related violations: <none>

TIMING-17#227 Critical Warning
Non-clocked sequential cell  
The clock pin u_sys_monitor/u_run_2_uart_clock/U0/inst_fifo_gen/gconvfifo.rf/grf.rf/rstblk/ngwrdrst.grst.g7serrst.gnsckt_wrst.gic_rst.rd_rst_wr_ext_reg[1]/C is not reached by a timing clock
Related violations: <none>

TIMING-17#228 Critical Warning
Non-clocked sequential cell  
The clock pin u_sys_monitor/u_run_2_uart_clock/U0/inst_fifo_gen/gconvfifo.rf/grf.rf/rstblk/ngwrdrst.grst.g7serrst.gnsckt_wrst.gic_rst.rd_rst_wr_ext_reg[2]/C is not reached by a timing clock
Related violations: <none>

TIMING-17#229 Critical Warning
Non-clocked sequential cell  
The clock pin u_sys_monitor/u_run_2_uart_clock/U0/inst_fifo_gen/gconvfifo.rf/grf.rf/rstblk/ngwrdrst.grst.g7serrst.gnsckt_wrst.gic_rst.rd_rst_wr_ext_reg[3]/C is not reached by a timing clock
Related violations: <none>

TIMING-17#230 Critical Warning
Non-clocked sequential cell  
The clock pin u_sys_monitor/u_run_2_uart_clock/U0/inst_fifo_gen/gconvfifo.rf/grf.rf/rstblk/ngwrdrst.grst.g7serrst.gnsckt_wrst.gic_rst.sckt_wr_rst_ic_reg/C is not reached by a timing clock
Related violations: <none>

TIMING-17#231 Critical Warning
Non-clocked sequential cell  
The clock pin u_sys_monitor/u_run_2_uart_clock/U0/inst_fifo_gen/gconvfifo.rf/grf.rf/rstblk/ngwrdrst.grst.g7serrst.gnsckt_wrst.gic_rst.wr_rst_busy_i_reg/C is not reached by a timing clock
Related violations: <none>

TIMING-17#232 Critical Warning
Non-clocked sequential cell  
The clock pin u_sys_monitor/u_run_2_uart_clock/U0/inst_fifo_gen/gconvfifo.rf/grf.rf/rstblk/ngwrdrst.grst.g7serrst.gnsckt_wrst.gic_rst.xpm_cdc_single_inst_rrst_wr/syncstages_ff_reg[0]/C is not reached by a timing clock
Related violations: <none>

TIMING-17#233 Critical Warning
Non-clocked sequential cell  
The clock pin u_sys_monitor/u_run_2_uart_clock/U0/inst_fifo_gen/gconvfifo.rf/grf.rf/rstblk/ngwrdrst.grst.g7serrst.gnsckt_wrst.gic_rst.xpm_cdc_single_inst_rrst_wr/syncstages_ff_reg[1]/C is not reached by a timing clock
Related violations: <none>

TIMING-17#234 Critical Warning
Non-clocked sequential cell  
The clock pin u_sys_monitor/u_run_2_uart_clock/U0/inst_fifo_gen/gconvfifo.rf/grf.rf/rstblk/ngwrdrst.grst.g7serrst.gnsckt_wrst.gic_rst.xpm_cdc_single_inst_rrst_wr/syncstages_ff_reg[2]/C is not reached by a timing clock
Related violations: <none>

TIMING-17#235 Critical Warning
Non-clocked sequential cell  
The clock pin u_sys_monitor/u_run_2_uart_clock/U0/inst_fifo_gen/gconvfifo.rf/grf.rf/rstblk/ngwrdrst.grst.g7serrst.gnsckt_wrst.gic_rst.xpm_cdc_single_inst_rrst_wr/syncstages_ff_reg[3]/C is not reached by a timing clock
Related violations: <none>

TIMING-17#236 Critical Warning
Non-clocked sequential cell  
The clock pin u_sys_monitor/u_run_2_uart_clock/U0/inst_fifo_gen/gconvfifo.rf/grf.rf/rstblk/ngwrdrst.grst.g7serrst.gnsckt_wrst.rst_wr_reg2_inst/arststages_ff_reg[0]/C is not reached by a timing clock
Related violations: <none>

TIMING-17#237 Critical Warning
Non-clocked sequential cell  
The clock pin u_sys_monitor/u_run_2_uart_clock/U0/inst_fifo_gen/gconvfifo.rf/grf.rf/rstblk/ngwrdrst.grst.g7serrst.gnsckt_wrst.rst_wr_reg2_inst/arststages_ff_reg[1]/C is not reached by a timing clock
Related violations: <none>

TIMING-17#238 Critical Warning
Non-clocked sequential cell  
The clock pin u_sys_monitor/u_u2r_cmd_convert/U0/inst_fifo_gen/gconvfifo.rf/grf.rf/gntv_or_sync_fifo.gcx.clkx/rd_pntr_cdc_inst/src_gray_ff_reg[0]/C is not reached by a timing clock
Related violations: <none>

TIMING-17#239 Critical Warning
Non-clocked sequential cell  
The clock pin u_sys_monitor/u_u2r_cmd_convert/U0/inst_fifo_gen/gconvfifo.rf/grf.rf/gntv_or_sync_fifo.gcx.clkx/rd_pntr_cdc_inst/src_gray_ff_reg[1]/C is not reached by a timing clock
Related violations: <none>

TIMING-17#240 Critical Warning
Non-clocked sequential cell  
The clock pin u_sys_monitor/u_u2r_cmd_convert/U0/inst_fifo_gen/gconvfifo.rf/grf.rf/gntv_or_sync_fifo.gcx.clkx/rd_pntr_cdc_inst/src_gray_ff_reg[2]/C is not reached by a timing clock
Related violations: <none>

TIMING-17#241 Critical Warning
Non-clocked sequential cell  
The clock pin u_sys_monitor/u_u2r_cmd_convert/U0/inst_fifo_gen/gconvfifo.rf/grf.rf/gntv_or_sync_fifo.gcx.clkx/rd_pntr_cdc_inst/src_gray_ff_reg[3]/C is not reached by a timing clock
Related violations: <none>

TIMING-17#242 Critical Warning
Non-clocked sequential cell  
The clock pin u_sys_monitor/u_u2r_cmd_convert/U0/inst_fifo_gen/gconvfifo.rf/grf.rf/gntv_or_sync_fifo.gcx.clkx/wr_pntr_cdc_inst/dest_graysync_ff_reg[0][0]/C is not reached by a timing clock
Related violations: <none>

TIMING-17#243 Critical Warning
Non-clocked sequential cell  
The clock pin u_sys_monitor/u_u2r_cmd_convert/U0/inst_fifo_gen/gconvfifo.rf/grf.rf/gntv_or_sync_fifo.gcx.clkx/wr_pntr_cdc_inst/dest_graysync_ff_reg[0][1]/C is not reached by a timing clock
Related violations: <none>

TIMING-17#244 Critical Warning
Non-clocked sequential cell  
The clock pin u_sys_monitor/u_u2r_cmd_convert/U0/inst_fifo_gen/gconvfifo.rf/grf.rf/gntv_or_sync_fifo.gcx.clkx/wr_pntr_cdc_inst/dest_graysync_ff_reg[0][2]/C is not reached by a timing clock
Related violations: <none>

TIMING-17#245 Critical Warning
Non-clocked sequential cell  
The clock pin u_sys_monitor/u_u2r_cmd_convert/U0/inst_fifo_gen/gconvfifo.rf/grf.rf/gntv_or_sync_fifo.gcx.clkx/wr_pntr_cdc_inst/dest_graysync_ff_reg[0][3]/C is not reached by a timing clock
Related violations: <none>

TIMING-17#246 Critical Warning
Non-clocked sequential cell  
The clock pin u_sys_monitor/u_u2r_cmd_convert/U0/inst_fifo_gen/gconvfifo.rf/grf.rf/gntv_or_sync_fifo.gcx.clkx/wr_pntr_cdc_inst/dest_graysync_ff_reg[1][0]/C is not reached by a timing clock
Related violations: <none>

TIMING-17#247 Critical Warning
Non-clocked sequential cell  
The clock pin u_sys_monitor/u_u2r_cmd_convert/U0/inst_fifo_gen/gconvfifo.rf/grf.rf/gntv_or_sync_fifo.gcx.clkx/wr_pntr_cdc_inst/dest_graysync_ff_reg[1][1]/C is not reached by a timing clock
Related violations: <none>

TIMING-17#248 Critical Warning
Non-clocked sequential cell  
The clock pin u_sys_monitor/u_u2r_cmd_convert/U0/inst_fifo_gen/gconvfifo.rf/grf.rf/gntv_or_sync_fifo.gcx.clkx/wr_pntr_cdc_inst/dest_graysync_ff_reg[1][2]/C is not reached by a timing clock
Related violations: <none>

TIMING-17#249 Critical Warning
Non-clocked sequential cell  
The clock pin u_sys_monitor/u_u2r_cmd_convert/U0/inst_fifo_gen/gconvfifo.rf/grf.rf/gntv_or_sync_fifo.gcx.clkx/wr_pntr_cdc_inst/dest_graysync_ff_reg[1][3]/C is not reached by a timing clock
Related violations: <none>

TIMING-17#250 Critical Warning
Non-clocked sequential cell  
The clock pin u_sys_monitor/u_u2r_cmd_convert/U0/inst_fifo_gen/gconvfifo.rf/grf.rf/gntv_or_sync_fifo.gcx.clkx/wr_pntr_cdc_inst/dest_out_bin_ff_reg[0]/C is not reached by a timing clock
Related violations: <none>

TIMING-17#251 Critical Warning
Non-clocked sequential cell  
The clock pin u_sys_monitor/u_u2r_cmd_convert/U0/inst_fifo_gen/gconvfifo.rf/grf.rf/gntv_or_sync_fifo.gcx.clkx/wr_pntr_cdc_inst/dest_out_bin_ff_reg[1]/C is not reached by a timing clock
Related violations: <none>

TIMING-17#252 Critical Warning
Non-clocked sequential cell  
The clock pin u_sys_monitor/u_u2r_cmd_convert/U0/inst_fifo_gen/gconvfifo.rf/grf.rf/gntv_or_sync_fifo.gcx.clkx/wr_pntr_cdc_inst/dest_out_bin_ff_reg[2]/C is not reached by a timing clock
Related violations: <none>

TIMING-17#253 Critical Warning
Non-clocked sequential cell  
The clock pin u_sys_monitor/u_u2r_cmd_convert/U0/inst_fifo_gen/gconvfifo.rf/grf.rf/gntv_or_sync_fifo.gcx.clkx/wr_pntr_cdc_inst/dest_out_bin_ff_reg[3]/C is not reached by a timing clock
Related violations: <none>

TIMING-17#254 Critical Warning
Non-clocked sequential cell  
The clock pin u_sys_monitor/u_u2r_cmd_convert/U0/inst_fifo_gen/gconvfifo.rf/grf.rf/gntv_or_sync_fifo.gl0.rd/gras.rsts/ram_empty_fb_i_reg/C is not reached by a timing clock
Related violations: <none>

TIMING-17#255 Critical Warning
Non-clocked sequential cell  
The clock pin u_sys_monitor/u_u2r_cmd_convert/U0/inst_fifo_gen/gconvfifo.rf/grf.rf/gntv_or_sync_fifo.gl0.rd/gras.rsts/ram_empty_i_reg/C is not reached by a timing clock
Related violations: <none>

TIMING-17#256 Critical Warning
Non-clocked sequential cell  
The clock pin u_sys_monitor/u_u2r_cmd_convert/U0/inst_fifo_gen/gconvfifo.rf/grf.rf/gntv_or_sync_fifo.gl0.rd/rpntr/gc0.count_d1_reg[0]/C is not reached by a timing clock
Related violations: <none>

TIMING-17#257 Critical Warning
Non-clocked sequential cell  
The clock pin u_sys_monitor/u_u2r_cmd_convert/U0/inst_fifo_gen/gconvfifo.rf/grf.rf/gntv_or_sync_fifo.gl0.rd/rpntr/gc0.count_d1_reg[1]/C is not reached by a timing clock
Related violations: <none>

TIMING-17#258 Critical Warning
Non-clocked sequential cell  
The clock pin u_sys_monitor/u_u2r_cmd_convert/U0/inst_fifo_gen/gconvfifo.rf/grf.rf/gntv_or_sync_fifo.gl0.rd/rpntr/gc0.count_d1_reg[2]/C is not reached by a timing clock
Related violations: <none>

TIMING-17#259 Critical Warning
Non-clocked sequential cell  
The clock pin u_sys_monitor/u_u2r_cmd_convert/U0/inst_fifo_gen/gconvfifo.rf/grf.rf/gntv_or_sync_fifo.gl0.rd/rpntr/gc0.count_d1_reg[3]/C is not reached by a timing clock
Related violations: <none>

TIMING-17#260 Critical Warning
Non-clocked sequential cell  
The clock pin u_sys_monitor/u_u2r_cmd_convert/U0/inst_fifo_gen/gconvfifo.rf/grf.rf/gntv_or_sync_fifo.gl0.rd/rpntr/gc0.count_reg[0]/C is not reached by a timing clock
Related violations: <none>

TIMING-17#261 Critical Warning
Non-clocked sequential cell  
The clock pin u_sys_monitor/u_u2r_cmd_convert/U0/inst_fifo_gen/gconvfifo.rf/grf.rf/gntv_or_sync_fifo.gl0.rd/rpntr/gc0.count_reg[1]/C is not reached by a timing clock
Related violations: <none>

TIMING-17#262 Critical Warning
Non-clocked sequential cell  
The clock pin u_sys_monitor/u_u2r_cmd_convert/U0/inst_fifo_gen/gconvfifo.rf/grf.rf/gntv_or_sync_fifo.gl0.rd/rpntr/gc0.count_reg[2]/C is not reached by a timing clock
Related violations: <none>

TIMING-17#263 Critical Warning
Non-clocked sequential cell  
The clock pin u_sys_monitor/u_u2r_cmd_convert/U0/inst_fifo_gen/gconvfifo.rf/grf.rf/gntv_or_sync_fifo.gl0.rd/rpntr/gc0.count_reg[3]/C is not reached by a timing clock
Related violations: <none>

TIMING-17#264 Critical Warning
Non-clocked sequential cell  
The clock pin u_sys_monitor/u_u2r_cmd_convert/U0/inst_fifo_gen/gconvfifo.rf/grf.rf/gntv_or_sync_fifo.mem/gdm.dm_gen.dm/gpr1.dout_i_reg[0]/C is not reached by a timing clock
Related violations: <none>

TIMING-17#265 Critical Warning
Non-clocked sequential cell  
The clock pin u_sys_monitor/u_u2r_cmd_convert/U0/inst_fifo_gen/gconvfifo.rf/grf.rf/gntv_or_sync_fifo.mem/gdm.dm_gen.dm/gpr1.dout_i_reg[1]/C is not reached by a timing clock
Related violations: <none>

TIMING-17#266 Critical Warning
Non-clocked sequential cell  
The clock pin u_sys_monitor/u_u2r_cmd_convert/U0/inst_fifo_gen/gconvfifo.rf/grf.rf/gntv_or_sync_fifo.mem/gdm.dm_gen.dm/gpr1.dout_i_reg[2]/C is not reached by a timing clock
Related violations: <none>

TIMING-17#267 Critical Warning
Non-clocked sequential cell  
The clock pin u_sys_monitor/u_u2r_cmd_convert/U0/inst_fifo_gen/gconvfifo.rf/grf.rf/gntv_or_sync_fifo.mem/gdm.dm_gen.dm/gpr1.dout_i_reg[3]/C is not reached by a timing clock
Related violations: <none>

TIMING-17#268 Critical Warning
Non-clocked sequential cell  
The clock pin u_sys_monitor/u_u2r_cmd_convert/U0/inst_fifo_gen/gconvfifo.rf/grf.rf/gntv_or_sync_fifo.mem/gdm.dm_gen.dm/gpr1.dout_i_reg[4]/C is not reached by a timing clock
Related violations: <none>

TIMING-17#269 Critical Warning
Non-clocked sequential cell  
The clock pin u_sys_monitor/u_u2r_cmd_convert/U0/inst_fifo_gen/gconvfifo.rf/grf.rf/gntv_or_sync_fifo.mem/gdm.dm_gen.dm/gpr1.dout_i_reg[5]/C is not reached by a timing clock
Related violations: <none>

TIMING-17#270 Critical Warning
Non-clocked sequential cell  
The clock pin u_sys_monitor/u_u2r_cmd_convert/U0/inst_fifo_gen/gconvfifo.rf/grf.rf/gntv_or_sync_fifo.mem/gdm.dm_gen.dm/gpr1.dout_i_reg[6]/C is not reached by a timing clock
Related violations: <none>

TIMING-17#271 Critical Warning
Non-clocked sequential cell  
The clock pin u_sys_monitor/u_u2r_cmd_convert/U0/inst_fifo_gen/gconvfifo.rf/grf.rf/gntv_or_sync_fifo.mem/gdm.dm_gen.dm/gpr1.dout_i_reg[7]/C is not reached by a timing clock
Related violations: <none>

TIMING-17#272 Critical Warning
Non-clocked sequential cell  
The clock pin u_sys_monitor/u_u2r_cmd_convert/U0/inst_fifo_gen/gconvfifo.rf/grf.rf/rstblk/ngwrdrst.grst.g7serrst.gnsckt_wrst.gic_rst.rst_rd_reg2_inst/arststages_ff_reg[0]/C is not reached by a timing clock
Related violations: <none>

TIMING-17#273 Critical Warning
Non-clocked sequential cell  
The clock pin u_sys_monitor/u_u2r_cmd_convert/U0/inst_fifo_gen/gconvfifo.rf/grf.rf/rstblk/ngwrdrst.grst.g7serrst.gnsckt_wrst.gic_rst.rst_rd_reg2_inst/arststages_ff_reg[1]/C is not reached by a timing clock
Related violations: <none>

TIMING-17#274 Critical Warning
Non-clocked sequential cell  
The clock pin u_sys_monitor/u_u2r_cmd_convert/U0/inst_fifo_gen/gconvfifo.rf/grf.rf/rstblk/ngwrdrst.grst.g7serrst.gnsckt_wrst.gic_rst.sckt_rd_rst_ic_reg/C is not reached by a timing clock
Related violations: <none>

TIMING-17#275 Critical Warning
Non-clocked sequential cell  
The clock pin u_sys_monitor/u_u2r_cmd_convert/U0/inst_fifo_gen/gconvfifo.rf/grf.rf/rstblk/ngwrdrst.grst.g7serrst.gnsckt_wrst.gic_rst.wr_rst_rd_ext_reg[0]/C is not reached by a timing clock
Related violations: <none>

TIMING-17#276 Critical Warning
Non-clocked sequential cell  
The clock pin u_sys_monitor/u_u2r_cmd_convert/U0/inst_fifo_gen/gconvfifo.rf/grf.rf/rstblk/ngwrdrst.grst.g7serrst.gnsckt_wrst.gic_rst.wr_rst_rd_ext_reg[1]/C is not reached by a timing clock
Related violations: <none>

TIMING-17#277 Critical Warning
Non-clocked sequential cell  
The clock pin u_sys_monitor/u_u2r_cmd_convert/U0/inst_fifo_gen/gconvfifo.rf/grf.rf/rstblk/ngwrdrst.grst.g7serrst.gnsckt_wrst.gic_rst.xpm_cdc_single_inst_wrst_rd/syncstages_ff_reg[0]/C is not reached by a timing clock
Related violations: <none>

TIMING-17#278 Critical Warning
Non-clocked sequential cell  
The clock pin u_sys_monitor/u_u2r_cmd_convert/U0/inst_fifo_gen/gconvfifo.rf/grf.rf/rstblk/ngwrdrst.grst.g7serrst.gnsckt_wrst.gic_rst.xpm_cdc_single_inst_wrst_rd/syncstages_ff_reg[1]/C is not reached by a timing clock
Related violations: <none>

TIMING-17#279 Critical Warning
Non-clocked sequential cell  
The clock pin u_sys_monitor/u_u2r_cmd_convert/U0/inst_fifo_gen/gconvfifo.rf/grf.rf/rstblk/ngwrdrst.grst.g7serrst.gnsckt_wrst.gic_rst.xpm_cdc_single_inst_wrst_rd/syncstages_ff_reg[2]/C is not reached by a timing clock
Related violations: <none>

TIMING-17#280 Critical Warning
Non-clocked sequential cell  
The clock pin u_sys_monitor/u_u2r_cmd_convert/U0/inst_fifo_gen/gconvfifo.rf/grf.rf/rstblk/ngwrdrst.grst.g7serrst.gnsckt_wrst.gic_rst.xpm_cdc_single_inst_wrst_rd/syncstages_ff_reg[3]/C is not reached by a timing clock
Related violations: <none>

TIMING-17#281 Critical Warning
Non-clocked sequential cell  
The clock pin u_top/u_data_ram/U0/inst_blk_mem_gen/gnbram.gnativebmg.native_blk_mem_gen/valid.cstr/ramloop[0].ram.r/prim_noinit.ram/DEVICE_7SERIES.NO_BMM_INFO.SP.WIDE_PRIM18.ram/CLKARDCLK is not reached by a timing clock
Related violations: <none>

TIMING-17#282 Critical Warning
Non-clocked sequential cell  
The clock pin u_top/u_data_ram/U0/inst_blk_mem_gen/gnbram.gnativebmg.native_blk_mem_gen/valid.cstr/ramloop[0].ram.r/prim_noinit.ram/DEVICE_7SERIES.NO_BMM_INFO.SP.WIDE_PRIM18.ram/CLKBWRCLK is not reached by a timing clock
Related violations: <none>

TIMING-17#283 Critical Warning
Non-clocked sequential cell  
The clock pin u_top/u_inst_rom/U0/inst_blk_mem_gen/gnbram.gnativebmg.native_blk_mem_gen/valid.cstr/ramloop[0].ram.r/prim_init.ram/DEVICE_7SERIES.NO_BMM_INFO.SP.WIDE_PRIM18.ram/CLKARDCLK is not reached by a timing clock
Related violations: <none>

TIMING-17#284 Critical Warning
Non-clocked sequential cell  
The clock pin u_top/u_inst_rom/U0/inst_blk_mem_gen/gnbram.gnativebmg.native_blk_mem_gen/valid.cstr/ramloop[0].ram.r/prim_init.ram/DEVICE_7SERIES.NO_BMM_INFO.SP.WIDE_PRIM18.ram/CLKBWRCLK is not reached by a timing clock
Related violations: <none>

TIMING-17#285 Critical Warning
Non-clocked sequential cell  
The clock pin u_top/u_mips/u_datapath/u_pc/pc_o_reg[10]/C is not reached by a timing clock
Related violations: <none>

TIMING-17#286 Critical Warning
Non-clocked sequential cell  
The clock pin u_top/u_mips/u_datapath/u_pc/pc_o_reg[11]/C is not reached by a timing clock
Related violations: <none>

TIMING-17#287 Critical Warning
Non-clocked sequential cell  
The clock pin u_top/u_mips/u_datapath/u_pc/pc_o_reg[12]/C is not reached by a timing clock
Related violations: <none>

TIMING-17#288 Critical Warning
Non-clocked sequential cell  
The clock pin u_top/u_mips/u_datapath/u_pc/pc_o_reg[13]/C is not reached by a timing clock
Related violations: <none>

TIMING-17#289 Critical Warning
Non-clocked sequential cell  
The clock pin u_top/u_mips/u_datapath/u_pc/pc_o_reg[14]/C is not reached by a timing clock
Related violations: <none>

TIMING-17#290 Critical Warning
Non-clocked sequential cell  
The clock pin u_top/u_mips/u_datapath/u_pc/pc_o_reg[15]/C is not reached by a timing clock
Related violations: <none>

TIMING-17#291 Critical Warning
Non-clocked sequential cell  
The clock pin u_top/u_mips/u_datapath/u_pc/pc_o_reg[16]/C is not reached by a timing clock
Related violations: <none>

TIMING-17#292 Critical Warning
Non-clocked sequential cell  
The clock pin u_top/u_mips/u_datapath/u_pc/pc_o_reg[17]/C is not reached by a timing clock
Related violations: <none>

TIMING-17#293 Critical Warning
Non-clocked sequential cell  
The clock pin u_top/u_mips/u_datapath/u_pc/pc_o_reg[18]/C is not reached by a timing clock
Related violations: <none>

TIMING-17#294 Critical Warning
Non-clocked sequential cell  
The clock pin u_top/u_mips/u_datapath/u_pc/pc_o_reg[19]/C is not reached by a timing clock
Related violations: <none>

TIMING-17#295 Critical Warning
Non-clocked sequential cell  
The clock pin u_top/u_mips/u_datapath/u_pc/pc_o_reg[1]/C is not reached by a timing clock
Related violations: <none>

TIMING-17#296 Critical Warning
Non-clocked sequential cell  
The clock pin u_top/u_mips/u_datapath/u_pc/pc_o_reg[20]/C is not reached by a timing clock
Related violations: <none>

TIMING-17#297 Critical Warning
Non-clocked sequential cell  
The clock pin u_top/u_mips/u_datapath/u_pc/pc_o_reg[21]/C is not reached by a timing clock
Related violations: <none>

TIMING-17#298 Critical Warning
Non-clocked sequential cell  
The clock pin u_top/u_mips/u_datapath/u_pc/pc_o_reg[22]/C is not reached by a timing clock
Related violations: <none>

TIMING-17#299 Critical Warning
Non-clocked sequential cell  
The clock pin u_top/u_mips/u_datapath/u_pc/pc_o_reg[23]/C is not reached by a timing clock
Related violations: <none>

TIMING-17#300 Critical Warning
Non-clocked sequential cell  
The clock pin u_top/u_mips/u_datapath/u_pc/pc_o_reg[24]/C is not reached by a timing clock
Related violations: <none>

TIMING-17#301 Critical Warning
Non-clocked sequential cell  
The clock pin u_top/u_mips/u_datapath/u_pc/pc_o_reg[25]/C is not reached by a timing clock
Related violations: <none>

TIMING-17#302 Critical Warning
Non-clocked sequential cell  
The clock pin u_top/u_mips/u_datapath/u_pc/pc_o_reg[26]/C is not reached by a timing clock
Related violations: <none>

TIMING-17#303 Critical Warning
Non-clocked sequential cell  
The clock pin u_top/u_mips/u_datapath/u_pc/pc_o_reg[27]/C is not reached by a timing clock
Related violations: <none>

TIMING-17#304 Critical Warning
Non-clocked sequential cell  
The clock pin u_top/u_mips/u_datapath/u_pc/pc_o_reg[28]/C is not reached by a timing clock
Related violations: <none>

TIMING-17#305 Critical Warning
Non-clocked sequential cell  
The clock pin u_top/u_mips/u_datapath/u_pc/pc_o_reg[29]/C is not reached by a timing clock
Related violations: <none>

TIMING-17#306 Critical Warning
Non-clocked sequential cell  
The clock pin u_top/u_mips/u_datapath/u_pc/pc_o_reg[2]/C is not reached by a timing clock
Related violations: <none>

TIMING-17#307 Critical Warning
Non-clocked sequential cell  
The clock pin u_top/u_mips/u_datapath/u_pc/pc_o_reg[30]/C is not reached by a timing clock
Related violations: <none>

TIMING-17#308 Critical Warning
Non-clocked sequential cell  
The clock pin u_top/u_mips/u_datapath/u_pc/pc_o_reg[31]/C is not reached by a timing clock
Related violations: <none>

TIMING-17#309 Critical Warning
Non-clocked sequential cell  
The clock pin u_top/u_mips/u_datapath/u_pc/pc_o_reg[3]/C is not reached by a timing clock
Related violations: <none>

TIMING-17#310 Critical Warning
Non-clocked sequential cell  
The clock pin u_top/u_mips/u_datapath/u_pc/pc_o_reg[4]/C is not reached by a timing clock
Related violations: <none>

TIMING-17#311 Critical Warning
Non-clocked sequential cell  
The clock pin u_top/u_mips/u_datapath/u_pc/pc_o_reg[5]/C is not reached by a timing clock
Related violations: <none>

TIMING-17#312 Critical Warning
Non-clocked sequential cell  
The clock pin u_top/u_mips/u_datapath/u_pc/pc_o_reg[6]/C is not reached by a timing clock
Related violations: <none>

TIMING-17#313 Critical Warning
Non-clocked sequential cell  
The clock pin u_top/u_mips/u_datapath/u_pc/pc_o_reg[7]/C is not reached by a timing clock
Related violations: <none>

TIMING-17#314 Critical Warning
Non-clocked sequential cell  
The clock pin u_top/u_mips/u_datapath/u_pc/pc_o_reg[8]/C is not reached by a timing clock
Related violations: <none>

TIMING-17#315 Critical Warning
Non-clocked sequential cell  
The clock pin u_top/u_mips/u_datapath/u_pc/pc_o_reg[9]/C is not reached by a timing clock
Related violations: <none>

TIMING-17#316 Critical Warning
Non-clocked sequential cell  
The clock pin u_top/u_mips/u_datapath/u_regfile/rf_reg_r1_0_31_0_5/RAMA/CLK is not reached by a timing clock
Related violations: <none>

TIMING-17#317 Critical Warning
Non-clocked sequential cell  
The clock pin u_top/u_mips/u_datapath/u_regfile/rf_reg_r1_0_31_0_5/RAMA_D1/CLK is not reached by a timing clock
Related violations: <none>

TIMING-17#318 Critical Warning
Non-clocked sequential cell  
The clock pin u_top/u_mips/u_datapath/u_regfile/rf_reg_r1_0_31_0_5/RAMB/CLK is not reached by a timing clock
Related violations: <none>

TIMING-17#319 Critical Warning
Non-clocked sequential cell  
The clock pin u_top/u_mips/u_datapath/u_regfile/rf_reg_r1_0_31_0_5/RAMB_D1/CLK is not reached by a timing clock
Related violations: <none>

TIMING-17#320 Critical Warning
Non-clocked sequential cell  
The clock pin u_top/u_mips/u_datapath/u_regfile/rf_reg_r1_0_31_0_5/RAMC/CLK is not reached by a timing clock
Related violations: <none>

TIMING-17#321 Critical Warning
Non-clocked sequential cell  
The clock pin u_top/u_mips/u_datapath/u_regfile/rf_reg_r1_0_31_0_5/RAMC_D1/CLK is not reached by a timing clock
Related violations: <none>

TIMING-17#322 Critical Warning
Non-clocked sequential cell  
The clock pin u_top/u_mips/u_datapath/u_regfile/rf_reg_r1_0_31_0_5/RAMD/CLK is not reached by a timing clock
Related violations: <none>

TIMING-17#323 Critical Warning
Non-clocked sequential cell  
The clock pin u_top/u_mips/u_datapath/u_regfile/rf_reg_r1_0_31_0_5/RAMD_D1/CLK is not reached by a timing clock
Related violations: <none>

TIMING-17#324 Critical Warning
Non-clocked sequential cell  
The clock pin u_top/u_mips/u_datapath/u_regfile/rf_reg_r1_0_31_12_17/RAMA/CLK is not reached by a timing clock
Related violations: <none>

TIMING-17#325 Critical Warning
Non-clocked sequential cell  
The clock pin u_top/u_mips/u_datapath/u_regfile/rf_reg_r1_0_31_12_17/RAMA_D1/CLK is not reached by a timing clock
Related violations: <none>

TIMING-17#326 Critical Warning
Non-clocked sequential cell  
The clock pin u_top/u_mips/u_datapath/u_regfile/rf_reg_r1_0_31_12_17/RAMB/CLK is not reached by a timing clock
Related violations: <none>

TIMING-17#327 Critical Warning
Non-clocked sequential cell  
The clock pin u_top/u_mips/u_datapath/u_regfile/rf_reg_r1_0_31_12_17/RAMB_D1/CLK is not reached by a timing clock
Related violations: <none>

TIMING-17#328 Critical Warning
Non-clocked sequential cell  
The clock pin u_top/u_mips/u_datapath/u_regfile/rf_reg_r1_0_31_12_17/RAMC/CLK is not reached by a timing clock
Related violations: <none>

TIMING-17#329 Critical Warning
Non-clocked sequential cell  
The clock pin u_top/u_mips/u_datapath/u_regfile/rf_reg_r1_0_31_12_17/RAMC_D1/CLK is not reached by a timing clock
Related violations: <none>

TIMING-17#330 Critical Warning
Non-clocked sequential cell  
The clock pin u_top/u_mips/u_datapath/u_regfile/rf_reg_r1_0_31_12_17/RAMD/CLK is not reached by a timing clock
Related violations: <none>

TIMING-17#331 Critical Warning
Non-clocked sequential cell  
The clock pin u_top/u_mips/u_datapath/u_regfile/rf_reg_r1_0_31_12_17/RAMD_D1/CLK is not reached by a timing clock
Related violations: <none>

TIMING-17#332 Critical Warning
Non-clocked sequential cell  
The clock pin u_top/u_mips/u_datapath/u_regfile/rf_reg_r1_0_31_18_23/RAMA/CLK is not reached by a timing clock
Related violations: <none>

TIMING-17#333 Critical Warning
Non-clocked sequential cell  
The clock pin u_top/u_mips/u_datapath/u_regfile/rf_reg_r1_0_31_18_23/RAMA_D1/CLK is not reached by a timing clock
Related violations: <none>

TIMING-17#334 Critical Warning
Non-clocked sequential cell  
The clock pin u_top/u_mips/u_datapath/u_regfile/rf_reg_r1_0_31_18_23/RAMB/CLK is not reached by a timing clock
Related violations: <none>

TIMING-17#335 Critical Warning
Non-clocked sequential cell  
The clock pin u_top/u_mips/u_datapath/u_regfile/rf_reg_r1_0_31_18_23/RAMB_D1/CLK is not reached by a timing clock
Related violations: <none>

TIMING-17#336 Critical Warning
Non-clocked sequential cell  
The clock pin u_top/u_mips/u_datapath/u_regfile/rf_reg_r1_0_31_18_23/RAMC/CLK is not reached by a timing clock
Related violations: <none>

TIMING-17#337 Critical Warning
Non-clocked sequential cell  
The clock pin u_top/u_mips/u_datapath/u_regfile/rf_reg_r1_0_31_18_23/RAMC_D1/CLK is not reached by a timing clock
Related violations: <none>

TIMING-17#338 Critical Warning
Non-clocked sequential cell  
The clock pin u_top/u_mips/u_datapath/u_regfile/rf_reg_r1_0_31_18_23/RAMD/CLK is not reached by a timing clock
Related violations: <none>

TIMING-17#339 Critical Warning
Non-clocked sequential cell  
The clock pin u_top/u_mips/u_datapath/u_regfile/rf_reg_r1_0_31_18_23/RAMD_D1/CLK is not reached by a timing clock
Related violations: <none>

TIMING-17#340 Critical Warning
Non-clocked sequential cell  
The clock pin u_top/u_mips/u_datapath/u_regfile/rf_reg_r1_0_31_24_29/RAMA/CLK is not reached by a timing clock
Related violations: <none>

TIMING-17#341 Critical Warning
Non-clocked sequential cell  
The clock pin u_top/u_mips/u_datapath/u_regfile/rf_reg_r1_0_31_24_29/RAMA_D1/CLK is not reached by a timing clock
Related violations: <none>

TIMING-17#342 Critical Warning
Non-clocked sequential cell  
The clock pin u_top/u_mips/u_datapath/u_regfile/rf_reg_r1_0_31_24_29/RAMB/CLK is not reached by a timing clock
Related violations: <none>

TIMING-17#343 Critical Warning
Non-clocked sequential cell  
The clock pin u_top/u_mips/u_datapath/u_regfile/rf_reg_r1_0_31_24_29/RAMB_D1/CLK is not reached by a timing clock
Related violations: <none>

TIMING-17#344 Critical Warning
Non-clocked sequential cell  
The clock pin u_top/u_mips/u_datapath/u_regfile/rf_reg_r1_0_31_24_29/RAMC/CLK is not reached by a timing clock
Related violations: <none>

TIMING-17#345 Critical Warning
Non-clocked sequential cell  
The clock pin u_top/u_mips/u_datapath/u_regfile/rf_reg_r1_0_31_24_29/RAMC_D1/CLK is not reached by a timing clock
Related violations: <none>

TIMING-17#346 Critical Warning
Non-clocked sequential cell  
The clock pin u_top/u_mips/u_datapath/u_regfile/rf_reg_r1_0_31_24_29/RAMD/CLK is not reached by a timing clock
Related violations: <none>

TIMING-17#347 Critical Warning
Non-clocked sequential cell  
The clock pin u_top/u_mips/u_datapath/u_regfile/rf_reg_r1_0_31_24_29/RAMD_D1/CLK is not reached by a timing clock
Related violations: <none>

TIMING-17#348 Critical Warning
Non-clocked sequential cell  
The clock pin u_top/u_mips/u_datapath/u_regfile/rf_reg_r1_0_31_30_31/RAMA/CLK is not reached by a timing clock
Related violations: <none>

TIMING-17#349 Critical Warning
Non-clocked sequential cell  
The clock pin u_top/u_mips/u_datapath/u_regfile/rf_reg_r1_0_31_30_31/RAMA_D1/CLK is not reached by a timing clock
Related violations: <none>

TIMING-17#350 Critical Warning
Non-clocked sequential cell  
The clock pin u_top/u_mips/u_datapath/u_regfile/rf_reg_r1_0_31_30_31/RAMB/CLK is not reached by a timing clock
Related violations: <none>

TIMING-17#351 Critical Warning
Non-clocked sequential cell  
The clock pin u_top/u_mips/u_datapath/u_regfile/rf_reg_r1_0_31_30_31/RAMB_D1/CLK is not reached by a timing clock
Related violations: <none>

TIMING-17#352 Critical Warning
Non-clocked sequential cell  
The clock pin u_top/u_mips/u_datapath/u_regfile/rf_reg_r1_0_31_30_31/RAMC/CLK is not reached by a timing clock
Related violations: <none>

TIMING-17#353 Critical Warning
Non-clocked sequential cell  
The clock pin u_top/u_mips/u_datapath/u_regfile/rf_reg_r1_0_31_30_31/RAMC_D1/CLK is not reached by a timing clock
Related violations: <none>

TIMING-17#354 Critical Warning
Non-clocked sequential cell  
The clock pin u_top/u_mips/u_datapath/u_regfile/rf_reg_r1_0_31_30_31/RAMD/CLK is not reached by a timing clock
Related violations: <none>

TIMING-17#355 Critical Warning
Non-clocked sequential cell  
The clock pin u_top/u_mips/u_datapath/u_regfile/rf_reg_r1_0_31_30_31/RAMD_D1/CLK is not reached by a timing clock
Related violations: <none>

TIMING-17#356 Critical Warning
Non-clocked sequential cell  
The clock pin u_top/u_mips/u_datapath/u_regfile/rf_reg_r1_0_31_6_11/RAMA/CLK is not reached by a timing clock
Related violations: <none>

TIMING-17#357 Critical Warning
Non-clocked sequential cell  
The clock pin u_top/u_mips/u_datapath/u_regfile/rf_reg_r1_0_31_6_11/RAMA_D1/CLK is not reached by a timing clock
Related violations: <none>

TIMING-17#358 Critical Warning
Non-clocked sequential cell  
The clock pin u_top/u_mips/u_datapath/u_regfile/rf_reg_r1_0_31_6_11/RAMB/CLK is not reached by a timing clock
Related violations: <none>

TIMING-17#359 Critical Warning
Non-clocked sequential cell  
The clock pin u_top/u_mips/u_datapath/u_regfile/rf_reg_r1_0_31_6_11/RAMB_D1/CLK is not reached by a timing clock
Related violations: <none>

TIMING-17#360 Critical Warning
Non-clocked sequential cell  
The clock pin u_top/u_mips/u_datapath/u_regfile/rf_reg_r1_0_31_6_11/RAMC/CLK is not reached by a timing clock
Related violations: <none>

TIMING-17#361 Critical Warning
Non-clocked sequential cell  
The clock pin u_top/u_mips/u_datapath/u_regfile/rf_reg_r1_0_31_6_11/RAMC_D1/CLK is not reached by a timing clock
Related violations: <none>

TIMING-17#362 Critical Warning
Non-clocked sequential cell  
The clock pin u_top/u_mips/u_datapath/u_regfile/rf_reg_r1_0_31_6_11/RAMD/CLK is not reached by a timing clock
Related violations: <none>

TIMING-17#363 Critical Warning
Non-clocked sequential cell  
The clock pin u_top/u_mips/u_datapath/u_regfile/rf_reg_r1_0_31_6_11/RAMD_D1/CLK is not reached by a timing clock
Related violations: <none>

TIMING-17#364 Critical Warning
Non-clocked sequential cell  
The clock pin u_top/u_mips/u_datapath/u_regfile/rf_reg_r2_0_31_0_5/RAMA/CLK is not reached by a timing clock
Related violations: <none>

TIMING-17#365 Critical Warning
Non-clocked sequential cell  
The clock pin u_top/u_mips/u_datapath/u_regfile/rf_reg_r2_0_31_0_5/RAMA_D1/CLK is not reached by a timing clock
Related violations: <none>

TIMING-17#366 Critical Warning
Non-clocked sequential cell  
The clock pin u_top/u_mips/u_datapath/u_regfile/rf_reg_r2_0_31_0_5/RAMB/CLK is not reached by a timing clock
Related violations: <none>

TIMING-17#367 Critical Warning
Non-clocked sequential cell  
The clock pin u_top/u_mips/u_datapath/u_regfile/rf_reg_r2_0_31_0_5/RAMB_D1/CLK is not reached by a timing clock
Related violations: <none>

TIMING-17#368 Critical Warning
Non-clocked sequential cell  
The clock pin u_top/u_mips/u_datapath/u_regfile/rf_reg_r2_0_31_0_5/RAMC/CLK is not reached by a timing clock
Related violations: <none>

TIMING-17#369 Critical Warning
Non-clocked sequential cell  
The clock pin u_top/u_mips/u_datapath/u_regfile/rf_reg_r2_0_31_0_5/RAMC_D1/CLK is not reached by a timing clock
Related violations: <none>

TIMING-17#370 Critical Warning
Non-clocked sequential cell  
The clock pin u_top/u_mips/u_datapath/u_regfile/rf_reg_r2_0_31_0_5/RAMD/CLK is not reached by a timing clock
Related violations: <none>

TIMING-17#371 Critical Warning
Non-clocked sequential cell  
The clock pin u_top/u_mips/u_datapath/u_regfile/rf_reg_r2_0_31_0_5/RAMD_D1/CLK is not reached by a timing clock
Related violations: <none>

TIMING-17#372 Critical Warning
Non-clocked sequential cell  
The clock pin u_top/u_mips/u_datapath/u_regfile/rf_reg_r2_0_31_12_17/RAMA/CLK is not reached by a timing clock
Related violations: <none>

TIMING-17#373 Critical Warning
Non-clocked sequential cell  
The clock pin u_top/u_mips/u_datapath/u_regfile/rf_reg_r2_0_31_12_17/RAMA_D1/CLK is not reached by a timing clock
Related violations: <none>

TIMING-17#374 Critical Warning
Non-clocked sequential cell  
The clock pin u_top/u_mips/u_datapath/u_regfile/rf_reg_r2_0_31_12_17/RAMB/CLK is not reached by a timing clock
Related violations: <none>

TIMING-17#375 Critical Warning
Non-clocked sequential cell  
The clock pin u_top/u_mips/u_datapath/u_regfile/rf_reg_r2_0_31_12_17/RAMB_D1/CLK is not reached by a timing clock
Related violations: <none>

TIMING-17#376 Critical Warning
Non-clocked sequential cell  
The clock pin u_top/u_mips/u_datapath/u_regfile/rf_reg_r2_0_31_12_17/RAMC/CLK is not reached by a timing clock
Related violations: <none>

TIMING-17#377 Critical Warning
Non-clocked sequential cell  
The clock pin u_top/u_mips/u_datapath/u_regfile/rf_reg_r2_0_31_12_17/RAMC_D1/CLK is not reached by a timing clock
Related violations: <none>

TIMING-17#378 Critical Warning
Non-clocked sequential cell  
The clock pin u_top/u_mips/u_datapath/u_regfile/rf_reg_r2_0_31_12_17/RAMD/CLK is not reached by a timing clock
Related violations: <none>

TIMING-17#379 Critical Warning
Non-clocked sequential cell  
The clock pin u_top/u_mips/u_datapath/u_regfile/rf_reg_r2_0_31_12_17/RAMD_D1/CLK is not reached by a timing clock
Related violations: <none>

TIMING-17#380 Critical Warning
Non-clocked sequential cell  
The clock pin u_top/u_mips/u_datapath/u_regfile/rf_reg_r2_0_31_18_23/RAMA/CLK is not reached by a timing clock
Related violations: <none>

TIMING-17#381 Critical Warning
Non-clocked sequential cell  
The clock pin u_top/u_mips/u_datapath/u_regfile/rf_reg_r2_0_31_18_23/RAMA_D1/CLK is not reached by a timing clock
Related violations: <none>

TIMING-17#382 Critical Warning
Non-clocked sequential cell  
The clock pin u_top/u_mips/u_datapath/u_regfile/rf_reg_r2_0_31_18_23/RAMB/CLK is not reached by a timing clock
Related violations: <none>

TIMING-17#383 Critical Warning
Non-clocked sequential cell  
The clock pin u_top/u_mips/u_datapath/u_regfile/rf_reg_r2_0_31_18_23/RAMB_D1/CLK is not reached by a timing clock
Related violations: <none>

TIMING-17#384 Critical Warning
Non-clocked sequential cell  
The clock pin u_top/u_mips/u_datapath/u_regfile/rf_reg_r2_0_31_18_23/RAMC/CLK is not reached by a timing clock
Related violations: <none>

TIMING-17#385 Critical Warning
Non-clocked sequential cell  
The clock pin u_top/u_mips/u_datapath/u_regfile/rf_reg_r2_0_31_18_23/RAMC_D1/CLK is not reached by a timing clock
Related violations: <none>

TIMING-17#386 Critical Warning
Non-clocked sequential cell  
The clock pin u_top/u_mips/u_datapath/u_regfile/rf_reg_r2_0_31_18_23/RAMD/CLK is not reached by a timing clock
Related violations: <none>

TIMING-17#387 Critical Warning
Non-clocked sequential cell  
The clock pin u_top/u_mips/u_datapath/u_regfile/rf_reg_r2_0_31_18_23/RAMD_D1/CLK is not reached by a timing clock
Related violations: <none>

TIMING-17#388 Critical Warning
Non-clocked sequential cell  
The clock pin u_top/u_mips/u_datapath/u_regfile/rf_reg_r2_0_31_24_29/RAMA/CLK is not reached by a timing clock
Related violations: <none>

TIMING-17#389 Critical Warning
Non-clocked sequential cell  
The clock pin u_top/u_mips/u_datapath/u_regfile/rf_reg_r2_0_31_24_29/RAMA_D1/CLK is not reached by a timing clock
Related violations: <none>

TIMING-17#390 Critical Warning
Non-clocked sequential cell  
The clock pin u_top/u_mips/u_datapath/u_regfile/rf_reg_r2_0_31_24_29/RAMB/CLK is not reached by a timing clock
Related violations: <none>

TIMING-17#391 Critical Warning
Non-clocked sequential cell  
The clock pin u_top/u_mips/u_datapath/u_regfile/rf_reg_r2_0_31_24_29/RAMB_D1/CLK is not reached by a timing clock
Related violations: <none>

TIMING-17#392 Critical Warning
Non-clocked sequential cell  
The clock pin u_top/u_mips/u_datapath/u_regfile/rf_reg_r2_0_31_24_29/RAMC/CLK is not reached by a timing clock
Related violations: <none>

TIMING-17#393 Critical Warning
Non-clocked sequential cell  
The clock pin u_top/u_mips/u_datapath/u_regfile/rf_reg_r2_0_31_24_29/RAMC_D1/CLK is not reached by a timing clock
Related violations: <none>

TIMING-17#394 Critical Warning
Non-clocked sequential cell  
The clock pin u_top/u_mips/u_datapath/u_regfile/rf_reg_r2_0_31_24_29/RAMD/CLK is not reached by a timing clock
Related violations: <none>

TIMING-17#395 Critical Warning
Non-clocked sequential cell  
The clock pin u_top/u_mips/u_datapath/u_regfile/rf_reg_r2_0_31_24_29/RAMD_D1/CLK is not reached by a timing clock
Related violations: <none>

TIMING-17#396 Critical Warning
Non-clocked sequential cell  
The clock pin u_top/u_mips/u_datapath/u_regfile/rf_reg_r2_0_31_30_31/RAMA/CLK is not reached by a timing clock
Related violations: <none>

TIMING-17#397 Critical Warning
Non-clocked sequential cell  
The clock pin u_top/u_mips/u_datapath/u_regfile/rf_reg_r2_0_31_30_31/RAMA_D1/CLK is not reached by a timing clock
Related violations: <none>

TIMING-17#398 Critical Warning
Non-clocked sequential cell  
The clock pin u_top/u_mips/u_datapath/u_regfile/rf_reg_r2_0_31_30_31/RAMB/CLK is not reached by a timing clock
Related violations: <none>

TIMING-17#399 Critical Warning
Non-clocked sequential cell  
The clock pin u_top/u_mips/u_datapath/u_regfile/rf_reg_r2_0_31_30_31/RAMB_D1/CLK is not reached by a timing clock
Related violations: <none>

TIMING-17#400 Critical Warning
Non-clocked sequential cell  
The clock pin u_top/u_mips/u_datapath/u_regfile/rf_reg_r2_0_31_30_31/RAMC/CLK is not reached by a timing clock
Related violations: <none>

TIMING-17#401 Critical Warning
Non-clocked sequential cell  
The clock pin u_top/u_mips/u_datapath/u_regfile/rf_reg_r2_0_31_30_31/RAMC_D1/CLK is not reached by a timing clock
Related violations: <none>

TIMING-17#402 Critical Warning
Non-clocked sequential cell  
The clock pin u_top/u_mips/u_datapath/u_regfile/rf_reg_r2_0_31_30_31/RAMD/CLK is not reached by a timing clock
Related violations: <none>

TIMING-17#403 Critical Warning
Non-clocked sequential cell  
The clock pin u_top/u_mips/u_datapath/u_regfile/rf_reg_r2_0_31_30_31/RAMD_D1/CLK is not reached by a timing clock
Related violations: <none>

TIMING-17#404 Critical Warning
Non-clocked sequential cell  
The clock pin u_top/u_mips/u_datapath/u_regfile/rf_reg_r2_0_31_6_11/RAMA/CLK is not reached by a timing clock
Related violations: <none>

TIMING-17#405 Critical Warning
Non-clocked sequential cell  
The clock pin u_top/u_mips/u_datapath/u_regfile/rf_reg_r2_0_31_6_11/RAMA_D1/CLK is not reached by a timing clock
Related violations: <none>

TIMING-17#406 Critical Warning
Non-clocked sequential cell  
The clock pin u_top/u_mips/u_datapath/u_regfile/rf_reg_r2_0_31_6_11/RAMB/CLK is not reached by a timing clock
Related violations: <none>

TIMING-17#407 Critical Warning
Non-clocked sequential cell  
The clock pin u_top/u_mips/u_datapath/u_regfile/rf_reg_r2_0_31_6_11/RAMB_D1/CLK is not reached by a timing clock
Related violations: <none>

TIMING-17#408 Critical Warning
Non-clocked sequential cell  
The clock pin u_top/u_mips/u_datapath/u_regfile/rf_reg_r2_0_31_6_11/RAMC/CLK is not reached by a timing clock
Related violations: <none>

TIMING-17#409 Critical Warning
Non-clocked sequential cell  
The clock pin u_top/u_mips/u_datapath/u_regfile/rf_reg_r2_0_31_6_11/RAMC_D1/CLK is not reached by a timing clock
Related violations: <none>

TIMING-17#410 Critical Warning
Non-clocked sequential cell  
The clock pin u_top/u_mips/u_datapath/u_regfile/rf_reg_r2_0_31_6_11/RAMD/CLK is not reached by a timing clock
Related violations: <none>

TIMING-17#411 Critical Warning
Non-clocked sequential cell  
The clock pin u_top/u_mips/u_datapath/u_regfile/rf_reg_r2_0_31_6_11/RAMD_D1/CLK is not reached by a timing clock
Related violations: <none>

TIMING-17#412 Critical Warning
Non-clocked sequential cell  
The clock pin u_top/u_mips/u_datapath/u_regfile/rf_reg_r3_0_31_0_5/RAMA/CLK is not reached by a timing clock
Related violations: <none>

TIMING-17#413 Critical Warning
Non-clocked sequential cell  
The clock pin u_top/u_mips/u_datapath/u_regfile/rf_reg_r3_0_31_0_5/RAMA_D1/CLK is not reached by a timing clock
Related violations: <none>

TIMING-17#414 Critical Warning
Non-clocked sequential cell  
The clock pin u_top/u_mips/u_datapath/u_regfile/rf_reg_r3_0_31_0_5/RAMB/CLK is not reached by a timing clock
Related violations: <none>

TIMING-17#415 Critical Warning
Non-clocked sequential cell  
The clock pin u_top/u_mips/u_datapath/u_regfile/rf_reg_r3_0_31_0_5/RAMB_D1/CLK is not reached by a timing clock
Related violations: <none>

TIMING-17#416 Critical Warning
Non-clocked sequential cell  
The clock pin u_top/u_mips/u_datapath/u_regfile/rf_reg_r3_0_31_0_5/RAMC/CLK is not reached by a timing clock
Related violations: <none>

TIMING-17#417 Critical Warning
Non-clocked sequential cell  
The clock pin u_top/u_mips/u_datapath/u_regfile/rf_reg_r3_0_31_0_5/RAMC_D1/CLK is not reached by a timing clock
Related violations: <none>

TIMING-17#418 Critical Warning
Non-clocked sequential cell  
The clock pin u_top/u_mips/u_datapath/u_regfile/rf_reg_r3_0_31_0_5/RAMD/CLK is not reached by a timing clock
Related violations: <none>

TIMING-17#419 Critical Warning
Non-clocked sequential cell  
The clock pin u_top/u_mips/u_datapath/u_regfile/rf_reg_r3_0_31_0_5/RAMD_D1/CLK is not reached by a timing clock
Related violations: <none>

TIMING-17#420 Critical Warning
Non-clocked sequential cell  
The clock pin u_top/u_mips/u_datapath/u_regfile/rf_reg_r3_0_31_12_17/RAMA/CLK is not reached by a timing clock
Related violations: <none>

TIMING-17#421 Critical Warning
Non-clocked sequential cell  
The clock pin u_top/u_mips/u_datapath/u_regfile/rf_reg_r3_0_31_12_17/RAMA_D1/CLK is not reached by a timing clock
Related violations: <none>

TIMING-17#422 Critical Warning
Non-clocked sequential cell  
The clock pin u_top/u_mips/u_datapath/u_regfile/rf_reg_r3_0_31_12_17/RAMB/CLK is not reached by a timing clock
Related violations: <none>

TIMING-17#423 Critical Warning
Non-clocked sequential cell  
The clock pin u_top/u_mips/u_datapath/u_regfile/rf_reg_r3_0_31_12_17/RAMB_D1/CLK is not reached by a timing clock
Related violations: <none>

TIMING-17#424 Critical Warning
Non-clocked sequential cell  
The clock pin u_top/u_mips/u_datapath/u_regfile/rf_reg_r3_0_31_12_17/RAMC/CLK is not reached by a timing clock
Related violations: <none>

TIMING-17#425 Critical Warning
Non-clocked sequential cell  
The clock pin u_top/u_mips/u_datapath/u_regfile/rf_reg_r3_0_31_12_17/RAMC_D1/CLK is not reached by a timing clock
Related violations: <none>

TIMING-17#426 Critical Warning
Non-clocked sequential cell  
The clock pin u_top/u_mips/u_datapath/u_regfile/rf_reg_r3_0_31_12_17/RAMD/CLK is not reached by a timing clock
Related violations: <none>

TIMING-17#427 Critical Warning
Non-clocked sequential cell  
The clock pin u_top/u_mips/u_datapath/u_regfile/rf_reg_r3_0_31_12_17/RAMD_D1/CLK is not reached by a timing clock
Related violations: <none>

TIMING-17#428 Critical Warning
Non-clocked sequential cell  
The clock pin u_top/u_mips/u_datapath/u_regfile/rf_reg_r3_0_31_18_23/RAMA/CLK is not reached by a timing clock
Related violations: <none>

TIMING-17#429 Critical Warning
Non-clocked sequential cell  
The clock pin u_top/u_mips/u_datapath/u_regfile/rf_reg_r3_0_31_18_23/RAMA_D1/CLK is not reached by a timing clock
Related violations: <none>

TIMING-17#430 Critical Warning
Non-clocked sequential cell  
The clock pin u_top/u_mips/u_datapath/u_regfile/rf_reg_r3_0_31_18_23/RAMB/CLK is not reached by a timing clock
Related violations: <none>

TIMING-17#431 Critical Warning
Non-clocked sequential cell  
The clock pin u_top/u_mips/u_datapath/u_regfile/rf_reg_r3_0_31_18_23/RAMB_D1/CLK is not reached by a timing clock
Related violations: <none>

TIMING-17#432 Critical Warning
Non-clocked sequential cell  
The clock pin u_top/u_mips/u_datapath/u_regfile/rf_reg_r3_0_31_18_23/RAMC/CLK is not reached by a timing clock
Related violations: <none>

TIMING-17#433 Critical Warning
Non-clocked sequential cell  
The clock pin u_top/u_mips/u_datapath/u_regfile/rf_reg_r3_0_31_18_23/RAMC_D1/CLK is not reached by a timing clock
Related violations: <none>

TIMING-17#434 Critical Warning
Non-clocked sequential cell  
The clock pin u_top/u_mips/u_datapath/u_regfile/rf_reg_r3_0_31_18_23/RAMD/CLK is not reached by a timing clock
Related violations: <none>

TIMING-17#435 Critical Warning
Non-clocked sequential cell  
The clock pin u_top/u_mips/u_datapath/u_regfile/rf_reg_r3_0_31_18_23/RAMD_D1/CLK is not reached by a timing clock
Related violations: <none>

TIMING-17#436 Critical Warning
Non-clocked sequential cell  
The clock pin u_top/u_mips/u_datapath/u_regfile/rf_reg_r3_0_31_24_29/RAMA/CLK is not reached by a timing clock
Related violations: <none>

TIMING-17#437 Critical Warning
Non-clocked sequential cell  
The clock pin u_top/u_mips/u_datapath/u_regfile/rf_reg_r3_0_31_24_29/RAMA_D1/CLK is not reached by a timing clock
Related violations: <none>

TIMING-17#438 Critical Warning
Non-clocked sequential cell  
The clock pin u_top/u_mips/u_datapath/u_regfile/rf_reg_r3_0_31_24_29/RAMB/CLK is not reached by a timing clock
Related violations: <none>

TIMING-17#439 Critical Warning
Non-clocked sequential cell  
The clock pin u_top/u_mips/u_datapath/u_regfile/rf_reg_r3_0_31_24_29/RAMB_D1/CLK is not reached by a timing clock
Related violations: <none>

TIMING-17#440 Critical Warning
Non-clocked sequential cell  
The clock pin u_top/u_mips/u_datapath/u_regfile/rf_reg_r3_0_31_24_29/RAMC/CLK is not reached by a timing clock
Related violations: <none>

TIMING-17#441 Critical Warning
Non-clocked sequential cell  
The clock pin u_top/u_mips/u_datapath/u_regfile/rf_reg_r3_0_31_24_29/RAMC_D1/CLK is not reached by a timing clock
Related violations: <none>

TIMING-17#442 Critical Warning
Non-clocked sequential cell  
The clock pin u_top/u_mips/u_datapath/u_regfile/rf_reg_r3_0_31_24_29/RAMD/CLK is not reached by a timing clock
Related violations: <none>

TIMING-17#443 Critical Warning
Non-clocked sequential cell  
The clock pin u_top/u_mips/u_datapath/u_regfile/rf_reg_r3_0_31_24_29/RAMD_D1/CLK is not reached by a timing clock
Related violations: <none>

TIMING-17#444 Critical Warning
Non-clocked sequential cell  
The clock pin u_top/u_mips/u_datapath/u_regfile/rf_reg_r3_0_31_30_31/RAMA/CLK is not reached by a timing clock
Related violations: <none>

TIMING-17#445 Critical Warning
Non-clocked sequential cell  
The clock pin u_top/u_mips/u_datapath/u_regfile/rf_reg_r3_0_31_30_31/RAMA_D1/CLK is not reached by a timing clock
Related violations: <none>

TIMING-17#446 Critical Warning
Non-clocked sequential cell  
The clock pin u_top/u_mips/u_datapath/u_regfile/rf_reg_r3_0_31_30_31/RAMB/CLK is not reached by a timing clock
Related violations: <none>

TIMING-17#447 Critical Warning
Non-clocked sequential cell  
The clock pin u_top/u_mips/u_datapath/u_regfile/rf_reg_r3_0_31_30_31/RAMB_D1/CLK is not reached by a timing clock
Related violations: <none>

TIMING-17#448 Critical Warning
Non-clocked sequential cell  
The clock pin u_top/u_mips/u_datapath/u_regfile/rf_reg_r3_0_31_30_31/RAMC/CLK is not reached by a timing clock
Related violations: <none>

TIMING-17#449 Critical Warning
Non-clocked sequential cell  
The clock pin u_top/u_mips/u_datapath/u_regfile/rf_reg_r3_0_31_30_31/RAMC_D1/CLK is not reached by a timing clock
Related violations: <none>

TIMING-17#450 Critical Warning
Non-clocked sequential cell  
The clock pin u_top/u_mips/u_datapath/u_regfile/rf_reg_r3_0_31_30_31/RAMD/CLK is not reached by a timing clock
Related violations: <none>

TIMING-17#451 Critical Warning
Non-clocked sequential cell  
The clock pin u_top/u_mips/u_datapath/u_regfile/rf_reg_r3_0_31_30_31/RAMD_D1/CLK is not reached by a timing clock
Related violations: <none>

TIMING-17#452 Critical Warning
Non-clocked sequential cell  
The clock pin u_top/u_mips/u_datapath/u_regfile/rf_reg_r3_0_31_6_11/RAMA/CLK is not reached by a timing clock
Related violations: <none>

TIMING-17#453 Critical Warning
Non-clocked sequential cell  
The clock pin u_top/u_mips/u_datapath/u_regfile/rf_reg_r3_0_31_6_11/RAMA_D1/CLK is not reached by a timing clock
Related violations: <none>

TIMING-17#454 Critical Warning
Non-clocked sequential cell  
The clock pin u_top/u_mips/u_datapath/u_regfile/rf_reg_r3_0_31_6_11/RAMB/CLK is not reached by a timing clock
Related violations: <none>

TIMING-17#455 Critical Warning
Non-clocked sequential cell  
The clock pin u_top/u_mips/u_datapath/u_regfile/rf_reg_r3_0_31_6_11/RAMB_D1/CLK is not reached by a timing clock
Related violations: <none>

TIMING-17#456 Critical Warning
Non-clocked sequential cell  
The clock pin u_top/u_mips/u_datapath/u_regfile/rf_reg_r3_0_31_6_11/RAMC/CLK is not reached by a timing clock
Related violations: <none>

TIMING-17#457 Critical Warning
Non-clocked sequential cell  
The clock pin u_top/u_mips/u_datapath/u_regfile/rf_reg_r3_0_31_6_11/RAMC_D1/CLK is not reached by a timing clock
Related violations: <none>

TIMING-17#458 Critical Warning
Non-clocked sequential cell  
The clock pin u_top/u_mips/u_datapath/u_regfile/rf_reg_r3_0_31_6_11/RAMD/CLK is not reached by a timing clock
Related violations: <none>

TIMING-17#459 Critical Warning
Non-clocked sequential cell  
The clock pin u_top/u_mips/u_datapath/u_regfile/rf_reg_r3_0_31_6_11/RAMD_D1/CLK is not reached by a timing clock
Related violations: <none>

LUTAR-1#1 Warning
LUT drives async reset alert  
LUT cell u_sys_monitor/u_debug_core/pc_o[31]_i_3, with 2 or more inputs, drives asynchronous preset/clear pin(s) u_top/u_mips/u_datapath/u_pc/pc_o_reg[10]/CLR,
u_top/u_mips/u_datapath/u_pc/pc_o_reg[11]/CLR,
u_top/u_mips/u_datapath/u_pc/pc_o_reg[12]/CLR,
u_top/u_mips/u_datapath/u_pc/pc_o_reg[13]/CLR,
u_top/u_mips/u_datapath/u_pc/pc_o_reg[14]/CLR,
u_top/u_mips/u_datapath/u_pc/pc_o_reg[15]/CLR,
u_top/u_mips/u_datapath/u_pc/pc_o_reg[16]/CLR,
u_top/u_mips/u_datapath/u_pc/pc_o_reg[17]/CLR,
u_top/u_mips/u_datapath/u_pc/pc_o_reg[18]/CLR,
u_top/u_mips/u_datapath/u_pc/pc_o_reg[19]/CLR,
u_top/u_mips/u_datapath/u_pc/pc_o_reg[1]/CLR,
u_top/u_mips/u_datapath/u_pc/pc_o_reg[20]/CLR,
u_top/u_mips/u_datapath/u_pc/pc_o_reg[21]/CLR,
u_top/u_mips/u_datapath/u_pc/pc_o_reg[22]/CLR,
u_top/u_mips/u_datapath/u_pc/pc_o_reg[23]/CLR (the first 15 of 31 listed). The LUT may glitch and trigger an unexpected reset, even if it is a properly timed path.
Related violations: <none>

TIMING-18#1 Warning
Missing input or output delay  
An input delay is missing on rst_n relative to clock(s) clk_i
Related violations: <none>

TIMING-18#2 Warning
Missing input or output delay  
An input delay is missing on rx_i relative to clock(s) clk_i
Related violations: <none>

TIMING-18#3 Warning
Missing input or output delay  
An output delay is missing on tx_o relative to clock(s) clk_i
Related violations: <none>

TIMING-20#1 Warning
Non-clocked latch  
The latch u_top/u_mips/u_datapath/next_pc_reg[10] cannot be properly analyzed as its control pin u_top/u_mips/u_datapath/next_pc_reg[10]/G is not reached by a timing clock
Related violations: <none>

TIMING-20#2 Warning
Non-clocked latch  
The latch u_top/u_mips/u_datapath/next_pc_reg[11] cannot be properly analyzed as its control pin u_top/u_mips/u_datapath/next_pc_reg[11]/G is not reached by a timing clock
Related violations: <none>

TIMING-20#3 Warning
Non-clocked latch  
The latch u_top/u_mips/u_datapath/next_pc_reg[12] cannot be properly analyzed as its control pin u_top/u_mips/u_datapath/next_pc_reg[12]/G is not reached by a timing clock
Related violations: <none>

TIMING-20#4 Warning
Non-clocked latch  
The latch u_top/u_mips/u_datapath/next_pc_reg[13] cannot be properly analyzed as its control pin u_top/u_mips/u_datapath/next_pc_reg[13]/G is not reached by a timing clock
Related violations: <none>

TIMING-20#5 Warning
Non-clocked latch  
The latch u_top/u_mips/u_datapath/next_pc_reg[14] cannot be properly analyzed as its control pin u_top/u_mips/u_datapath/next_pc_reg[14]/G is not reached by a timing clock
Related violations: <none>

TIMING-20#6 Warning
Non-clocked latch  
The latch u_top/u_mips/u_datapath/next_pc_reg[15] cannot be properly analyzed as its control pin u_top/u_mips/u_datapath/next_pc_reg[15]/G is not reached by a timing clock
Related violations: <none>

TIMING-20#7 Warning
Non-clocked latch  
The latch u_top/u_mips/u_datapath/next_pc_reg[16] cannot be properly analyzed as its control pin u_top/u_mips/u_datapath/next_pc_reg[16]/G is not reached by a timing clock
Related violations: <none>

TIMING-20#8 Warning
Non-clocked latch  
The latch u_top/u_mips/u_datapath/next_pc_reg[17] cannot be properly analyzed as its control pin u_top/u_mips/u_datapath/next_pc_reg[17]/G is not reached by a timing clock
Related violations: <none>

TIMING-20#9 Warning
Non-clocked latch  
The latch u_top/u_mips/u_datapath/next_pc_reg[18] cannot be properly analyzed as its control pin u_top/u_mips/u_datapath/next_pc_reg[18]/G is not reached by a timing clock
Related violations: <none>

TIMING-20#10 Warning
Non-clocked latch  
The latch u_top/u_mips/u_datapath/next_pc_reg[19] cannot be properly analyzed as its control pin u_top/u_mips/u_datapath/next_pc_reg[19]/G is not reached by a timing clock
Related violations: <none>

TIMING-20#11 Warning
Non-clocked latch  
The latch u_top/u_mips/u_datapath/next_pc_reg[1] cannot be properly analyzed as its control pin u_top/u_mips/u_datapath/next_pc_reg[1]/G is not reached by a timing clock
Related violations: <none>

TIMING-20#12 Warning
Non-clocked latch  
The latch u_top/u_mips/u_datapath/next_pc_reg[20] cannot be properly analyzed as its control pin u_top/u_mips/u_datapath/next_pc_reg[20]/G is not reached by a timing clock
Related violations: <none>

TIMING-20#13 Warning
Non-clocked latch  
The latch u_top/u_mips/u_datapath/next_pc_reg[21] cannot be properly analyzed as its control pin u_top/u_mips/u_datapath/next_pc_reg[21]/G is not reached by a timing clock
Related violations: <none>

TIMING-20#14 Warning
Non-clocked latch  
The latch u_top/u_mips/u_datapath/next_pc_reg[22] cannot be properly analyzed as its control pin u_top/u_mips/u_datapath/next_pc_reg[22]/G is not reached by a timing clock
Related violations: <none>

TIMING-20#15 Warning
Non-clocked latch  
The latch u_top/u_mips/u_datapath/next_pc_reg[23] cannot be properly analyzed as its control pin u_top/u_mips/u_datapath/next_pc_reg[23]/G is not reached by a timing clock
Related violations: <none>

TIMING-20#16 Warning
Non-clocked latch  
The latch u_top/u_mips/u_datapath/next_pc_reg[24] cannot be properly analyzed as its control pin u_top/u_mips/u_datapath/next_pc_reg[24]/G is not reached by a timing clock
Related violations: <none>

TIMING-20#17 Warning
Non-clocked latch  
The latch u_top/u_mips/u_datapath/next_pc_reg[25] cannot be properly analyzed as its control pin u_top/u_mips/u_datapath/next_pc_reg[25]/G is not reached by a timing clock
Related violations: <none>

TIMING-20#18 Warning
Non-clocked latch  
The latch u_top/u_mips/u_datapath/next_pc_reg[26] cannot be properly analyzed as its control pin u_top/u_mips/u_datapath/next_pc_reg[26]/G is not reached by a timing clock
Related violations: <none>

TIMING-20#19 Warning
Non-clocked latch  
The latch u_top/u_mips/u_datapath/next_pc_reg[27] cannot be properly analyzed as its control pin u_top/u_mips/u_datapath/next_pc_reg[27]/G is not reached by a timing clock
Related violations: <none>

TIMING-20#20 Warning
Non-clocked latch  
The latch u_top/u_mips/u_datapath/next_pc_reg[28] cannot be properly analyzed as its control pin u_top/u_mips/u_datapath/next_pc_reg[28]/G is not reached by a timing clock
Related violations: <none>

TIMING-20#21 Warning
Non-clocked latch  
The latch u_top/u_mips/u_datapath/next_pc_reg[29] cannot be properly analyzed as its control pin u_top/u_mips/u_datapath/next_pc_reg[29]/G is not reached by a timing clock
Related violations: <none>

TIMING-20#22 Warning
Non-clocked latch  
The latch u_top/u_mips/u_datapath/next_pc_reg[2] cannot be properly analyzed as its control pin u_top/u_mips/u_datapath/next_pc_reg[2]/G is not reached by a timing clock
Related violations: <none>

TIMING-20#23 Warning
Non-clocked latch  
The latch u_top/u_mips/u_datapath/next_pc_reg[30] cannot be properly analyzed as its control pin u_top/u_mips/u_datapath/next_pc_reg[30]/G is not reached by a timing clock
Related violations: <none>

TIMING-20#24 Warning
Non-clocked latch  
The latch u_top/u_mips/u_datapath/next_pc_reg[31] cannot be properly analyzed as its control pin u_top/u_mips/u_datapath/next_pc_reg[31]/G is not reached by a timing clock
Related violations: <none>

TIMING-20#25 Warning
Non-clocked latch  
The latch u_top/u_mips/u_datapath/next_pc_reg[3] cannot be properly analyzed as its control pin u_top/u_mips/u_datapath/next_pc_reg[3]/G is not reached by a timing clock
Related violations: <none>

TIMING-20#26 Warning
Non-clocked latch  
The latch u_top/u_mips/u_datapath/next_pc_reg[4] cannot be properly analyzed as its control pin u_top/u_mips/u_datapath/next_pc_reg[4]/G is not reached by a timing clock
Related violations: <none>

TIMING-20#27 Warning
Non-clocked latch  
The latch u_top/u_mips/u_datapath/next_pc_reg[5] cannot be properly analyzed as its control pin u_top/u_mips/u_datapath/next_pc_reg[5]/G is not reached by a timing clock
Related violations: <none>

TIMING-20#28 Warning
Non-clocked latch  
The latch u_top/u_mips/u_datapath/next_pc_reg[6] cannot be properly analyzed as its control pin u_top/u_mips/u_datapath/next_pc_reg[6]/G is not reached by a timing clock
Related violations: <none>

TIMING-20#29 Warning
Non-clocked latch  
The latch u_top/u_mips/u_datapath/next_pc_reg[7] cannot be properly analyzed as its control pin u_top/u_mips/u_datapath/next_pc_reg[7]/G is not reached by a timing clock
Related violations: <none>

TIMING-20#30 Warning
Non-clocked latch  
The latch u_top/u_mips/u_datapath/next_pc_reg[8] cannot be properly analyzed as its control pin u_top/u_mips/u_datapath/next_pc_reg[8]/G is not reached by a timing clock
Related violations: <none>

TIMING-20#31 Warning
Non-clocked latch  
The latch u_top/u_mips/u_datapath/next_pc_reg[9] cannot be properly analyzed as its control pin u_top/u_mips/u_datapath/next_pc_reg[9]/G is not reached by a timing clock
Related violations: <none>

TIMING-20#32 Warning
Non-clocked latch  
The latch u_top/u_mips/u_datapath/signext_i_reg[0] cannot be properly analyzed as its control pin u_top/u_mips/u_datapath/signext_i_reg[0]/G is not reached by a timing clock
Related violations: <none>

TIMING-20#33 Warning
Non-clocked latch  
The latch u_top/u_mips/u_datapath/signext_i_reg[10] cannot be properly analyzed as its control pin u_top/u_mips/u_datapath/signext_i_reg[10]/G is not reached by a timing clock
Related violations: <none>

TIMING-20#34 Warning
Non-clocked latch  
The latch u_top/u_mips/u_datapath/signext_i_reg[11] cannot be properly analyzed as its control pin u_top/u_mips/u_datapath/signext_i_reg[11]/G is not reached by a timing clock
Related violations: <none>

TIMING-20#35 Warning
Non-clocked latch  
The latch u_top/u_mips/u_datapath/signext_i_reg[12] cannot be properly analyzed as its control pin u_top/u_mips/u_datapath/signext_i_reg[12]/G is not reached by a timing clock
Related violations: <none>

TIMING-20#36 Warning
Non-clocked latch  
The latch u_top/u_mips/u_datapath/signext_i_reg[13] cannot be properly analyzed as its control pin u_top/u_mips/u_datapath/signext_i_reg[13]/G is not reached by a timing clock
Related violations: <none>

TIMING-20#37 Warning
Non-clocked latch  
The latch u_top/u_mips/u_datapath/signext_i_reg[14] cannot be properly analyzed as its control pin u_top/u_mips/u_datapath/signext_i_reg[14]/G is not reached by a timing clock
Related violations: <none>

TIMING-20#38 Warning
Non-clocked latch  
The latch u_top/u_mips/u_datapath/signext_i_reg[15] cannot be properly analyzed as its control pin u_top/u_mips/u_datapath/signext_i_reg[15]/G is not reached by a timing clock
Related violations: <none>

TIMING-20#39 Warning
Non-clocked latch  
The latch u_top/u_mips/u_datapath/signext_i_reg[1] cannot be properly analyzed as its control pin u_top/u_mips/u_datapath/signext_i_reg[1]/G is not reached by a timing clock
Related violations: <none>

TIMING-20#40 Warning
Non-clocked latch  
The latch u_top/u_mips/u_datapath/signext_i_reg[2] cannot be properly analyzed as its control pin u_top/u_mips/u_datapath/signext_i_reg[2]/G is not reached by a timing clock
Related violations: <none>

TIMING-20#41 Warning
Non-clocked latch  
The latch u_top/u_mips/u_datapath/signext_i_reg[3] cannot be properly analyzed as its control pin u_top/u_mips/u_datapath/signext_i_reg[3]/G is not reached by a timing clock
Related violations: <none>

TIMING-20#42 Warning
Non-clocked latch  
The latch u_top/u_mips/u_datapath/signext_i_reg[4] cannot be properly analyzed as its control pin u_top/u_mips/u_datapath/signext_i_reg[4]/G is not reached by a timing clock
Related violations: <none>

TIMING-20#43 Warning
Non-clocked latch  
The latch u_top/u_mips/u_datapath/signext_i_reg[5] cannot be properly analyzed as its control pin u_top/u_mips/u_datapath/signext_i_reg[5]/G is not reached by a timing clock
Related violations: <none>

TIMING-20#44 Warning
Non-clocked latch  
The latch u_top/u_mips/u_datapath/signext_i_reg[6] cannot be properly analyzed as its control pin u_top/u_mips/u_datapath/signext_i_reg[6]/G is not reached by a timing clock
Related violations: <none>

TIMING-20#45 Warning
Non-clocked latch  
The latch u_top/u_mips/u_datapath/signext_i_reg[7] cannot be properly analyzed as its control pin u_top/u_mips/u_datapath/signext_i_reg[7]/G is not reached by a timing clock
Related violations: <none>

TIMING-20#46 Warning
Non-clocked latch  
The latch u_top/u_mips/u_datapath/signext_i_reg[8] cannot be properly analyzed as its control pin u_top/u_mips/u_datapath/signext_i_reg[8]/G is not reached by a timing clock
Related violations: <none>

TIMING-20#47 Warning
Non-clocked latch  
The latch u_top/u_mips/u_datapath/signext_i_reg[9] cannot be properly analyzed as its control pin u_top/u_mips/u_datapath/signext_i_reg[9]/G is not reached by a timing clock
Related violations: <none>

TIMING-20#48 Warning
Non-clocked latch  
The latch u_top/u_mips/u_datapath/sl2_i_reg[0] cannot be properly analyzed as its control pin u_top/u_mips/u_datapath/sl2_i_reg[0]/G is not reached by a timing clock
Related violations: <none>

TIMING-20#49 Warning
Non-clocked latch  
The latch u_top/u_mips/u_datapath/sl2_i_reg[10] cannot be properly analyzed as its control pin u_top/u_mips/u_datapath/sl2_i_reg[10]/G is not reached by a timing clock
Related violations: <none>

TIMING-20#50 Warning
Non-clocked latch  
The latch u_top/u_mips/u_datapath/sl2_i_reg[11] cannot be properly analyzed as its control pin u_top/u_mips/u_datapath/sl2_i_reg[11]/G is not reached by a timing clock
Related violations: <none>

TIMING-20#51 Warning
Non-clocked latch  
The latch u_top/u_mips/u_datapath/sl2_i_reg[12] cannot be properly analyzed as its control pin u_top/u_mips/u_datapath/sl2_i_reg[12]/G is not reached by a timing clock
Related violations: <none>

TIMING-20#52 Warning
Non-clocked latch  
The latch u_top/u_mips/u_datapath/sl2_i_reg[13] cannot be properly analyzed as its control pin u_top/u_mips/u_datapath/sl2_i_reg[13]/G is not reached by a timing clock
Related violations: <none>

TIMING-20#53 Warning
Non-clocked latch  
The latch u_top/u_mips/u_datapath/sl2_i_reg[14] cannot be properly analyzed as its control pin u_top/u_mips/u_datapath/sl2_i_reg[14]/G is not reached by a timing clock
Related violations: <none>

TIMING-20#54 Warning
Non-clocked latch  
The latch u_top/u_mips/u_datapath/sl2_i_reg[1] cannot be properly analyzed as its control pin u_top/u_mips/u_datapath/sl2_i_reg[1]/G is not reached by a timing clock
Related violations: <none>

TIMING-20#55 Warning
Non-clocked latch  
The latch u_top/u_mips/u_datapath/sl2_i_reg[29] cannot be properly analyzed as its control pin u_top/u_mips/u_datapath/sl2_i_reg[29]/G is not reached by a timing clock
Related violations: <none>

TIMING-20#56 Warning
Non-clocked latch  
The latch u_top/u_mips/u_datapath/sl2_i_reg[2] cannot be properly analyzed as its control pin u_top/u_mips/u_datapath/sl2_i_reg[2]/G is not reached by a timing clock
Related violations: <none>

TIMING-20#57 Warning
Non-clocked latch  
The latch u_top/u_mips/u_datapath/sl2_i_reg[3] cannot be properly analyzed as its control pin u_top/u_mips/u_datapath/sl2_i_reg[3]/G is not reached by a timing clock
Related violations: <none>

TIMING-20#58 Warning
Non-clocked latch  
The latch u_top/u_mips/u_datapath/sl2_i_reg[4] cannot be properly analyzed as its control pin u_top/u_mips/u_datapath/sl2_i_reg[4]/G is not reached by a timing clock
Related violations: <none>

TIMING-20#59 Warning
Non-clocked latch  
The latch u_top/u_mips/u_datapath/sl2_i_reg[5] cannot be properly analyzed as its control pin u_top/u_mips/u_datapath/sl2_i_reg[5]/G is not reached by a timing clock
Related violations: <none>

TIMING-20#60 Warning
Non-clocked latch  
The latch u_top/u_mips/u_datapath/sl2_i_reg[6] cannot be properly analyzed as its control pin u_top/u_mips/u_datapath/sl2_i_reg[6]/G is not reached by a timing clock
Related violations: <none>

TIMING-20#61 Warning
Non-clocked latch  
The latch u_top/u_mips/u_datapath/sl2_i_reg[7] cannot be properly analyzed as its control pin u_top/u_mips/u_datapath/sl2_i_reg[7]/G is not reached by a timing clock
Related violations: <none>

TIMING-20#62 Warning
Non-clocked latch  
The latch u_top/u_mips/u_datapath/sl2_i_reg[8] cannot be properly analyzed as its control pin u_top/u_mips/u_datapath/sl2_i_reg[8]/G is not reached by a timing clock
Related violations: <none>

TIMING-20#63 Warning
Non-clocked latch  
The latch u_top/u_mips/u_datapath/sl2_i_reg[9] cannot be properly analyzed as its control pin u_top/u_mips/u_datapath/sl2_i_reg[9]/G is not reached by a timing clock
Related violations: <none>


